User_ID,Name,Age,Gender,Country,Subscription_Plan,Favorite_Genre,Device,Viewing_Hours_Per_Week
1001,Rohan,41,Male,,Premium,Drama,Mobile,11
1002,Siya,55,Female,Canada,Basic,Romance,Mobile,38
1003,Neha,45,Female,USA,Basic,Romance,Laptop,16
1004,Arjun,38,Female,Australia,Premium,Action,Mobile,19
1005,Rohan,35,Female,Australia,Premium,Romance,Tablet,43
1006,Isha,53,Male,Canada,Premium,Romance,TV,15
1007,Ananya,52,Male,UK,Standard,Romance,TV,26
1008,Rohan,26,Male,Canada,Basic,Comedy,Mobile,41
1009,Neha,55,Female,Australia,Basic,Action,Tablet,31
1010,Arjun,47,Female,India,Basic,Drama,Tablet,19
1011,Siya,51,Male,India,Premium,Romance,Tablet,24
1012,Neha,49,Female,USA,Premium,Sci-Fi,TV,9
1013,Neha,20,Female,USA,Premium,Comedy,Tablet,23
1014,Ananya,20,Male,India,Premium,Romance,Tablet,4
1015,Priya,45,Male,Australia,Premium,Comedy,Mobile,10
1016,Arjun,32,Female,USA,Standard,Action,Laptop,9
1017,Vihaan,58,Female,Canada,Premium,Sci-Fi,Tablet,19
1018,Neha,40,Female,Canada,Basic,Sci-Fi,Mobile,15
1019,Priya,57,Male,Australia,Premium,Sci-Fi,Mobile,34
1020,Vihaan,28,Male,USA,Basic,Romance,Tablet,42
1021,Arjun,49,Male,Canada,Premium,Comedy,Laptop,19
1022,Aarav,53,Male,USA,Premium,Sci-Fi,TV,49
1023,Isha,50,Male,USA,Basic,Thriller,Laptop,21
1024,Priya,41,Female,Canada,Basic,Thriller,Tablet,34
1025,Kabir,56,Female,India,Basic,Comedy,Laptop,17
1026,Aarav,51,Female,Canada,Basic,Romance,Mobile,18
1027,Isha,45,Male,Australia,Standard,Romance,Mobile,17
1028,Ananya,54,Male,UK,Basic,Action,Laptop,2
1029,Rohan,24,Male,Canada,Premium,Action,TV,1
1030,Siya,21,Female,USA,Premium,Sci-Fi,Laptop,43
1031,Kabir,54,Male,USA,Standard,Drama,Tablet,10
1032,Ananya,18,Male,Canada,Basic,Action,TV,37
1033,Arjun,18,Female,UK,Premium,Romance,Laptop,48
1034,Ananya,37,Male,Canada,Standard,Drama,Laptop,5
1035,Rohan,36,Female,UK,Premium,Action,TV,12
1036,Arjun,46,Male,UK,Standard,Comedy,Laptop,36
1037,Kabir,27,Male,Australia,Standard,Thriller,Tablet,31
1038,Rohan,35,Female,USA,Basic,Action,Mobile,38
1039,Vihaan,45,Female,USA,Standard,Action,Tablet,9
1040,Siya,52,Female,UK,Premium,Comedy,Laptop,44
1041,Kabir,48,Female,USA,Premium,Romance,Mobile,26
1042,Vihaan,44,Female,India,Basic,Sci-Fi,TV,15
1043,Isha,28,Female,UK,Basic,Comedy,Tablet,16
1044,Kabir,55,Male,USA,Standard,Sci-Fi,TV,13
1045,Isha,22,Male,India,Basic,Action,Mobile,25
1046,Arjun,25,Female,Australia,Premium,Romance,Laptop,30
1047,Vihaan,51,Male,USA,Premium,Drama,Mobile,7
1048,Siya,29,Female,India,Basic,Action,Mobile,4
1049,Rohan,55,Male,Canada,Basic,Comedy,TV,43
1050,Neha,18,Female,Canada,Basic,Drama,Tablet,40
1051,Ananya,48,Male,India,Standard,Thriller,Mobile,38
1052,Aarav,21,Male,UK,Standard,Drama,Laptop,30
1053,Siya,22,Male,UK,Premium,Comedy,Mobile,10
1054,Vihaan,47,Male,USA,Standard,Drama,TV,30
1055,Neha,41,Male,Canada,Standard,Comedy,Tablet,39
1056,Siya,20,Female,UK,Standard,Action,Laptop,7
1057,Vihaan,28,Female,UK,Standard,Romance,TV,36
1058,Priya,21,Female,Canada,Premium,Thriller,Mobile,35
1059,Priya,43,Male,Australia,Basic,Romance,Mobile,24
1060,Isha,44,Female,UK,Premium,Romance,Tablet,39
1061,Siya,44,Male,India,Standard,Romance,TV,36
1062,Priya,59,Male,USA,Basic,Comedy,TV,45
1063,Vihaan,23,Male,UK,Basic,Comedy,Tablet,20
1064,Isha,32,Female,UK,Basic,Thriller,Laptop,49
1065,Vihaan,47,Male,Australia,Premium,Comedy,TV,32
1066,Isha,59,Female,India,Basic,Sci-Fi,Tablet,39
1067,Siya,54,Female,USA,Premium,Comedy,TV,49
1068,Neha,54,Male,UK,Premium,Comedy,Tablet,26
1069,Rohan,59,Male,USA,Standard,Comedy,Mobile,26
1070,Kabir,54,Female,Canada,Standard,Action,Mobile,36
1071,Neha,52,Female,UK,Basic,Thriller,TV,43
1072,Arjun,40,Female,UK,Basic,Sci-Fi,TV,35
1073,Vihaan,23,Female,Canada,Standard,Comedy,Mobile,43
1074,Arjun,21,Female,Australia,Premium,Thriller,Laptop,35
1075,Neha,35,Female,UK,Premium,Drama,Tablet,12
1076,Isha,26,Male,USA,Standard,Action,Laptop,33
1077,Kabir,46,Female,India,Premium,Comedy,Laptop,36
1078,Kabir,30,Female,USA,Standard,Sci-Fi,Laptop,14
1079,Aarav,34,Female,Australia,Standard,Action,Mobile,33
1080,Kabir,49,Female,India,Basic,Sci-Fi,TV,46
1081,Rohan,39,Male,USA,Basic,Action,Laptop,45
1082,Kabir,21,Male,USA,Standard,Drama,Mobile,45
1083,Neha,22,Female,Canada,Basic,Thriller,Tablet,24
1084,Aarav,54,Female,Australia,Standard,Action,TV,15
1085,Neha,58,Female,Canada,Premium,Romance,Tablet,31
1086,Neha,30,Male,India,Premium,Drama,Laptop,17
1087,Ananya,51,Male,Canada,Premium,Romance,TV,12
1088,Aarav,39,Male,Australia,Premium,Drama,Laptop,22
1089,Neha,40,Male,UK,Standard,Romance,TV,23
1090,Ananya,20,Male,UK,Premium,Romance,Laptop,26
1091,Ananya,59,Male,India,Premium,Sci-Fi,Tablet,14
1092,Aarav,51,Female,UK,Premium,Action,Tablet,12
1093,Arjun,49,Male,Canada,Premium,Action,Laptop,4
1094,Isha,38,Male,India,Standard,Drama,TV,46
1095,Rohan,38,Female,Australia,Premium,Thriller,Tablet,13
1096,Isha,28,Male,India,Basic,Sci-Fi,TV,18
1097,Kabir,56,Female,India,Basic,Action,TV,43
1098,Rohan,21,Male,USA,Basic,Action,Tablet,28
1099,Kabir,18,Female,USA,Basic,Sci-Fi,Mobile,38
1100,Neha,45,Female,India,Basic,Comedy,Mobile,41
1101,Vihaan,41,Female,,Basic,Sci-Fi,TV,44
1102,Aarav,52,Female,USA,Standard,Action,Tablet,19
1103,Rohan,30,Female,Australia,Basic,Thriller,Mobile,46
1104,Rohan,51,Male,Canada,Premium,Comedy,Laptop,47
1105,Neha,28,Male,USA,Basic,Romance,TV,43
1106,Arjun,53,Female,India,Standard,Sci-Fi,Mobile,38
1107,Ananya,34,Female,UK,Basic,Romance,Tablet,46
1108,Neha,52,Female,Canada,Premium,Comedy,Tablet,3
1109,Priya,35,Male,USA,Premium,Comedy,TV,19
1110,Ananya,57,Female,UK,Standard,Comedy,Tablet,20
1111,Aarav,39,Female,UK,Standard,Drama,Laptop,25
1112,Ananya,41,Female,UK,Standard,Sci-Fi,Laptop,11
1113,Arjun,36,Female,India,Standard,Thriller,Mobile,17
1114,Ananya,54,Male,Australia,Basic,Thriller,Tablet,49
1115,Aarav,56,Female,UK,Basic,Romance,Laptop,35
1116,Arjun,38,Female,Canada,Premium,Romance,TV,14
1117,Isha,25,Male,USA,Standard,Romance,Tablet,39
1118,Rohan,45,Female,Canada,Standard,Sci-Fi,Mobile,19
1119,Rohan,22,Female,India,Basic,Action,TV,3
1120,Kabir,34,Male,India,Standard,Romance,TV,34
1121,Isha,54,Male,Canada,Premium,Comedy,TV,49
1122,Isha,53,Male,Australia,Premium,Romance,Laptop,41
1123,Ananya,36,Female,India,Standard,Comedy,TV,22
1124,Rohan,44,Female,India,Premium,Drama,Laptop,38
1125,Aarav,51,Male,Canada,Premium,Action,TV,27
1126,Siya,28,Male,India,Basic,Action,Laptop,21
1127,Siya,29,Male,Australia,Premium,Sci-Fi,Tablet,41
1128,Arjun,38,Female,Australia,Standard,Sci-Fi,Laptop,31
1129,Rohan,28,Female,Australia,Standard,Thriller,Laptop,27
1130,Rohan,56,Male,USA,Premium,Drama,Tablet,37
1131,Siya,45,Female,Australia,Standard,Sci-Fi,TV,2
1132,Rohan,22,Male,Australia,Basic,Comedy,Tablet,47
1133,Ananya,34,Female,USA,Premium,Drama,TV,9
1134,Priya,37,Female,UK,Premium,Action,Laptop,19
1135,Vihaan,58,Female,India,Premium,Comedy,TV,42
1136,Isha,29,Female,Australia,Standard,Drama,Laptop,36
1137,Kabir,23,Male,India,Standard,Action,TV,10
1138,Arjun,34,Female,Canada,Premium,Sci-Fi,Laptop,40
1139,Priya,36,Female,India,Standard,Comedy,Laptop,45
1140,Siya,43,Male,USA,Standard,Comedy,Mobile,39
1141,Isha,49,Female,India,Premium,Action,TV,7
1142,Rohan,23,Male,India,Premium,Comedy,TV,4
1143,Kabir,53,Male,India,Standard,Sci-Fi,Mobile,15
1144,Rohan,55,Female,UK,Premium,Sci-Fi,Laptop,12
1145,Aarav,28,Female,UK,Premium,Sci-Fi,Laptop,48
1146,Aarav,50,Male,Canada,Premium,Action,Mobile,6
1147,Kabir,41,Male,USA,Premium,Romance,Mobile,9
1148,Kabir,40,Male,India,Standard,Romance,Tablet,35
1149,Siya,32,Female,India,Premium,Comedy,Laptop,8
1150,Kabir,44,Male,India,Basic,Sci-Fi,Tablet,7
1151,Ananya,28,Male,India,Premium,Comedy,TV,4
1152,Rohan,34,Male,UK,Basic,Action,Tablet,13
1153,Priya,31,Female,Canada,Premium,Comedy,Mobile,19
1154,Neha,44,Male,Australia,Basic,Thriller,Mobile,7
1155,Kabir,35,Female,USA,Basic,Romance,Mobile,10
1156,Arjun,45,Female,India,Premium,Comedy,Mobile,25
1157,Aarav,21,Male,Canada,Premium,Comedy,Tablet,44
1158,Ananya,24,Female,Australia,Premium,Drama,Tablet,35
1159,Isha,52,Male,Canada,Basic,Comedy,Tablet,25
1160,Neha,26,Female,UK,Standard,Thriller,Mobile,29
1161,Priya,25,Female,Australia,Standard,Romance,Mobile,12
1162,Neha,34,Male,Canada,Premium,Drama,Laptop,47
1163,Kabir,34,Male,UK,Standard,Action,Laptop,40
1164,Siya,50,Male,Canada,Standard,Action,Mobile,12
1165,Aarav,49,Female,Canada,Premium,Romance,Laptop,6
1166,Aarav,25,Female,Australia,Basic,Action,TV,10
1167,Isha,36,Male,UK,Premium,Thriller,TV,2
1168,Siya,55,Male,India,Standard,Comedy,Mobile,45
1169,Rohan,20,Female,USA,Basic,Romance,Tablet,25
1170,Vihaan,22,Female,Australia,Standard,Drama,TV,7
1171,Ananya,30,Female,UK,Basic,Comedy,TV,40
1172,Aarav,48,Male,Canada,Standard,Action,Tablet,23
1173,Arjun,33,Female,UK,Premium,Action,Laptop,48
1174,Aarav,49,Male,USA,Standard,Drama,Tablet,11
1175,Neha,39,Female,USA,Standard,Thriller,Laptop,36
1176,Aarav,46,Female,India,Basic,Drama,Laptop,49
1177,Aarav,39,Male,India,Standard,Romance,Tablet,48
1178,Vihaan,20,Male,USA,Premium,Drama,Laptop,23
1179,Vihaan,27,Male,Australia,Premium,Action,TV,43
1180,Priya,59,Female,Australia,Premium,Thriller,Mobile,7
1181,Rohan,38,Female,Canada,Basic,Thriller,Laptop,27
1182,Arjun,33,Female,India,Basic,Sci-Fi,TV,13
1183,Aarav,29,Male,Canada,Standard,Drama,Tablet,17
1184,Aarav,19,Female,India,Standard,Romance,Laptop,32
1185,Ananya,58,Male,USA,Standard,Action,TV,26
1186,Vihaan,41,Male,Australia,Basic,Comedy,Laptop,22
1187,Arjun,52,Male,Australia,Basic,Thriller,Tablet,13
1188,Isha,47,Female,USA,Standard,Drama,Mobile,12
1189,Priya,47,Female,Canada,Basic,Sci-Fi,Laptop,7
1190,Rohan,52,Male,Canada,Basic,Romance,Mobile,1
1191,Siya,36,Female,UK,Premium,Romance,Laptop,33
1192,Rohan,25,Male,India,Premium,Action,Laptop,14
1193,Neha,43,Male,Canada,Standard,Thriller,Tablet,47
1194,Aarav,57,Female,USA,Standard,Action,Laptop,43
1195,Priya,24,Male,Canada,Premium,Sci-Fi,TV,41
1196,Neha,47,Male,Australia,Basic,Comedy,TV,17
1197,Arjun,24,Female,India,Standard,Comedy,Mobile,4
1198,Siya,20,Male,UK,Standard,Comedy,Mobile,39
1199,Vihaan,18,Male,India,Standard,Romance,TV,1
1200,Priya,53,Male,Australia,Basic,Thriller,Mobile,41
1201,Priya,42,Male,,Premium,Action,Mobile,45
1202,Aarav,54,Male,Australia,Standard,Action,TV,24
1203,Kabir,18,Male,Australia,Premium,Sci-Fi,TV,34
1204,Priya,32,Male,USA,Premium,Comedy,TV,34
1205,Ananya,54,Female,UK,Basic,Thriller,Tablet,24
1206,Siya,30,Female,Australia,Basic,Thriller,Tablet,15
1207,Siya,57,Male,Australia,Basic,Sci-Fi,TV,17
1208,Ananya,25,Male,Canada,Basic,Drama,Laptop,13
1209,Isha,22,Female,UK,Basic,Thriller,TV,7
1210,Ananya,26,Female,India,Basic,Thriller,Tablet,9
1211,Ananya,18,Female,UK,Standard,Action,Mobile,44
1212,Siya,53,Female,UK,Premium,Sci-Fi,Laptop,35
1213,Rohan,52,Female,UK,Basic,Thriller,Laptop,23
1214,Siya,19,Male,Australia,Standard,Thriller,Mobile,47
1215,Kabir,57,Female,Australia,Premium,Action,Laptop,39
1216,Aarav,40,Female,USA,Basic,Thriller,Mobile,23
1217,Neha,26,Female,India,Basic,Action,Tablet,26
1218,Rohan,51,Male,Canada,Standard,Drama,Laptop,1
1219,Vihaan,31,Male,UK,Premium,Romance,Laptop,14
1220,Neha,21,Male,India,Basic,Action,Mobile,32
1221,Aarav,47,Male,India,Premium,Action,Mobile,48
1222,Kabir,48,Male,USA,Standard,Thriller,Tablet,10
1223,Kabir,55,Male,Canada,Basic,Action,Mobile,1
1224,Vihaan,28,Female,UK,Premium,Sci-Fi,Mobile,5
1225,Rohan,52,Male,Canada,Standard,Comedy,Tablet,3
1226,Isha,25,Male,USA,Standard,Comedy,TV,49
1227,Ananya,20,Female,Australia,Basic,Drama,TV,27
1228,Rohan,31,Male,India,Premium,Action,Mobile,22
1229,Isha,30,Female,UK,Basic,Sci-Fi,Tablet,18
1230,Kabir,49,Female,Australia,Basic,Thriller,TV,16
1231,Siya,51,Male,USA,Premium,Thriller,Tablet,2
1232,Aarav,36,Female,Canada,Premium,Romance,Mobile,47
1233,Vihaan,55,Female,India,Premium,Drama,Mobile,13
1234,Aarav,33,Female,UK,Standard,Sci-Fi,Tablet,45
1235,Arjun,19,Female,Australia,Standard,Sci-Fi,Laptop,16
1236,Arjun,57,Male,Australia,Premium,Thriller,Mobile,8
1237,Rohan,34,Female,India,Standard,Romance,Mobile,43
1238,Kabir,51,Male,Canada,Basic,Thriller,Mobile,8
1239,Kabir,59,Female,USA,Premium,Romance,Mobile,10
1240,Ananya,33,Female,Canada,Basic,Comedy,Tablet,33
1241,Ananya,55,Female,Canada,Premium,Sci-Fi,Tablet,31
1242,Ananya,19,Male,Canada,Basic,Comedy,Tablet,12
1243,Siya,19,Male,India,Premium,Thriller,Tablet,9
1244,Neha,43,Male,India,Basic,Drama,Laptop,37
1245,Priya,30,Female,USA,Premium,Action,Tablet,9
1246,Neha,48,Female,Canada,Premium,Drama,Tablet,48
1247,Aarav,51,Female,India,Standard,Drama,Mobile,18
1248,Neha,56,Female,USA,Basic,Action,Laptop,30
1249,Siya,20,Male,USA,Standard,Sci-Fi,Mobile,32
1250,Aarav,25,Female,Canada,Basic,Comedy,Laptop,40
1251,Neha,40,Male,UK,Standard,Comedy,TV,23
1252,Siya,31,Female,Canada,Premium,Sci-Fi,Laptop,11
1253,Priya,44,Male,UK,Standard,Action,Laptop,20
1254,Neha,46,Male,USA,Standard,Romance,Mobile,19
1255,Siya,56,Female,India,Premium,Drama,Laptop,36
1256,Ananya,56,Female,Australia,Standard,Thriller,Laptop,26
1257,Kabir,18,Male,USA,Premium,Comedy,Mobile,10
1258,Ananya,34,Female,India,Basic,Sci-Fi,TV,24
1259,Kabir,58,Female,USA,Standard,Thriller,TV,13
1260,Vihaan,47,Male,Canada,Premium,Action,TV,46
1261,Vihaan,30,Male,UK,Premium,Thriller,Laptop,34
1262,Vihaan,38,Male,USA,Standard,Thriller,Mobile,29
1263,Priya,36,Male,India,Basic,Drama,TV,36
1264,Ananya,36,Female,Canada,Standard,Action,TV,7
1265,Kabir,42,Male,Australia,Premium,Thriller,TV,30
1266,Siya,39,Male,Canada,Basic,Comedy,TV,17
1267,Aarav,48,Male,UK,Standard,Action,Mobile,48
1268,Siya,34,Female,Canada,Premium,Comedy,TV,13
1269,Aarav,40,Male,Australia,Standard,Sci-Fi,Laptop,24
1270,Arjun,49,Female,India,Basic,Sci-Fi,Laptop,31
1271,Siya,27,Male,USA,Basic,Romance,Mobile,27
1272,Neha,27,Male,UK,Basic,Sci-Fi,Tablet,21
1273,Neha,53,Female,Australia,Basic,Thriller,TV,44
1274,Rohan,25,Male,UK,Basic,Action,TV,1
1275,Ananya,37,Male,Canada,Standard,Sci-Fi,Laptop,15
1276,Aarav,49,Female,UK,Basic,Comedy,Mobile,3
1277,Aarav,31,Male,Australia,Basic,Thriller,Tablet,6
1278,Ananya,45,Male,USA,Premium,Sci-Fi,Laptop,14
1279,Priya,41,Male,USA,Basic,Drama,Tablet,38
1280,Rohan,32,Male,UK,Premium,Comedy,Mobile,33
1281,Priya,39,Female,India,Premium,Comedy,Mobile,38
1282,Priya,47,Male,UK,Premium,Romance,Mobile,8
1283,Priya,21,Female,Canada,Standard,Drama,Laptop,26
1284,Ananya,30,Male,USA,Standard,Romance,Mobile,15
1285,Priya,40,Female,USA,Premium,Sci-Fi,Laptop,14
1286,Neha,25,Male,USA,Standard,Drama,Laptop,48
1287,Vihaan,35,Female,India,Basic,Comedy,TV,20
1288,Arjun,29,Male,India,Standard,Romance,Laptop,48
1289,Aarav,48,Female,Australia,Basic,Thriller,Laptop,19
1290,Aarav,31,Female,UK,Basic,Drama,TV,33
1291,Arjun,51,Male,UK,Standard,Comedy,Tablet,36
1292,Ananya,35,Female,Canada,Standard,Action,TV,24
1293,Siya,51,Male,USA,Premium,Drama,TV,10
1294,Ananya,28,Male,India,Standard,Drama,Mobile,34
1295,Aarav,58,Male,Canada,Standard,Sci-Fi,Mobile,36
1296,Aarav,29,Male,Canada,Standard,Thriller,TV,47
1297,Arjun,32,Male,India,Basic,Sci-Fi,Mobile,36
1298,Priya,48,Female,UK,Basic,Drama,TV,16
1299,Ananya,46,Male,USA,Basic,Drama,Mobile,15
1300,Kabir,43,Male,UK,Premium,Thriller,Laptop,18
1301,Arjun,35,Male,,Premium,Thriller,Mobile,7
1302,Neha,49,Male,USA,Premium,Romance,Mobile,47
1303,Aarav,39,Male,Australia,Basic,Comedy,Laptop,22
1304,Arjun,55,Male,Canada,Standard,Comedy,TV,32
1305,Ananya,34,Female,UK,Premium,Romance,Mobile,43
1306,Aarav,40,Female,UK,Premium,Comedy,Mobile,19
1307,Siya,41,Male,UK,Basic,Drama,Laptop,40
1308,Arjun,25,Female,India,Premium,Romance,Laptop,1
1309,Rohan,58,Male,Canada,Standard,Romance,Laptop,35
1310,Aarav,23,Male,USA,Basic,Comedy,Tablet,5
1311,Ananya,22,Male,UK,Basic,Action,Laptop,12
1312,Vihaan,46,Male,UK,Standard,Comedy,TV,12
1313,Kabir,45,Male,India,Standard,Sci-Fi,Mobile,21
1314,Isha,28,Female,USA,Standard,Action,Mobile,19
1315,Priya,18,Female,Canada,Premium,Romance,Tablet,9
1316,Isha,36,Female,Australia,Standard,Action,Mobile,43
1317,Ananya,26,Female,India,Basic,Drama,Mobile,49
1318,Neha,44,Male,Canada,Standard,Thriller,TV,48
1319,Neha,51,Female,Australia,Basic,Action,Mobile,36
1320,Vihaan,21,Male,UK,Basic,Sci-Fi,TV,42
1321,Priya,53,Female,UK,Premium,Thriller,Tablet,47
1322,Rohan,35,Female,USA,Standard,Drama,TV,32
1323,Vihaan,32,Female,Australia,Premium,Sci-Fi,Laptop,35
1324,Isha,30,Female,UK,Standard,Thriller,Laptop,31
1325,Vihaan,36,Male,UK,Standard,Drama,Tablet,32
1326,Isha,23,Female,USA,Standard,Thriller,Mobile,37
1327,Aarav,29,Female,Canada,Standard,Thriller,TV,32
1328,Neha,54,Male,UK,Standard,Comedy,Laptop,43
1329,Aarav,34,Male,India,Basic,Sci-Fi,TV,37
1330,Kabir,40,Female,India,Basic,Sci-Fi,Laptop,39
1331,Priya,43,Male,Canada,Standard,Action,TV,38
1332,Rohan,46,Male,Australia,Basic,Sci-Fi,Mobile,30
1333,Isha,50,Male,USA,Premium,Sci-Fi,Tablet,32
1334,Rohan,44,Female,India,Premium,Thriller,Mobile,45
1335,Isha,42,Male,India,Premium,Romance,TV,2
1336,Ananya,27,Female,Canada,Standard,Comedy,Laptop,11
1337,Vihaan,40,Female,Australia,Standard,Action,Laptop,20
1338,Kabir,38,Female,Australia,Basic,Comedy,Tablet,37
1339,Neha,38,Female,Canada,Basic,Action,Mobile,9
1340,Isha,30,Male,India,Basic,Drama,Mobile,38
1341,Rohan,54,Female,USA,Premium,Thriller,Mobile,49
1342,Kabir,50,Male,India,Premium,Sci-Fi,Laptop,19
1343,Siya,41,Female,Australia,Premium,Sci-Fi,Tablet,40
1344,Siya,28,Male,India,Premium,Romance,Laptop,7
1345,Aarav,34,Female,USA,Basic,Comedy,Mobile,5
1346,Neha,21,Male,UK,Standard,Comedy,TV,47
1347,Ananya,42,Female,India,Standard,Comedy,Laptop,42
1348,Rohan,47,Female,Canada,Premium,Sci-Fi,Tablet,24
1349,Vihaan,26,Male,UK,Standard,Comedy,Mobile,48
1350,Vihaan,38,Female,Canada,Standard,Thriller,TV,41
1351,Rohan,37,Female,Canada,Standard,Action,Laptop,7
1352,Priya,36,Female,Canada,Premium,Sci-Fi,TV,11
1353,Ananya,36,Male,India,Basic,Thriller,TV,9
1354,Kabir,29,Female,Australia,Basic,Drama,Tablet,49
1355,Isha,54,Female,UK,Standard,Thriller,Laptop,30
1356,Priya,59,Male,USA,Basic,Thriller,Tablet,41
1357,Isha,34,Male,Australia,Basic,Drama,Mobile,3
1358,Isha,54,Male,India,Premium,Thriller,TV,22
1359,Priya,56,Male,Canada,Premium,Action,Tablet,40
1360,Aarav,45,Male,USA,Standard,Sci-Fi,Tablet,20
1361,Siya,58,Female,UK,Standard,Romance,Mobile,32
1362,Isha,52,Female,Australia,Standard,Drama,Laptop,48
1363,Priya,35,Female,Australia,Premium,Sci-Fi,Tablet,7
1364,Priya,31,Male,USA,Basic,Comedy,TV,7
1365,Arjun,52,Female,India,Premium,Action,TV,20
1366,Aarav,58,Male,UK,Premium,Romance,TV,25
1367,Neha,24,Male,USA,Basic,Action,TV,45
1368,Arjun,58,Female,Canada,Basic,Action,Tablet,35
1369,Arjun,30,Male,UK,Standard,Comedy,TV,44
1370,Rohan,35,Male,Australia,Basic,Romance,Tablet,24
1371,Siya,54,Female,USA,Basic,Action,Laptop,40
1372,Priya,30,Male,Australia,Basic,Comedy,TV,13
1373,Siya,53,Male,Australia,Basic,Drama,Laptop,48
1374,Ananya,48,Female,Australia,Standard,Comedy,Tablet,39
1375,Rohan,19,Male,India,Standard,Thriller,Mobile,4
1376,Neha,33,Male,Australia,Basic,Sci-Fi,Laptop,12
1377,Siya,26,Female,Canada,Basic,Comedy,TV,17
1378,Vihaan,26,Female,Canada,Standard,Comedy,Mobile,1
1379,Isha,55,Female,UK,Standard,Comedy,Laptop,17
1380,Ananya,28,Female,Australia,Basic,Action,Tablet,2
1381,Aarav,39,Male,Australia,Premium,Romance,Tablet,6
1382,Neha,50,Male,USA,Standard,Comedy,Tablet,44
1383,Ananya,53,Female,India,Standard,Comedy,Laptop,11
1384,Isha,40,Male,UK,Standard,Thriller,Tablet,43
1385,Rohan,51,Male,Australia,Basic,Thriller,Laptop,18
1386,Isha,26,Female,USA,Basic,Drama,TV,40
1387,Arjun,41,Female,India,Standard,Drama,TV,25
1388,Isha,25,Male,UK,Basic,Thriller,Laptop,39
1389,Arjun,24,Female,UK,Basic,Romance,Laptop,28
1390,Rohan,53,Female,Australia,Standard,Drama,Mobile,46
1391,Kabir,35,Female,UK,Basic,Sci-Fi,Tablet,16
1392,Arjun,20,Male,USA,Premium,Sci-Fi,TV,12
1393,Aarav,45,Female,UK,Basic,Romance,TV,41
1394,Isha,23,Male,Canada,Basic,Thriller,Mobile,29
1395,Isha,38,Male,USA,Standard,Drama,Laptop,23
1396,Aarav,45,Male,India,Standard,Comedy,Laptop,21
1397,Vihaan,57,Female,India,Premium,Thriller,Mobile,16
1398,Priya,18,Female,Australia,Basic,Drama,Tablet,48
1399,Kabir,53,Female,Australia,Premium,Romance,Laptop,41
1400,Neha,38,Female,Canada,Premium,Sci-Fi,Laptop,45
1401,Arjun,52,Female,,Standard,Romance,Tablet,26
1402,Aarav,30,Male,India,Basic,Drama,Tablet,37
1403,Rohan,27,Male,India,Standard,Romance,Mobile,22
1404,Arjun,27,Male,India,Premium,Drama,Mobile,10
1405,Priya,30,Female,UK,Premium,Drama,Mobile,7
1406,Rohan,54,Male,USA,Standard,Romance,Laptop,9
1407,Ananya,55,Male,USA,Standard,Action,Mobile,25
1408,Isha,41,Female,Canada,Standard,Comedy,Laptop,46
1409,Ananya,19,Female,UK,Standard,Thriller,TV,15
1410,Arjun,39,Male,India,Standard,Sci-Fi,Tablet,13
1411,Priya,34,Male,India,Premium,Comedy,Tablet,42
1412,Kabir,53,Female,Australia,Standard,Thriller,TV,46
1413,Arjun,31,Female,Australia,Basic,Thriller,Mobile,26
1414,Aarav,27,Female,Canada,Premium,Sci-Fi,Laptop,21
1415,Siya,52,Female,India,Premium,Comedy,Laptop,23
1416,Arjun,42,Male,Canada,Basic,Sci-Fi,Laptop,44
1417,Isha,20,Male,UK,Basic,Drama,Tablet,28
1418,Isha,55,Female,USA,Premium,Sci-Fi,Mobile,38
1419,Arjun,34,Male,India,Standard,Romance,Laptop,12
1420,Rohan,29,Male,UK,Premium,Action,Laptop,24
1421,Siya,41,Female,India,Premium,Action,Laptop,13
1422,Aarav,46,Male,Australia,Basic,Action,TV,40
1423,Arjun,42,Male,Canada,Premium,Comedy,Laptop,48
1424,Rohan,53,Male,Australia,Standard,Comedy,TV,2
1425,Isha,43,Female,USA,Basic,Drama,Laptop,39
1426,Isha,55,Female,Australia,Premium,Action,Laptop,12
1427,Priya,18,Male,India,Premium,Drama,Laptop,39
1428,Arjun,37,Female,Australia,Standard,Action,TV,14
1429,Siya,45,Female,India,Premium,Comedy,Laptop,30
1430,Vihaan,33,Female,USA,Premium,Romance,Mobile,41
1431,Siya,34,Male,Australia,Premium,Romance,Laptop,43
1432,Isha,57,Male,Canada,Premium,Romance,TV,48
1433,Isha,45,Female,Canada,Standard,Sci-Fi,TV,19
1434,Ananya,29,Male,Canada,Premium,Romance,Mobile,31
1435,Isha,44,Male,Australia,Premium,Thriller,Tablet,43
1436,Aarav,59,Male,Australia,Premium,Action,Mobile,43
1437,Neha,47,Male,Australia,Basic,Romance,Mobile,25
1438,Arjun,58,Male,India,Standard,Thriller,TV,4
1439,Siya,51,Female,USA,Basic,Thriller,Laptop,13
1440,Neha,54,Male,Canada,Basic,Thriller,Laptop,36
1441,Rohan,23,Male,India,Standard,Drama,Tablet,42
1442,Vihaan,24,Male,Canada,Basic,Drama,Tablet,37
1443,Aarav,49,Female,India,Basic,Thriller,Tablet,3
1444,Siya,49,Female,Australia,Basic,Sci-Fi,Tablet,16
1445,Neha,42,Female,Canada,Standard,Romance,Mobile,26
1446,Vihaan,50,Male,Australia,Premium,Action,Mobile,40
1447,Ananya,24,Female,Canada,Standard,Sci-Fi,Laptop,39
1448,Aarav,29,Female,UK,Standard,Comedy,Mobile,19
1449,Aarav,33,Female,India,Standard,Drama,Laptop,46
1450,Ananya,33,Female,UK,Basic,Romance,Laptop,15
1451,Arjun,53,Male,India,Premium,Romance,Laptop,32
1452,Ananya,30,Female,USA,Standard,Comedy,Laptop,49
1453,Aarav,24,Female,Canada,Standard,Comedy,TV,21
1454,Aarav,53,Male,USA,Premium,Romance,Laptop,1
1455,Neha,26,Male,USA,Premium,Comedy,Mobile,6
1456,Isha,49,Female,India,Premium,Romance,Mobile,27
1457,Vihaan,28,Male,UK,Basic,Sci-Fi,Mobile,23
1458,Ananya,25,Female,Australia,Premium,Comedy,Mobile,47
1459,Vihaan,50,Male,India,Basic,Sci-Fi,TV,31
1460,Ananya,40,Male,Australia,Standard,Sci-Fi,Tablet,12
1461,Rohan,42,Female,USA,Basic,Comedy,Tablet,21
1462,Aarav,25,Male,Australia,Premium,Romance,Laptop,2
1463,Isha,39,Female,UK,Basic,Thriller,Laptop,5
1464,Neha,21,Male,India,Premium,Romance,Mobile,9
1465,Isha,57,Female,UK,Basic,Action,Mobile,20
1466,Isha,20,Male,UK,Standard,Comedy,Tablet,46
1467,Isha,46,Male,India,Basic,Drama,Tablet,18
1468,Vihaan,58,Male,UK,Standard,Comedy,Mobile,22
1469,Ananya,46,Male,Canada,Premium,Action,Laptop,8
1470,Kabir,51,Male,Canada,Standard,Sci-Fi,TV,34
1471,Rohan,51,Female,Canada,Premium,Drama,TV,9
1472,Siya,45,Male,Australia,Premium,Drama,Tablet,7
1473,Isha,30,Female,UK,Standard,Romance,Tablet,30
1474,Arjun,32,Female,India,Standard,Thriller,Tablet,18
1475,Vihaan,40,Female,India,Basic,Romance,TV,27
1476,Neha,43,Male,Australia,Basic,Drama,TV,16
1477,Siya,21,Female,India,Standard,Drama,Mobile,21
1478,Kabir,43,Male,Canada,Standard,Thriller,Laptop,5
1479,Arjun,57,Female,UK,Standard,Comedy,Tablet,29
1480,Kabir,26,Female,India,Standard,Thriller,Mobile,47
1481,Siya,22,Female,India,Premium,Sci-Fi,TV,37
1482,Isha,49,Female,USA,Standard,Romance,Mobile,43
1483,Arjun,37,Female,USA,Standard,Comedy,TV,22
1484,Kabir,28,Male,USA,Standard,Romance,Laptop,14
1485,Neha,32,Female,UK,Standard,Thriller,TV,19
1486,Ananya,49,Female,Canada,Premium,Comedy,Mobile,35
1487,Aarav,45,Male,Canada,Basic,Thriller,Laptop,24
1488,Ananya,39,Male,Canada,Basic,Sci-Fi,TV,42
1489,Siya,58,Male,UK,Basic,Action,Tablet,6
1490,Vihaan,34,Female,UK,Basic,Drama,TV,3
1491,Aarav,43,Female,USA,Basic,Comedy,Laptop,34
1492,Rohan,24,Female,India,Premium,Drama,Mobile,45
1493,Neha,59,Female,Australia,Basic,Action,Laptop,2
1494,Rohan,43,Female,Australia,Premium,Comedy,Mobile,15
1495,Arjun,42,Female,India,Premium,Drama,TV,37
1496,Aarav,27,Male,USA,Basic,Drama,TV,15
1497,Rohan,36,Male,India,Basic,Comedy,Laptop,32
1498,Rohan,28,Female,India,Basic,Drama,Tablet,21
1499,Kabir,30,Female,Australia,Standard,Drama,TV,17
1500,Ananya,25,Female,USA,Premium,Comedy,Tablet,34
1501,Kabir,57,Female,,Basic,Drama,Tablet,32
1502,Aarav,21,Female,Australia,Standard,Drama,Laptop,47
1503,Aarav,48,Male,UK,Premium,Romance,TV,23
1504,Siya,45,Male,USA,Standard,Sci-Fi,Tablet,35
1505,Kabir,28,Female,India,Standard,Romance,TV,37
1506,Priya,18,Male,Canada,Basic,Action,Mobile,43
1507,Ananya,55,Female,Canada,Premium,Romance,Tablet,41
1508,Aarav,41,Female,USA,Standard,Romance,Laptop,37
1509,Siya,48,Female,Canada,Premium,Action,Laptop,33
1510,Kabir,58,Male,UK,Basic,Drama,Tablet,25
1511,Ananya,43,Male,Canada,Premium,Drama,TV,46
1512,Kabir,22,Female,USA,Standard,Romance,Mobile,37
1513,Rohan,37,Male,USA,Standard,Action,Mobile,40
1514,Siya,58,Male,UK,Premium,Drama,Laptop,21
1515,Ananya,28,Female,Canada,Standard,Thriller,Laptop,46
1516,Isha,50,Male,Canada,Standard,Comedy,TV,48
1517,Arjun,55,Male,India,Standard,Comedy,Laptop,38
1518,Arjun,44,Female,Australia,Basic,Sci-Fi,TV,40
1519,Ananya,51,Female,USA,Basic,Comedy,Tablet,34
1520,Kabir,32,Male,India,Standard,Romance,Mobile,19
1521,Siya,49,Female,USA,Premium,Comedy,Tablet,27
1522,Arjun,38,Male,India,Basic,Comedy,Laptop,9
1523,Siya,22,Female,Australia,Premium,Thriller,Mobile,5
1524,Arjun,23,Female,India,Standard,Drama,Mobile,5
1525,Rohan,55,Female,USA,Standard,Thriller,Tablet,25
1526,Kabir,39,Female,Canada,Premium,Romance,TV,26
1527,Rohan,35,Male,USA,Basic,Comedy,Mobile,19
1528,Arjun,31,Female,UK,Premium,Drama,TV,30
1529,Isha,27,Female,UK,Premium,Sci-Fi,Tablet,36
1530,Isha,30,Female,UK,Standard,Sci-Fi,Tablet,48
1531,Rohan,48,Male,UK,Basic,Comedy,TV,48
1532,Isha,47,Male,Australia,Premium,Comedy,Tablet,16
1533,Arjun,20,Female,Canada,Basic,Sci-Fi,Mobile,7
1534,Ananya,47,Female,Canada,Standard,Sci-Fi,Tablet,18
1535,Rohan,23,Female,USA,Basic,Romance,Tablet,21
1536,Vihaan,46,Female,India,Standard,Comedy,Mobile,31
1537,Kabir,25,Female,USA,Basic,Sci-Fi,TV,1
1538,Isha,50,Female,USA,Premium,Action,Tablet,3
1539,Isha,34,Male,USA,Standard,Sci-Fi,TV,31
1540,Aarav,28,Female,USA,Premium,Drama,Mobile,25
1541,Priya,30,Female,Canada,Standard,Drama,TV,8
1542,Rohan,28,Female,India,Basic,Action,TV,1
1543,Neha,48,Female,USA,Basic,Romance,Laptop,7
1544,Isha,45,Female,Canada,Standard,Comedy,Laptop,7
1545,Kabir,23,Female,USA,Standard,Comedy,Tablet,8
1546,Vihaan,58,Male,UK,Standard,Sci-Fi,Laptop,19
1547,Isha,33,Male,USA,Basic,Drama,Laptop,17
1548,Vihaan,21,Male,USA,Standard,Romance,Laptop,11
1549,Arjun,52,Male,Australia,Standard,Romance,TV,47
1550,Arjun,43,Male,UK,Premium,Romance,TV,41
1551,Priya,29,Male,India,Standard,Sci-Fi,Laptop,49
1552,Ananya,28,Female,USA,Premium,Comedy,Mobile,11
1553,Neha,54,Female,India,Premium,Romance,Laptop,38
1554,Aarav,42,Female,UK,Premium,Sci-Fi,Mobile,41
1555,Priya,35,Female,USA,Basic,Sci-Fi,TV,2
1556,Siya,36,Female,Australia,Premium,Action,Mobile,4
1557,Aarav,40,Female,Canada,Standard,Thriller,TV,28
1558,Rohan,55,Male,Australia,Basic,Romance,Mobile,33
1559,Kabir,35,Female,Australia,Basic,Thriller,TV,11
1560,Siya,43,Male,Canada,Basic,Comedy,TV,3
1561,Siya,23,Male,Canada,Basic,Sci-Fi,Laptop,40
1562,Priya,21,Female,Canada,Basic,Romance,Tablet,5
1563,Ananya,46,Female,USA,Basic,Drama,Tablet,21
1564,Priya,51,Female,India,Basic,Comedy,TV,22
1565,Rohan,34,Female,India,Premium,Action,Laptop,37
1566,Isha,33,Female,Canada,Standard,Action,Tablet,11
1567,Isha,19,Female,Australia,Standard,Thriller,Tablet,44
1568,Ananya,51,Female,UK,Premium,Sci-Fi,Laptop,22
1569,Rohan,25,Male,Canada,Premium,Thriller,Laptop,41
1570,Ananya,30,Female,Australia,Basic,Drama,Tablet,13
1571,Vihaan,59,Female,Australia,Basic,Drama,Tablet,3
1572,Isha,25,Male,USA,Premium,Action,Mobile,13
1573,Siya,47,Female,USA,Basic,Romance,Mobile,28
1574,Neha,49,Female,India,Standard,Action,TV,11
1575,Kabir,53,Male,India,Standard,Action,Tablet,11
1576,Rohan,47,Female,UK,Basic,Drama,Laptop,21
1577,Aarav,18,Female,UK,Basic,Thriller,Laptop,21
1578,Ananya,56,Female,UK,Basic,Drama,Tablet,7
1579,Kabir,34,Female,UK,Standard,Sci-Fi,TV,17
1580,Aarav,37,Female,Australia,Basic,Drama,Laptop,48
1581,Kabir,41,Female,Australia,Premium,Drama,Tablet,14
1582,Neha,39,Male,India,Basic,Action,Tablet,33
1583,Aarav,46,Female,USA,Premium,Romance,TV,11
1584,Priya,39,Female,USA,Basic,Action,Tablet,13
1585,Arjun,26,Male,Canada,Basic,Comedy,Laptop,1
1586,Priya,54,Male,Australia,Standard,Drama,Mobile,34
1587,Isha,27,Female,UK,Premium,Drama,TV,9
1588,Arjun,53,Male,UK,Premium,Comedy,Tablet,13
1589,Priya,54,Female,Canada,Premium,Drama,TV,37
1590,Arjun,45,Female,USA,Standard,Drama,Tablet,30
1591,Arjun,45,Male,UK,Premium,Sci-Fi,Mobile,41
1592,Siya,59,Female,USA,Standard,Drama,TV,45
1593,Ananya,38,Female,Canada,Basic,Comedy,Tablet,37
1594,Ananya,41,Male,USA,Basic,Action,Mobile,47
1595,Siya,59,Male,USA,Premium,Drama,Laptop,7
1596,Kabir,57,Male,USA,Basic,Romance,Tablet,14
1597,Vihaan,19,Male,UK,Basic,Comedy,Mobile,48
1598,Kabir,25,Female,India,Premium,Thriller,Mobile,6
1599,Aarav,44,Male,Australia,Basic,Sci-Fi,TV,34
1600,Aarav,39,Male,USA,Premium,Comedy,Tablet,16
1601,Arjun,54,Male,,Premium,Action,Laptop,37
1602,Priya,44,Male,USA,Basic,Comedy,Tablet,36
1603,Priya,46,Male,India,Basic,Thriller,Mobile,46
1604,Ananya,20,Female,Canada,Basic,Sci-Fi,Laptop,6
1605,Rohan,30,Male,UK,Basic,Romance,Mobile,8
1606,Kabir,27,Female,India,Basic,Thriller,TV,24
1607,Isha,53,Male,USA,Standard,Comedy,Tablet,3
1608,Neha,26,Male,India,Basic,Thriller,Mobile,4
1609,Priya,44,Male,India,Standard,Comedy,Mobile,32
1610,Neha,51,Male,India,Premium,Romance,Tablet,1
1611,Arjun,18,Male,Canada,Basic,Romance,Laptop,34
1612,Neha,49,Male,Australia,Basic,Action,Mobile,45
1613,Isha,42,Male,UK,Basic,Romance,Tablet,9
1614,Siya,46,Male,Canada,Premium,Drama,TV,12
1615,Isha,24,Female,Canada,Standard,Thriller,TV,10
1616,Neha,20,Male,Australia,Standard,Thriller,Tablet,10
1617,Isha,37,Female,Canada,Basic,Comedy,Mobile,44
1618,Vihaan,37,Male,India,Basic,Romance,Tablet,48
1619,Arjun,47,Female,India,Basic,Action,Tablet,23
1620,Kabir,52,Male,USA,Basic,Action,Mobile,6
1621,Siya,52,Male,Canada,Premium,Action,Laptop,24
1622,Priya,56,Male,USA,Basic,Sci-Fi,Laptop,24
1623,Aarav,44,Female,UK,Premium,Drama,TV,21
1624,Kabir,43,Female,India,Basic,Romance,Laptop,42
1625,Aarav,31,Female,UK,Standard,Action,Tablet,31
1626,Arjun,34,Female,Australia,Standard,Drama,Mobile,47
1627,Siya,35,Male,India,Basic,Thriller,TV,41
1628,Ananya,46,Male,UK,Basic,Comedy,Laptop,30
1629,Priya,37,Male,Australia,Premium,Romance,Tablet,34
1630,Vihaan,44,Female,UK,Basic,Romance,TV,18
1631,Ananya,35,Male,Australia,Basic,Sci-Fi,Mobile,12
1632,Arjun,21,Female,Australia,Basic,Thriller,Laptop,35
1633,Kabir,18,Female,India,Standard,Romance,Tablet,7
1634,Vihaan,18,Female,USA,Premium,Sci-Fi,Mobile,41
1635,Isha,43,Female,Australia,Standard,Sci-Fi,Tablet,40
1636,Neha,37,Female,Australia,Premium,Sci-Fi,Tablet,25
1637,Vihaan,40,Male,India,Standard,Romance,Tablet,6
1638,Arjun,27,Female,USA,Basic,Romance,Mobile,1
1639,Rohan,28,Female,Canada,Standard,Romance,TV,46
1640,Neha,58,Male,Canada,Standard,Drama,Tablet,16
1641,Aarav,58,Female,USA,Premium,Sci-Fi,TV,48
1642,Priya,22,Female,UK,Premium,Drama,TV,4
1643,Aarav,18,Male,India,Standard,Comedy,Laptop,29
1644,Vihaan,34,Male,USA,Premium,Romance,Laptop,38
1645,Aarav,39,Male,Canada,Premium,Thriller,TV,47
1646,Arjun,51,Female,Australia,Premium,Action,Laptop,28
1647,Isha,58,Male,Canada,Premium,Comedy,Laptop,22
1648,Kabir,46,Male,Australia,Premium,Action,TV,8
1649,Priya,21,Male,India,Standard,Action,Mobile,32
1650,Aarav,22,Female,Australia,Premium,Romance,Laptop,33
1651,Aarav,28,Male,USA,Basic,Thriller,Laptop,13
1652,Vihaan,38,Female,Australia,Standard,Action,Mobile,27
1653,Kabir,52,Female,UK,Standard,Sci-Fi,Mobile,18
1654,Ananya,29,Male,USA,Standard,Action,Mobile,18
1655,Aarav,43,Female,India,Premium,Comedy,TV,13
1656,Arjun,36,Female,USA,Basic,Thriller,Mobile,22
1657,Rohan,24,Male,UK,Premium,Thriller,TV,14
1658,Priya,24,Female,India,Standard,Action,Tablet,11
1659,Aarav,43,Male,Canada,Standard,Thriller,Tablet,39
1660,Arjun,57,Female,UK,Standard,Comedy,Mobile,22
1661,Arjun,22,Female,India,Standard,Comedy,Mobile,36
1662,Priya,38,Male,Australia,Premium,Comedy,Tablet,17
1663,Ananya,31,Male,USA,Basic,Sci-Fi,TV,32
1664,Arjun,21,Female,India,Basic,Romance,TV,14
1665,Rohan,40,Female,USA,Standard,Action,Mobile,42
1666,Arjun,59,Male,Australia,Basic,Thriller,Mobile,29
1667,Arjun,37,Female,India,Standard,Comedy,Mobile,6
1668,Arjun,32,Female,Canada,Standard,Action,Tablet,4
1669,Isha,46,Female,UK,Basic,Action,Laptop,11
1670,Isha,25,Female,India,Standard,Romance,Mobile,45
1671,Ananya,58,Male,Australia,Basic,Sci-Fi,TV,40
1672,Aarav,36,Male,India,Standard,Thriller,Laptop,10
1673,Arjun,56,Male,USA,Basic,Sci-Fi,TV,28
1674,Kabir,45,Male,India,Standard,Thriller,Laptop,11
1675,Aarav,44,Male,Canada,Basic,Comedy,Tablet,35
1676,Ananya,21,Male,India,Standard,Comedy,Laptop,15
1677,Siya,32,Female,UK,Standard,Action,TV,8
1678,Aarav,52,Male,India,Standard,Thriller,Laptop,20
1679,Aarav,54,Female,USA,Basic,Thriller,Tablet,21
1680,Neha,18,Female,India,Premium,Sci-Fi,TV,1
1681,Vihaan,20,Female,Canada,Standard,Comedy,Mobile,29
1682,Neha,41,Male,Australia,Standard,Drama,Laptop,24
1683,Rohan,44,Female,India,Basic,Action,TV,30
1684,Isha,57,Male,India,Standard,Thriller,Laptop,40
1685,Isha,53,Female,UK,Standard,Romance,Tablet,35
1686,Vihaan,51,Female,Canada,Standard,Romance,TV,33
1687,Priya,46,Male,Australia,Standard,Drama,Mobile,20
1688,Priya,41,Female,USA,Premium,Comedy,Mobile,16
1689,Ananya,41,Female,India,Premium,Comedy,Laptop,9
1690,Vihaan,59,Female,Australia,Standard,Comedy,Tablet,31
1691,Aarav,21,Female,USA,Standard,Sci-Fi,Tablet,17
1692,Priya,20,Male,Canada,Standard,Romance,Laptop,31
1693,Arjun,51,Female,Canada,Premium,Comedy,TV,48
1694,Kabir,40,Female,Australia,Premium,Romance,TV,23
1695,Aarav,40,Male,USA,Basic,Drama,Laptop,6
1696,Rohan,22,Female,Canada,Basic,Action,TV,30
1697,Arjun,48,Female,Australia,Standard,Sci-Fi,TV,7
1698,Arjun,58,Female,Canada,Standard,Thriller,TV,48
1699,Vihaan,23,Female,Canada,Premium,Drama,Laptop,40
1700,Ananya,54,Male,Canada,Standard,Romance,Mobile,42
1701,Rohan,27,Female,,Standard,Drama,Tablet,46
1702,Priya,57,Male,USA,Premium,Thriller,Mobile,11
1703,Vihaan,24,Female,Australia,Premium,Sci-Fi,TV,34
1704,Priya,56,Female,Australia,Premium,Action,Laptop,12
1705,Vihaan,55,Female,USA,Premium,Thriller,Tablet,45
1706,Vihaan,38,Male,USA,Basic,Sci-Fi,TV,47
1707,Vihaan,37,Female,USA,Premium,Romance,Tablet,27
1708,Ananya,20,Female,USA,Premium,Thriller,Tablet,12
1709,Vihaan,39,Male,India,Standard,Drama,Mobile,13
1710,Siya,21,Male,Australia,Standard,Comedy,TV,8
1711,Kabir,45,Male,India,Standard,Drama,Tablet,16
1712,Priya,29,Male,Canada,Basic,Romance,Mobile,29
1713,Aarav,55,Female,Canada,Premium,Action,Laptop,35
1714,Neha,53,Female,Australia,Premium,Thriller,Tablet,29
1715,Rohan,58,Female,Canada,Basic,Action,TV,31
1716,Isha,22,Female,USA,Premium,Romance,Laptop,13
1717,Ananya,30,Male,India,Standard,Thriller,Tablet,12
1718,Aarav,40,Female,USA,Basic,Sci-Fi,Tablet,2
1719,Arjun,47,Female,Canada,Premium,Sci-Fi,TV,33
1720,Siya,54,Female,India,Basic,Drama,Tablet,8
1721,Isha,42,Female,USA,Basic,Drama,TV,41
1722,Neha,44,Male,Australia,Premium,Romance,TV,40
1723,Aarav,31,Female,USA,Standard,Sci-Fi,TV,49
1724,Isha,53,Female,Canada,Premium,Thriller,TV,41
1725,Aarav,56,Female,India,Premium,Sci-Fi,Tablet,32
1726,Siya,33,Male,Australia,Standard,Drama,Laptop,38
1727,Neha,39,Male,India,Premium,Romance,Laptop,28
1728,Arjun,38,Female,Australia,Premium,Sci-Fi,Mobile,15
1729,Vihaan,38,Female,India,Premium,Romance,TV,23
1730,Priya,25,Female,Canada,Basic,Sci-Fi,Tablet,24
1731,Arjun,33,Male,Australia,Basic,Action,Tablet,13
1732,Vihaan,48,Female,UK,Basic,Sci-Fi,Mobile,21
1733,Ananya,59,Female,India,Premium,Drama,Laptop,12
1734,Kabir,27,Female,India,Standard,Thriller,Tablet,13
1735,Rohan,49,Male,USA,Basic,Drama,Mobile,39
1736,Rohan,51,Female,Australia,Standard,Drama,Laptop,23
1737,Priya,26,Female,UK,Premium,Drama,Tablet,46
1738,Neha,34,Male,Canada,Basic,Romance,TV,43
1739,Siya,28,Male,USA,Premium,Comedy,Mobile,28
1740,Neha,49,Female,UK,Standard,Comedy,Tablet,14
1741,Siya,27,Male,Australia,Basic,Action,Mobile,17
1742,Neha,39,Female,UK,Basic,Drama,Mobile,24
1743,Kabir,34,Male,India,Basic,Comedy,Mobile,34
1744,Ananya,21,Male,India,Basic,Action,TV,48
1745,Ananya,42,Female,USA,Standard,Romance,Laptop,22
1746,Vihaan,38,Female,Australia,Basic,Drama,Laptop,10
1747,Isha,54,Female,Australia,Premium,Thriller,Tablet,8
1748,Ananya,55,Male,UK,Basic,Romance,TV,21
1749,Ananya,18,Female,USA,Standard,Action,Laptop,37
1750,Arjun,42,Female,Australia,Basic,Romance,Tablet,7
1751,Arjun,53,Female,India,Standard,Thriller,Tablet,26
1752,Vihaan,34,Female,UK,Standard,Romance,Mobile,13
1753,Isha,58,Female,Canada,Premium,Action,TV,16
1754,Priya,41,Male,India,Basic,Thriller,Laptop,30
1755,Arjun,19,Female,USA,Basic,Thriller,TV,31
1756,Priya,57,Female,Australia,Basic,Romance,TV,5
1757,Aarav,32,Male,India,Premium,Thriller,Laptop,32
1758,Arjun,49,Female,Canada,Premium,Romance,Laptop,16
1759,Kabir,56,Female,Canada,Standard,Drama,TV,47
1760,Isha,23,Female,USA,Standard,Thriller,Tablet,9
1761,Vihaan,18,Female,India,Standard,Romance,TV,22
1762,Aarav,40,Female,UK,Premium,Drama,Laptop,44
1763,Isha,56,Male,India,Premium,Thriller,TV,40
1764,Kabir,34,Male,Canada,Premium,Drama,Laptop,45
1765,Isha,51,Male,USA,Standard,Sci-Fi,Tablet,37
1766,Kabir,58,Female,USA,Premium,Thriller,TV,14
1767,Kabir,46,Male,UK,Standard,Sci-Fi,Tablet,16
1768,Priya,26,Female,USA,Standard,Action,TV,43
1769,Neha,30,Female,USA,Basic,Action,TV,20
1770,Aarav,23,Female,USA,Basic,Romance,Laptop,44
1771,Isha,23,Male,USA,Basic,Comedy,Mobile,15
1772,Siya,37,Male,USA,Standard,Sci-Fi,Laptop,44
1773,Aarav,20,Male,Canada,Basic,Sci-Fi,TV,26
1774,Neha,34,Female,India,Basic,Action,Mobile,9
1775,Aarav,29,Male,Australia,Basic,Sci-Fi,Mobile,1
1776,Ananya,18,Female,USA,Premium,Comedy,Tablet,35
1777,Siya,34,Male,Australia,Standard,Drama,TV,44
1778,Neha,20,Male,Australia,Basic,Drama,Laptop,20
1779,Priya,43,Female,Canada,Premium,Comedy,Mobile,45
1780,Isha,32,Female,USA,Premium,Sci-Fi,Mobile,6
1781,Rohan,53,Male,Australia,Premium,Sci-Fi,Laptop,42
1782,Neha,49,Male,USA,Basic,Sci-Fi,Laptop,10
1783,Vihaan,49,Male,UK,Premium,Romance,Mobile,48
1784,Isha,21,Female,UK,Standard,Thriller,Laptop,33
1785,Neha,35,Female,UK,Premium,Comedy,Tablet,16
1786,Ananya,36,Male,Australia,Premium,Comedy,Mobile,36
1787,Rohan,52,Male,UK,Premium,Comedy,Tablet,6
1788,Ananya,57,Female,Canada,Premium,Comedy,TV,19
1789,Rohan,31,Male,Canada,Standard,Comedy,Tablet,31
1790,Vihaan,50,Female,Australia,Basic,Sci-Fi,Laptop,2
1791,Isha,31,Female,USA,Standard,Romance,Mobile,18
1792,Priya,51,Female,India,Standard,Action,Tablet,42
1793,Ananya,21,Female,USA,Basic,Sci-Fi,Laptop,28
1794,Ananya,41,Female,USA,Premium,Sci-Fi,Laptop,4
1795,Kabir,46,Female,USA,Basic,Thriller,Tablet,1
1796,Rohan,36,Male,USA,Basic,Action,Mobile,47
1797,Arjun,23,Female,India,Standard,Comedy,Tablet,42
1798,Isha,50,Female,UK,Basic,Action,TV,16
1799,Rohan,57,Male,USA,Premium,Romance,Tablet,45
1800,Kabir,36,Female,Canada,Standard,Drama,Tablet,47
1801,Aarav,18,Male,,Premium,Sci-Fi,Mobile,2
1802,Rohan,22,Female,Australia,Standard,Action,Tablet,36
1803,Priya,44,Male,Canada,Premium,Thriller,Laptop,1
1804,Isha,33,Male,USA,Basic,Romance,Mobile,39
1805,Kabir,23,Female,India,Basic,Drama,Laptop,23
1806,Aarav,57,Female,UK,Basic,Romance,Mobile,26
1807,Siya,30,Female,Australia,Premium,Comedy,TV,11
1808,Kabir,52,Female,UK,Standard,Drama,TV,42
1809,Siya,36,Male,India,Standard,Thriller,TV,1
1810,Isha,29,Male,Australia,Standard,Drama,Tablet,11
1811,Ananya,33,Male,UK,Basic,Thriller,TV,24
1812,Kabir,27,Female,India,Premium,Comedy,Mobile,10
1813,Vihaan,42,Male,UK,Standard,Thriller,TV,14
1814,Siya,37,Female,USA,Premium,Romance,Mobile,14
1815,Priya,48,Female,India,Standard,Action,Laptop,7
1816,Vihaan,21,Male,UK,Basic,Romance,Tablet,23
1817,Neha,40,Female,USA,Premium,Sci-Fi,Laptop,43
1818,Neha,19,Male,USA,Standard,Romance,Laptop,22
1819,Aarav,39,Female,India,Standard,Drama,TV,36
1820,Ananya,54,Male,Canada,Standard,Comedy,TV,27
1821,Isha,25,Female,Australia,Standard,Sci-Fi,TV,2
1822,Kabir,24,Male,India,Basic,Sci-Fi,Laptop,39
1823,Arjun,31,Male,USA,Standard,Sci-Fi,Tablet,46
1824,Priya,20,Female,USA,Standard,Action,Tablet,19
1825,Siya,33,Female,India,Basic,Thriller,Laptop,7
1826,Isha,36,Male,Canada,Standard,Drama,Tablet,12
1827,Vihaan,35,Female,Australia,Premium,Comedy,Laptop,3
1828,Neha,33,Female,UK,Premium,Action,Laptop,47
1829,Priya,25,Female,India,Standard,Romance,Tablet,5
1830,Arjun,50,Male,Australia,Basic,Comedy,Mobile,8
1831,Kabir,29,Male,Australia,Basic,Sci-Fi,Mobile,14
1832,Aarav,28,Female,USA,Basic,Comedy,TV,36
1833,Arjun,22,Female,UK,Standard,Comedy,Tablet,7
1834,Priya,44,Male,India,Standard,Romance,TV,7
1835,Arjun,29,Female,USA,Premium,Thriller,Laptop,46
1836,Priya,34,Male,USA,Basic,Drama,Mobile,32
1837,Priya,23,Female,Canada,Standard,Sci-Fi,Tablet,8
1838,Rohan,50,Female,Australia,Standard,Thriller,Tablet,12
1839,Siya,22,Female,India,Standard,Action,Tablet,10
1840,Neha,45,Male,India,Basic,Sci-Fi,Mobile,14
1841,Rohan,31,Male,India,Basic,Drama,TV,9
1842,Kabir,22,Male,USA,Premium,Action,Mobile,38
1843,Rohan,50,Male,Canada,Basic,Romance,TV,30
1844,Ananya,58,Female,UK,Standard,Thriller,Laptop,5
1845,Ananya,36,Female,USA,Premium,Sci-Fi,Laptop,1
1846,Neha,39,Male,UK,Basic,Comedy,TV,1
1847,Arjun,22,Female,Canada,Basic,Drama,Laptop,20
1848,Siya,19,Female,Australia,Basic,Sci-Fi,Laptop,49
1849,Neha,47,Male,India,Basic,Comedy,Tablet,11
1850,Priya,56,Female,UK,Standard,Sci-Fi,Tablet,26
1851,Vihaan,21,Female,USA,Basic,Action,Mobile,44
1852,Siya,50,Male,UK,Standard,Comedy,Mobile,3
1853,Siya,30,Female,Australia,Standard,Comedy,Mobile,6
1854,Priya,37,Female,India,Standard,Sci-Fi,Tablet,43
1855,Priya,24,Female,UK,Premium,Romance,Mobile,45
1856,Aarav,32,Male,Australia,Standard,Romance,Mobile,11
1857,Neha,40,Male,USA,Basic,Thriller,Tablet,8
1858,Priya,31,Female,Canada,Premium,Action,TV,29
1859,Ananya,40,Female,USA,Basic,Romance,Tablet,10
1860,Kabir,36,Female,India,Standard,Sci-Fi,TV,34
1861,Vihaan,46,Male,USA,Basic,Romance,Tablet,24
1862,Neha,37,Male,USA,Premium,Thriller,Mobile,46
1863,Isha,46,Male,USA,Premium,Drama,Laptop,48
1864,Ananya,41,Female,USA,Basic,Thriller,Laptop,17
1865,Arjun,35,Female,India,Basic,Comedy,TV,32
1866,Priya,27,Female,Australia,Basic,Comedy,TV,11
1867,Isha,58,Female,UK,Premium,Romance,TV,34
1868,Priya,25,Female,Canada,Standard,Romance,Laptop,24
1869,Siya,43,Male,UK,Basic,Thriller,TV,5
1870,Ananya,46,Female,UK,Standard,Thriller,Tablet,29
1871,Siya,27,Female,Canada,Premium,Sci-Fi,Tablet,48
1872,Aarav,34,Female,India,Basic,Action,Laptop,48
1873,Siya,19,Male,Canada,Basic,Sci-Fi,Tablet,34
1874,Aarav,23,Female,India,Premium,Comedy,TV,16
1875,Aarav,22,Male,UK,Basic,Sci-Fi,Laptop,25
1876,Isha,45,Male,India,Standard,Thriller,TV,37
1877,Priya,58,Male,Australia,Premium,Sci-Fi,Tablet,8
1878,Arjun,22,Male,Canada,Premium,Drama,TV,29
1879,Siya,35,Male,Australia,Basic,Action,Laptop,46
1880,Ananya,43,Female,UK,Premium,Thriller,TV,25
1881,Aarav,37,Female,Canada,Basic,Romance,Tablet,42
1882,Priya,58,Male,UK,Basic,Sci-Fi,Mobile,23
1883,Vihaan,44,Male,Australia,Premium,Thriller,Laptop,34
1884,Neha,29,Male,UK,Basic,Romance,TV,3
1885,Isha,24,Female,Canada,Standard,Romance,Laptop,30
1886,Arjun,20,Female,Canada,Standard,Comedy,TV,34
1887,Rohan,27,Male,UK,Basic,Comedy,Mobile,32
1888,Isha,51,Female,Canada,Standard,Thriller,Tablet,29
1889,Vihaan,42,Female,Canada,Basic,Thriller,TV,9
1890,Neha,52,Male,UK,Standard,Drama,TV,2
1891,Vihaan,33,Male,Australia,Premium,Action,Mobile,39
1892,Siya,19,Female,Canada,Basic,Action,Laptop,7
1893,Aarav,41,Female,Canada,Basic,Thriller,Tablet,46
1894,Arjun,27,Female,Canada,Basic,Comedy,TV,5
1895,Kabir,55,Male,Canada,Basic,Sci-Fi,TV,8
1896,Aarav,39,Male,UK,Basic,Drama,Tablet,32
1897,Kabir,43,Male,Australia,Basic,Action,Mobile,18
1898,Neha,56,Female,Australia,Premium,Thriller,Laptop,38
1899,Priya,44,Female,India,Premium,Comedy,Tablet,46
1900,Rohan,46,Male,Canada,Standard,Comedy,Laptop,18
1901,Ananya,55,Female,,Basic,Comedy,Mobile,49
1902,Aarav,37,Male,India,Standard,Sci-Fi,Mobile,41
1903,Arjun,44,Female,Australia,Standard,Romance,Tablet,45
1904,Vihaan,58,Male,USA,Premium,Sci-Fi,TV,16
1905,Arjun,37,Female,USA,Standard,Comedy,Mobile,21
1906,Neha,36,Female,Australia,Premium,Thriller,Mobile,10
1907,Kabir,37,Male,Canada,Standard,Drama,Tablet,42
1908,Vihaan,52,Male,USA,Basic,Sci-Fi,Tablet,4
1909,Ananya,19,Male,UK,Standard,Thriller,Tablet,44
1910,Ananya,47,Male,UK,Premium,Comedy,Mobile,8
1911,Aarav,51,Male,India,Premium,Drama,Laptop,47
1912,Neha,39,Female,Australia,Premium,Action,Mobile,19
1913,Priya,20,Male,Australia,Standard,Action,Tablet,47
1914,Neha,23,Male,USA,Standard,Thriller,TV,40
1915,Kabir,32,Male,Canada,Premium,Drama,TV,40
1916,Arjun,44,Male,Australia,Basic,Thriller,Tablet,9
1917,Ananya,27,Male,USA,Basic,Drama,TV,30
1918,Arjun,26,Female,USA,Standard,Drama,Mobile,17
1919,Arjun,50,Male,Australia,Standard,Thriller,Laptop,40
1920,Arjun,49,Male,USA,Premium,Drama,Mobile,44
1921,Ananya,23,Male,India,Standard,Sci-Fi,Tablet,15
1922,Isha,58,Female,India,Standard,Comedy,Mobile,4
1923,Siya,53,Female,Australia,Premium,Drama,TV,6
1924,Kabir,19,Male,Canada,Premium,Sci-Fi,Mobile,16
1925,Isha,46,Male,India,Standard,Drama,Laptop,26
1926,Kabir,21,Female,India,Basic,Sci-Fi,TV,37
1927,Vihaan,18,Female,Australia,Standard,Thriller,Laptop,23
1928,Neha,36,Female,UK,Basic,Action,Laptop,13
1929,Neha,43,Male,USA,Basic,Romance,Laptop,47
1930,Rohan,42,Male,India,Basic,Drama,Mobile,17
1931,Neha,27,Female,UK,Premium,Romance,Mobile,27
1932,Ananya,32,Male,Canada,Premium,Drama,Mobile,22
1933,Priya,39,Female,UK,Premium,Thriller,Mobile,37
1934,Aarav,38,Female,Australia,Standard,Thriller,TV,19
1935,Rohan,39,Female,Canada,Premium,Sci-Fi,Mobile,39
1936,Aarav,53,Male,Canada,Premium,Drama,TV,35
1937,Kabir,51,Female,UK,Standard,Thriller,Laptop,13
1938,Aarav,47,Female,Australia,Standard,Thriller,TV,14
1939,Aarav,42,Male,India,Basic,Drama,Tablet,48
1940,Rohan,45,Female,UK,Standard,Sci-Fi,Mobile,31
1941,Vihaan,18,Male,India,Standard,Sci-Fi,Tablet,45
1942,Arjun,21,Female,UK,Premium,Sci-Fi,TV,2
1943,Neha,24,Male,India,Basic,Sci-Fi,Mobile,46
1944,Neha,26,Female,UK,Basic,Action,Tablet,39
1945,Ananya,53,Female,Canada,Standard,Drama,Mobile,37
1946,Rohan,36,Female,USA,Premium,Action,TV,14
1947,Ananya,18,Female,Canada,Premium,Thriller,Tablet,9
1948,Priya,27,Female,India,Premium,Action,TV,10
1949,Priya,53,Male,Australia,Premium,Sci-Fi,Tablet,7
1950,Ananya,26,Male,Canada,Standard,Thriller,Laptop,28
1951,Rohan,59,Female,USA,Premium,Action,Laptop,46
1952,Ananya,49,Female,India,Basic,Action,Laptop,25
1953,Neha,49,Female,Canada,Basic,Drama,Laptop,46
1954,Isha,23,Male,UK,Standard,Action,Laptop,28
1955,Siya,55,Male,Australia,Premium,Thriller,TV,2
1956,Aarav,34,Female,India,Premium,Sci-Fi,Laptop,17
1957,Siya,27,Male,Canada,Premium,Drama,TV,4
1958,Rohan,44,Female,India,Premium,Action,Laptop,13
1959,Siya,52,Female,UK,Standard,Drama,Mobile,18
1960,Priya,38,Female,USA,Premium,Romance,Laptop,3
1961,Kabir,42,Male,Canada,Standard,Drama,Mobile,37
1962,Aarav,45,Female,India,Premium,Sci-Fi,TV,33
1963,Arjun,32,Female,India,Premium,Romance,Laptop,41
1964,Rohan,21,Female,India,Basic,Romance,Tablet,24
1965,Aarav,46,Male,USA,Standard,Drama,TV,8
1966,Siya,26,Male,India,Basic,Thriller,Laptop,35
1967,Priya,44,Male,Australia,Standard,Sci-Fi,TV,2
1968,Vihaan,43,Female,Australia,Premium,Thriller,Tablet,33
1969,Isha,36,Male,India,Premium,Sci-Fi,Laptop,12
1970,Arjun,45,Female,Australia,Standard,Sci-Fi,Tablet,22
1971,Isha,34,Male,Canada,Basic,Thriller,Laptop,13
1972,Aarav,58,Female,Australia,Standard,Comedy,Mobile,10
1973,Priya,59,Male,India,Standard,Romance,TV,17
1974,Priya,37,Female,UK,Premium,Drama,Tablet,43
1975,Siya,57,Male,Canada,Basic,Thriller,TV,5
1976,Neha,56,Male,USA,Standard,Thriller,Tablet,9
1977,Siya,40,Male,India,Basic,Drama,TV,13
1978,Neha,49,Female,USA,Basic,Romance,TV,23
1979,Neha,50,Male,UK,Standard,Drama,TV,30
1980,Arjun,22,Male,USA,Basic,Sci-Fi,Mobile,43
1981,Siya,51,Male,India,Premium,Comedy,Laptop,4
1982,Vihaan,57,Male,India,Premium,Sci-Fi,Mobile,21
1983,Ananya,28,Female,UK,Premium,Comedy,TV,43
1984,Ananya,20,Male,India,Premium,Drama,Tablet,9
1985,Siya,50,Female,UK,Basic,Sci-Fi,TV,7
1986,Siya,28,Female,UK,Premium,Romance,Laptop,16
1987,Isha,33,Female,India,Standard,Sci-Fi,Mobile,23
1988,Arjun,35,Female,Australia,Premium,Thriller,Laptop,23
1989,Siya,47,Male,UK,Standard,Comedy,Tablet,31
1990,Isha,27,Female,India,Standard,Comedy,Laptop,5
1991,Neha,35,Female,Australia,Premium,Romance,Mobile,6
1992,Priya,55,Female,UK,Premium,Comedy,Tablet,1
1993,Priya,36,Female,Australia,Basic,Comedy,Laptop,48
1994,Neha,53,Male,Canada,Standard,Romance,Mobile,28
1995,Rohan,30,Male,Canada,Premium,Sci-Fi,Mobile,18
1996,Isha,20,Female,Australia,Basic,Drama,TV,24
1997,Isha,27,Female,UK,Premium,Sci-Fi,Laptop,13
1998,Neha,55,Female,India,Premium,Thriller,Tablet,33
1999,Vihaan,18,Male,USA,Premium,Thriller,TV,10
2000,Kabir,44,Male,India,Standard,Comedy,Laptop,7
2001,Aarav,25,Male,,Premium,Thriller,Laptop,37
2002,Neha,59,Male,USA,Basic,Drama,Tablet,32
2003,Siya,34,Male,UK,Premium,Comedy,TV,45
2004,Siya,26,Female,Australia,Premium,Thriller,TV,22
2005,Arjun,23,Male,India,Basic,Action,Tablet,16
2006,Neha,42,Male,Australia,Basic,Action,TV,24
2007,Arjun,56,Female,Canada,Standard,Action,Mobile,14
2008,Neha,45,Male,UK,Standard,Action,Tablet,11
2009,Isha,50,Male,UK,Standard,Sci-Fi,Laptop,19
2010,Aarav,54,Male,Canada,Standard,Action,Tablet,23
2011,Isha,26,Female,India,Basic,Comedy,Mobile,34
2012,Kabir,35,Male,Canada,Premium,Romance,Tablet,40
2013,Priya,38,Female,India,Premium,Sci-Fi,Laptop,13
2014,Ananya,19,Female,USA,Premium,Romance,Laptop,39
2015,Neha,55,Male,UK,Standard,Comedy,Tablet,44
2016,Kabir,57,Male,India,Basic,Comedy,Tablet,28
2017,Priya,53,Male,Australia,Basic,Drama,Mobile,40
2018,Rohan,54,Male,Australia,Basic,Sci-Fi,Mobile,16
2019,Aarav,32,Female,UK,Premium,Romance,Laptop,28
2020,Arjun,45,Male,Canada,Standard,Action,TV,4
2021,Arjun,35,Female,Canada,Basic,Comedy,TV,28
2022,Isha,51,Female,India,Standard,Action,TV,12
2023,Siya,39,Female,Canada,Basic,Romance,TV,16
2024,Priya,28,Female,UK,Standard,Sci-Fi,Laptop,49
2025,Rohan,30,Female,India,Basic,Thriller,TV,36
2026,Kabir,21,Male,USA,Standard,Thriller,TV,20
2027,Aarav,39,Female,Canada,Basic,Comedy,Tablet,26
2028,Priya,24,Female,Canada,Basic,Drama,TV,26
2029,Rohan,41,Male,India,Standard,Action,Tablet,22
2030,Ananya,21,Male,Australia,Standard,Comedy,Laptop,9
2031,Neha,45,Female,Canada,Premium,Drama,Tablet,5
2032,Arjun,32,Female,UK,Standard,Action,Mobile,17
2033,Kabir,18,Male,Canada,Basic,Romance,Tablet,49
2034,Arjun,20,Female,USA,Basic,Thriller,TV,34
2035,Kabir,31,Male,Canada,Standard,Drama,Tablet,2
2036,Isha,55,Male,Australia,Premium,Action,Tablet,7
2037,Siya,18,Female,Canada,Standard,Comedy,Laptop,36
2038,Kabir,55,Male,India,Basic,Action,Laptop,13
2039,Arjun,55,Female,Canada,Basic,Comedy,TV,20
2040,Isha,38,Female,Australia,Premium,Thriller,Mobile,30
2041,Kabir,46,Female,India,Standard,Thriller,Mobile,30
2042,Ananya,22,Male,UK,Basic,Action,Tablet,11
2043,Siya,27,Female,India,Basic,Action,Mobile,31
2044,Kabir,45,Male,USA,Basic,Comedy,Laptop,3
2045,Isha,38,Female,India,Standard,Comedy,TV,2
2046,Priya,24,Female,UK,Standard,Drama,TV,48
2047,Vihaan,20,Male,Canada,Premium,Drama,Laptop,3
2048,Rohan,37,Female,India,Basic,Drama,TV,15
2049,Vihaan,36,Female,India,Basic,Action,Tablet,17
2050,Vihaan,52,Male,India,Premium,Sci-Fi,TV,48
2051,Aarav,21,Male,India,Basic,Sci-Fi,Mobile,7
2052,Ananya,22,Male,UK,Premium,Sci-Fi,TV,48
2053,Priya,18,Female,Australia,Premium,Sci-Fi,TV,5
2054,Neha,21,Male,Australia,Basic,Drama,Laptop,34
2055,Kabir,29,Male,India,Standard,Action,Laptop,33
2056,Rohan,44,Female,UK,Standard,Sci-Fi,Mobile,45
2057,Siya,59,Male,UK,Standard,Thriller,Laptop,16
2058,Priya,40,Female,India,Standard,Romance,Mobile,37
2059,Arjun,42,Female,USA,Basic,Thriller,Tablet,3
2060,Neha,38,Male,India,Premium,Action,Mobile,47
2061,Aarav,41,Female,USA,Premium,Action,TV,48
2062,Aarav,42,Male,India,Basic,Romance,Mobile,43
2063,Priya,49,Male,USA,Standard,Comedy,Tablet,21
2064,Isha,49,Male,USA,Premium,Comedy,TV,41
2065,Vihaan,22,Male,India,Basic,Comedy,Mobile,8
2066,Arjun,53,Female,USA,Basic,Drama,Laptop,22
2067,Aarav,59,Female,Canada,Standard,Comedy,Laptop,5
2068,Rohan,59,Male,Australia,Basic,Drama,Laptop,17
2069,Aarav,56,Male,UK,Premium,Drama,Mobile,37
2070,Siya,33,Female,USA,Premium,Comedy,Mobile,14
2071,Kabir,50,Male,USA,Basic,Comedy,Tablet,39
2072,Aarav,38,Female,UK,Premium,Romance,TV,41
2073,Siya,26,Male,USA,Basic,Sci-Fi,TV,28
2074,Priya,23,Female,UK,Premium,Romance,TV,31
2075,Priya,52,Female,India,Standard,Drama,TV,17
2076,Neha,56,Female,Canada,Premium,Romance,Mobile,35
2077,Aarav,39,Male,Canada,Standard,Drama,Mobile,40
2078,Rohan,58,Male,Australia,Standard,Action,Tablet,22
2079,Aarav,22,Male,USA,Basic,Drama,TV,45
2080,Rohan,59,Male,Australia,Standard,Drama,Mobile,48
2081,Ananya,40,Male,India,Premium,Romance,Mobile,29
2082,Neha,34,Female,Canada,Premium,Sci-Fi,Mobile,10
2083,Ananya,29,Female,India,Standard,Action,Mobile,18
2084,Aarav,40,Female,India,Basic,Thriller,TV,35
2085,Neha,33,Female,USA,Standard,Thriller,TV,44
2086,Ananya,20,Female,India,Premium,Sci-Fi,Mobile,16
2087,Vihaan,47,Female,Canada,Premium,Thriller,Laptop,49
2088,Aarav,39,Female,Australia,Standard,Action,Tablet,7
2089,Ananya,26,Male,Canada,Standard,Comedy,TV,30
2090,Vihaan,46,Female,USA,Standard,Action,TV,19
2091,Vihaan,54,Male,Canada,Premium,Romance,Laptop,23
2092,Priya,40,Female,UK,Premium,Drama,TV,8
2093,Aarav,30,Female,Australia,Premium,Drama,Laptop,17
2094,Vihaan,49,Male,UK,Basic,Romance,Laptop,21
2095,Priya,40,Female,UK,Premium,Romance,Mobile,26
2096,Ananya,34,Male,USA,Premium,Drama,TV,28
2097,Siya,57,Female,India,Basic,Sci-Fi,Tablet,39
2098,Aarav,38,Male,UK,Basic,Comedy,Laptop,33
2099,Neha,19,Female,Canada,Basic,Comedy,Tablet,40
2100,Rohan,54,Male,India,Basic,Comedy,Mobile,19
2101,Rohan,23,Male,,Basic,Romance,TV,29
2102,Ananya,35,Female,Canada,Basic,Drama,Mobile,20
2103,Isha,47,Female,India,Standard,Sci-Fi,Mobile,20
2104,Isha,39,Male,India,Standard,Drama,Tablet,10
2105,Ananya,50,Female,Canada,Standard,Drama,Tablet,12
2106,Vihaan,47,Male,USA,Standard,Sci-Fi,Laptop,33
2107,Aarav,34,Female,Australia,Premium,Action,TV,25
2108,Rohan,49,Male,Australia,Basic,Sci-Fi,Mobile,25
2109,Rohan,59,Female,USA,Premium,Action,Laptop,4
2110,Vihaan,31,Male,India,Basic,Thriller,Laptop,4
2111,Rohan,27,Female,Canada,Basic,Action,Mobile,9
2112,Neha,53,Male,Australia,Premium,Comedy,Mobile,15
2113,Aarav,51,Male,Canada,Standard,Comedy,Laptop,26
2114,Kabir,26,Female,USA,Premium,Sci-Fi,Mobile,15
2115,Rohan,59,Female,Canada,Premium,Comedy,Mobile,26
2116,Ananya,45,Male,USA,Basic,Comedy,Tablet,28
2117,Neha,28,Male,India,Basic,Thriller,TV,7
2118,Rohan,31,Male,USA,Basic,Comedy,Laptop,32
2119,Neha,56,Male,USA,Standard,Romance,Mobile,12
2120,Priya,36,Female,Australia,Premium,Romance,Laptop,35
2121,Kabir,32,Male,Canada,Premium,Romance,TV,32
2122,Arjun,45,Male,Australia,Standard,Action,Laptop,9
2123,Ananya,41,Male,UK,Premium,Sci-Fi,Laptop,14
2124,Ananya,25,Female,USA,Premium,Sci-Fi,Laptop,13
2125,Aarav,26,Male,UK,Basic,Drama,Tablet,44
2126,Neha,50,Female,Australia,Standard,Thriller,TV,33
2127,Vihaan,50,Female,Canada,Basic,Romance,TV,32
2128,Ananya,36,Female,Australia,Standard,Romance,Laptop,19
2129,Neha,20,Female,Canada,Basic,Comedy,Laptop,30
2130,Neha,27,Female,Canada,Premium,Romance,TV,16
2131,Siya,57,Female,India,Standard,Comedy,Mobile,12
2132,Siya,59,Female,USA,Standard,Comedy,Tablet,10
2133,Arjun,18,Male,Australia,Basic,Drama,TV,2
2134,Priya,46,Male,Canada,Standard,Action,Laptop,18
2135,Arjun,51,Female,Australia,Premium,Comedy,Mobile,13
2136,Rohan,30,Male,Australia,Premium,Comedy,Mobile,29
2137,Vihaan,18,Male,Canada,Premium,Sci-Fi,Mobile,24
2138,Rohan,51,Female,UK,Basic,Drama,Tablet,38
2139,Isha,46,Male,USA,Standard,Comedy,Tablet,12
2140,Rohan,30,Female,USA,Basic,Thriller,TV,29
2141,Aarav,46,Male,India,Premium,Action,TV,22
2142,Rohan,56,Female,India,Standard,Thriller,TV,36
2143,Arjun,41,Female,India,Premium,Romance,TV,1
2144,Ananya,43,Male,USA,Standard,Action,Laptop,43
2145,Ananya,34,Male,UK,Standard,Romance,Tablet,40
2146,Siya,24,Female,USA,Basic,Sci-Fi,Mobile,34
2147,Vihaan,30,Female,USA,Standard,Comedy,Laptop,34
2148,Vihaan,22,Female,USA,Premium,Drama,TV,48
2149,Aarav,43,Male,USA,Standard,Thriller,TV,33
2150,Arjun,20,Male,UK,Premium,Romance,Laptop,4
2151,Siya,24,Male,India,Basic,Comedy,Mobile,38
2152,Isha,56,Male,Australia,Premium,Thriller,Tablet,30
2153,Vihaan,18,Female,India,Standard,Thriller,Tablet,46
2154,Ananya,34,Female,India,Premium,Sci-Fi,Mobile,20
2155,Rohan,42,Female,Australia,Premium,Sci-Fi,Tablet,26
2156,Rohan,20,Female,USA,Standard,Romance,TV,15
2157,Siya,32,Male,UK,Premium,Comedy,TV,7
2158,Arjun,46,Female,UK,Standard,Drama,TV,7
2159,Arjun,49,Female,India,Basic,Romance,TV,29
2160,Priya,43,Male,Australia,Premium,Thriller,Mobile,23
2161,Kabir,33,Male,Canada,Basic,Thriller,Tablet,34
2162,Vihaan,42,Female,USA,Premium,Action,Tablet,20
2163,Arjun,45,Male,India,Premium,Comedy,Laptop,15
2164,Ananya,26,Female,UK,Basic,Action,Mobile,33
2165,Siya,18,Male,Australia,Premium,Sci-Fi,Tablet,17
2166,Isha,46,Male,Australia,Premium,Drama,Tablet,20
2167,Priya,39,Female,India,Basic,Romance,Laptop,13
2168,Neha,33,Male,Canada,Premium,Thriller,TV,44
2169,Aarav,58,Female,UK,Standard,Comedy,Tablet,24
2170,Isha,58,Male,India,Premium,Thriller,TV,47
2171,Neha,24,Male,Canada,Premium,Sci-Fi,Laptop,37
2172,Rohan,31,Male,Australia,Premium,Action,Tablet,7
2173,Aarav,46,Male,USA,Basic,Action,TV,8
2174,Vihaan,36,Male,UK,Standard,Romance,Mobile,23
2175,Ananya,36,Female,UK,Standard,Comedy,TV,14
2176,Aarav,19,Male,Canada,Premium,Sci-Fi,TV,4
2177,Kabir,58,Female,India,Basic,Comedy,TV,21
2178,Neha,32,Male,Australia,Basic,Romance,TV,46
2179,Vihaan,20,Female,Canada,Standard,Sci-Fi,Mobile,10
2180,Kabir,28,Male,USA,Basic,Sci-Fi,Laptop,22
2181,Rohan,47,Female,USA,Premium,Action,TV,30
2182,Kabir,57,Female,USA,Premium,Action,TV,30
2183,Priya,35,Male,Canada,Basic,Action,Tablet,16
2184,Priya,19,Male,Australia,Premium,Thriller,Tablet,11
2185,Siya,49,Male,UK,Standard,Drama,Mobile,22
2186,Isha,25,Female,India,Premium,Action,Mobile,29
2187,Isha,39,Female,UK,Basic,Drama,Mobile,25
2188,Vihaan,23,Male,Australia,Standard,Drama,Tablet,14
2189,Rohan,29,Male,UK,Premium,Comedy,TV,14
2190,Arjun,57,Female,Canada,Standard,Romance,Tablet,2
2191,Priya,53,Female,USA,Basic,Thriller,Laptop,13
2192,Vihaan,32,Male,Australia,Premium,Drama,Mobile,3
2193,Arjun,45,Female,Australia,Premium,Thriller,Mobile,30
2194,Isha,35,Male,UK,Standard,Comedy,Mobile,18
2195,Siya,19,Male,Canada,Premium,Action,Laptop,36
2196,Kabir,30,Male,UK,Premium,Sci-Fi,TV,21
2197,Priya,32,Female,UK,Premium,Drama,TV,19
2198,Vihaan,37,Female,Australia,Premium,Romance,TV,16
2199,Aarav,46,Female,UK,Basic,Sci-Fi,Mobile,28
2200,Arjun,59,Female,USA,Premium,Comedy,TV,4
2201,Kabir,46,Male,,Standard,Thriller,Tablet,15
2202,Priya,20,Female,USA,Basic,Action,Mobile,1
2203,Isha,36,Male,Australia,Standard,Thriller,Laptop,48
2204,Rohan,20,Male,Canada,Standard,Romance,Laptop,47
2205,Arjun,31,Male,USA,Standard,Drama,TV,16
2206,Isha,57,Female,Canada,Basic,Romance,Mobile,20
2207,Priya,21,Male,Canada,Basic,Thriller,Tablet,33
2208,Arjun,28,Male,USA,Basic,Thriller,Tablet,17
2209,Kabir,48,Female,Australia,Premium,Sci-Fi,Mobile,5
2210,Priya,49,Male,India,Standard,Romance,TV,5
2211,Neha,44,Female,Canada,Basic,Romance,Laptop,39
2212,Vihaan,47,Female,Canada,Standard,Romance,Laptop,13
2213,Kabir,19,Female,Australia,Basic,Action,Tablet,44
2214,Arjun,26,Male,Australia,Basic,Thriller,Tablet,36
2215,Rohan,45,Female,UK,Basic,Comedy,Tablet,30
2216,Isha,48,Female,Australia,Standard,Action,Laptop,4
2217,Aarav,51,Female,Canada,Premium,Action,Tablet,23
2218,Isha,32,Female,USA,Basic,Action,Laptop,21
2219,Arjun,42,Male,India,Basic,Sci-Fi,Laptop,21
2220,Isha,53,Female,UK,Basic,Comedy,TV,6
2221,Vihaan,25,Male,USA,Premium,Romance,TV,24
2222,Priya,26,Female,India,Standard,Sci-Fi,TV,47
2223,Aarav,54,Male,India,Standard,Thriller,Tablet,31
2224,Ananya,56,Female,India,Standard,Drama,Laptop,19
2225,Arjun,49,Male,USA,Standard,Sci-Fi,Tablet,38
2226,Siya,34,Female,UK,Basic,Drama,Laptop,12
2227,Ananya,52,Male,UK,Premium,Thriller,TV,14
2228,Isha,54,Male,India,Basic,Comedy,TV,12
2229,Arjun,36,Male,USA,Premium,Drama,Tablet,15
2230,Neha,46,Female,India,Standard,Action,Laptop,19
2231,Siya,24,Male,Australia,Premium,Sci-Fi,Tablet,28
2232,Aarav,45,Male,UK,Basic,Drama,Mobile,40
2233,Rohan,26,Male,Canada,Basic,Thriller,Tablet,41
2234,Neha,45,Male,India,Standard,Action,TV,5
2235,Ananya,23,Female,Australia,Basic,Drama,Laptop,5
2236,Priya,46,Male,UK,Basic,Thriller,Laptop,6
2237,Vihaan,34,Male,USA,Premium,Comedy,Tablet,23
2238,Rohan,33,Male,UK,Basic,Thriller,TV,3
2239,Neha,40,Female,USA,Standard,Comedy,Mobile,37
2240,Priya,48,Male,USA,Standard,Action,Tablet,33
2241,Priya,20,Male,India,Basic,Thriller,Laptop,43
2242,Arjun,38,Male,India,Standard,Romance,TV,21
2243,Neha,43,Male,UK,Premium,Sci-Fi,Laptop,20
2244,Aarav,53,Female,Australia,Premium,Romance,Laptop,1
2245,Isha,59,Male,UK,Basic,Romance,Laptop,39
2246,Siya,54,Male,Canada,Basic,Romance,Laptop,47
2247,Siya,39,Female,USA,Premium,Sci-Fi,Mobile,17
2248,Ananya,59,Female,USA,Standard,Romance,TV,29
2249,Ananya,29,Female,India,Basic,Comedy,Tablet,8
2250,Siya,59,Male,Australia,Basic,Thriller,TV,26
2251,Aarav,30,Female,India,Standard,Action,TV,28
2252,Vihaan,28,Male,Canada,Basic,Romance,TV,34
2253,Kabir,33,Female,UK,Standard,Romance,Tablet,26
2254,Isha,25,Male,UK,Standard,Action,TV,13
2255,Vihaan,57,Female,Australia,Standard,Action,Tablet,44
2256,Arjun,57,Male,India,Standard,Romance,Tablet,37
2257,Kabir,19,Female,India,Standard,Comedy,Mobile,13
2258,Kabir,47,Male,Canada,Premium,Action,Laptop,38
2259,Neha,47,Male,UK,Standard,Thriller,Tablet,25
2260,Aarav,29,Male,India,Premium,Thriller,Laptop,47
2261,Aarav,27,Male,Australia,Standard,Comedy,TV,23
2262,Kabir,28,Male,UK,Basic,Sci-Fi,Laptop,22
2263,Neha,32,Male,Canada,Premium,Drama,Laptop,21
2264,Isha,33,Male,Australia,Basic,Comedy,Laptop,30
2265,Kabir,34,Male,USA,Standard,Romance,TV,11
2266,Rohan,43,Female,Canada,Standard,Drama,TV,4
2267,Ananya,19,Male,Australia,Basic,Romance,Tablet,33
2268,Ananya,29,Male,India,Standard,Thriller,Tablet,47
2269,Vihaan,43,Female,USA,Basic,Action,Mobile,12
2270,Arjun,40,Male,Canada,Standard,Romance,TV,9
2271,Ananya,35,Female,India,Standard,Thriller,Mobile,32
2272,Priya,49,Male,USA,Premium,Comedy,TV,11
2273,Vihaan,55,Female,UK,Basic,Romance,Laptop,37
2274,Ananya,20,Female,India,Standard,Thriller,Mobile,24
2275,Arjun,55,Male,Australia,Basic,Action,Mobile,7
2276,Aarav,20,Female,Canada,Premium,Romance,Mobile,8
2277,Aarav,47,Male,USA,Basic,Sci-Fi,TV,33
2278,Isha,18,Male,India,Premium,Thriller,Tablet,25
2279,Kabir,47,Male,UK,Basic,Romance,Mobile,1
2280,Rohan,49,Male,Canada,Basic,Action,Tablet,3
2281,Aarav,45,Female,Canada,Premium,Romance,TV,40
2282,Neha,38,Male,India,Standard,Romance,Mobile,28
2283,Ananya,30,Female,UK,Standard,Sci-Fi,TV,43
2284,Neha,44,Female,USA,Standard,Thriller,Tablet,33
2285,Arjun,53,Male,India,Basic,Drama,Tablet,46
2286,Aarav,24,Male,USA,Basic,Romance,Mobile,1
2287,Rohan,39,Male,Canada,Standard,Drama,Tablet,38
2288,Arjun,27,Male,USA,Basic,Comedy,Laptop,27
2289,Priya,56,Female,UK,Basic,Romance,Laptop,38
2290,Priya,32,Male,Australia,Standard,Drama,Mobile,35
2291,Neha,32,Female,UK,Premium,Comedy,TV,10
2292,Kabir,21,Male,USA,Basic,Sci-Fi,TV,12
2293,Vihaan,49,Male,India,Basic,Thriller,TV,10
2294,Kabir,40,Male,Canada,Basic,Romance,Laptop,34
2295,Isha,23,Male,Australia,Basic,Thriller,Tablet,24
2296,Kabir,41,Female,India,Premium,Comedy,Laptop,28
2297,Isha,37,Female,India,Standard,Thriller,Tablet,22
2298,Isha,54,Male,UK,Basic,Thriller,Laptop,45
2299,Rohan,37,Female,USA,Standard,Action,TV,16
2300,Aarav,29,Female,UK,Basic,Comedy,TV,13
2301,Rohan,50,Male,,Premium,Thriller,TV,36
2302,Isha,45,Male,UK,Standard,Drama,Mobile,36
2303,Arjun,25,Female,India,Premium,Comedy,Mobile,43
2304,Priya,18,Female,Canada,Basic,Action,Tablet,23
2305,Isha,54,Female,USA,Premium,Romance,Mobile,14
2306,Rohan,39,Female,Australia,Premium,Sci-Fi,Laptop,32
2307,Arjun,23,Male,Australia,Basic,Thriller,Laptop,3
2308,Rohan,38,Male,India,Basic,Drama,Tablet,27
2309,Kabir,49,Female,UK,Standard,Action,Tablet,19
2310,Ananya,52,Male,UK,Basic,Comedy,TV,22
2311,Neha,32,Female,India,Standard,Sci-Fi,Mobile,1
2312,Vihaan,22,Female,Australia,Premium,Sci-Fi,TV,5
2313,Rohan,23,Male,Australia,Premium,Thriller,Mobile,49
2314,Vihaan,42,Female,UK,Standard,Action,Mobile,33
2315,Siya,57,Female,USA,Basic,Action,Tablet,19
2316,Rohan,46,Male,Canada,Basic,Drama,TV,36
2317,Ananya,24,Male,USA,Premium,Romance,TV,6
2318,Vihaan,57,Female,Australia,Standard,Romance,Mobile,15
2319,Isha,30,Female,USA,Premium,Romance,Mobile,36
2320,Rohan,55,Male,Canada,Premium,Sci-Fi,Tablet,33
2321,Aarav,35,Female,USA,Basic,Sci-Fi,Laptop,24
2322,Neha,19,Female,USA,Standard,Comedy,TV,27
2323,Ananya,25,Male,USA,Premium,Sci-Fi,TV,49
2324,Vihaan,28,Male,USA,Basic,Sci-Fi,Tablet,11
2325,Ananya,50,Male,India,Premium,Action,Tablet,49
2326,Arjun,55,Male,Australia,Premium,Comedy,TV,23
2327,Neha,44,Male,Canada,Basic,Action,TV,33
2328,Isha,37,Male,Australia,Basic,Drama,Mobile,41
2329,Rohan,29,Female,India,Standard,Drama,Laptop,46
2330,Rohan,48,Female,India,Premium,Comedy,TV,47
2331,Rohan,44,Male,India,Standard,Comedy,Tablet,29
2332,Neha,49,Male,India,Basic,Sci-Fi,Mobile,31
2333,Aarav,27,Female,USA,Basic,Drama,Mobile,1
2334,Siya,20,Female,Australia,Premium,Thriller,Tablet,34
2335,Priya,44,Female,UK,Standard,Romance,Tablet,18
2336,Kabir,52,Male,Canada,Standard,Sci-Fi,Mobile,18
2337,Vihaan,48,Male,India,Premium,Romance,Tablet,6
2338,Aarav,32,Female,Australia,Premium,Drama,Mobile,40
2339,Isha,33,Male,India,Standard,Romance,Tablet,1
2340,Vihaan,30,Male,India,Basic,Thriller,Mobile,47
2341,Rohan,52,Male,India,Basic,Thriller,TV,42
2342,Ananya,28,Female,India,Premium,Action,TV,30
2343,Isha,38,Female,India,Standard,Comedy,Tablet,4
2344,Vihaan,28,Male,Canada,Standard,Romance,Laptop,32
2345,Rohan,47,Male,Australia,Standard,Thriller,TV,10
2346,Vihaan,52,Male,India,Basic,Comedy,Mobile,43
2347,Ananya,39,Male,India,Basic,Comedy,Laptop,5
2348,Rohan,55,Male,India,Standard,Action,Mobile,9
2349,Siya,48,Female,India,Standard,Comedy,Mobile,5
2350,Aarav,31,Male,USA,Premium,Comedy,TV,11
2351,Arjun,41,Male,USA,Premium,Sci-Fi,Tablet,35
2352,Kabir,49,Male,UK,Standard,Drama,Tablet,27
2353,Neha,53,Female,India,Standard,Action,Mobile,4
2354,Kabir,49,Female,UK,Basic,Action,TV,10
2355,Isha,32,Male,Canada,Standard,Romance,Mobile,39
2356,Kabir,52,Female,UK,Premium,Comedy,Laptop,33
2357,Rohan,20,Female,Australia,Basic,Romance,Mobile,38
2358,Siya,33,Female,USA,Premium,Sci-Fi,TV,8
2359,Arjun,22,Female,USA,Premium,Thriller,Mobile,49
2360,Aarav,38,Female,India,Basic,Comedy,TV,24
2361,Aarav,27,Female,India,Premium,Thriller,Tablet,39
2362,Ananya,36,Male,Canada,Standard,Drama,TV,33
2363,Neha,42,Female,Canada,Premium,Sci-Fi,Laptop,41
2364,Vihaan,21,Female,Australia,Basic,Comedy,TV,43
2365,Siya,46,Male,India,Basic,Romance,Laptop,19
2366,Vihaan,36,Male,India,Basic,Romance,Laptop,2
2367,Arjun,19,Male,Canada,Premium,Comedy,Mobile,11
2368,Kabir,27,Male,Canada,Standard,Romance,Laptop,35
2369,Aarav,42,Female,Canada,Basic,Comedy,TV,17
2370,Arjun,37,Female,USA,Standard,Action,Tablet,42
2371,Kabir,36,Female,UK,Basic,Romance,TV,3
2372,Aarav,40,Female,UK,Standard,Comedy,Tablet,22
2373,Kabir,41,Male,India,Standard,Comedy,Laptop,35
2374,Neha,28,Female,USA,Standard,Romance,Mobile,21
2375,Siya,51,Female,Canada,Basic,Action,Laptop,25
2376,Isha,45,Male,India,Premium,Romance,Laptop,39
2377,Arjun,22,Female,USA,Premium,Comedy,Tablet,2
2378,Arjun,22,Female,Australia,Premium,Action,TV,1
2379,Priya,38,Female,USA,Standard,Thriller,Mobile,7
2380,Rohan,29,Female,India,Basic,Drama,Mobile,20
2381,Neha,21,Male,UK,Standard,Romance,Mobile,43
2382,Neha,59,Male,Canada,Basic,Sci-Fi,Mobile,6
2383,Vihaan,37,Male,Australia,Standard,Comedy,TV,36
2384,Kabir,55,Male,USA,Basic,Action,Mobile,21
2385,Rohan,42,Male,India,Basic,Action,Tablet,46
2386,Siya,31,Female,India,Basic,Thriller,Tablet,35
2387,Siya,28,Female,Canada,Standard,Romance,Mobile,36
2388,Neha,49,Male,India,Premium,Sci-Fi,Mobile,8
2389,Siya,28,Male,India,Standard,Action,TV,4
2390,Priya,35,Male,Canada,Standard,Thriller,TV,43
2391,Arjun,44,Female,Australia,Basic,Comedy,Mobile,16
2392,Ananya,35,Male,UK,Basic,Thriller,TV,3
2393,Isha,40,Female,UK,Premium,Romance,Laptop,7
2394,Vihaan,28,Female,USA,Premium,Thriller,Mobile,2
2395,Kabir,38,Female,Australia,Basic,Action,TV,1
2396,Isha,22,Female,USA,Premium,Action,Tablet,1
2397,Kabir,40,Male,UK,Premium,Drama,Mobile,38
2398,Aarav,58,Female,Canada,Basic,Thriller,Mobile,7
2399,Isha,42,Female,India,Standard,Comedy,Tablet,24
2400,Ananya,58,Male,UK,Premium,Sci-Fi,Tablet,5
2401,Neha,27,Female,,Basic,Sci-Fi,TV,21
2402,Priya,39,Female,UK,Premium,Romance,Tablet,28
2403,Arjun,36,Female,Australia,Premium,Drama,Laptop,18
2404,Arjun,18,Male,Australia,Basic,Thriller,Mobile,24
2405,Priya,24,Female,Australia,Premium,Comedy,Laptop,32
2406,Rohan,21,Female,USA,Premium,Drama,TV,45
2407,Aarav,18,Male,Canada,Premium,Action,Tablet,33
2408,Kabir,32,Male,UK,Standard,Romance,Mobile,10
2409,Ananya,57,Female,Canada,Standard,Thriller,Tablet,9
2410,Siya,29,Female,India,Premium,Sci-Fi,Tablet,49
2411,Isha,39,Male,UK,Basic,Comedy,TV,33
2412,Aarav,39,Female,Canada,Premium,Action,TV,33
2413,Isha,34,Male,Canada,Premium,Drama,TV,7
2414,Ananya,46,Female,India,Standard,Romance,TV,4
2415,Vihaan,31,Male,Australia,Standard,Drama,Mobile,28
2416,Vihaan,37,Female,UK,Standard,Sci-Fi,Laptop,23
2417,Aarav,50,Male,UK,Premium,Drama,Laptop,32
2418,Neha,32,Male,India,Premium,Comedy,Mobile,44
2419,Ananya,29,Male,Australia,Basic,Action,Tablet,16
2420,Ananya,57,Male,UK,Premium,Thriller,Mobile,46
2421,Priya,37,Male,UK,Premium,Comedy,Laptop,10
2422,Neha,47,Female,UK,Standard,Sci-Fi,Laptop,14
2423,Kabir,55,Female,Australia,Standard,Romance,Mobile,39
2424,Kabir,20,Male,India,Standard,Sci-Fi,TV,36
2425,Siya,45,Female,UK,Standard,Sci-Fi,Tablet,34
2426,Arjun,43,Female,Canada,Standard,Drama,Mobile,24
2427,Vihaan,47,Female,Australia,Basic,Romance,Laptop,18
2428,Kabir,30,Female,USA,Basic,Comedy,TV,16
2429,Neha,30,Female,India,Basic,Sci-Fi,Tablet,41
2430,Ananya,19,Female,Canada,Standard,Comedy,Laptop,37
2431,Kabir,54,Male,UK,Standard,Thriller,Tablet,41
2432,Ananya,55,Female,USA,Standard,Drama,TV,25
2433,Kabir,19,Female,India,Basic,Comedy,Laptop,8
2434,Vihaan,53,Female,Australia,Standard,Romance,TV,24
2435,Isha,43,Male,USA,Basic,Sci-Fi,Mobile,20
2436,Kabir,28,Female,USA,Standard,Thriller,Mobile,48
2437,Neha,25,Female,Canada,Premium,Romance,Tablet,30
2438,Kabir,57,Female,India,Basic,Drama,TV,20
2439,Arjun,39,Male,Canada,Premium,Thriller,TV,18
2440,Vihaan,37,Female,Canada,Basic,Thriller,Tablet,4
2441,Neha,25,Male,UK,Standard,Thriller,Tablet,48
2442,Priya,46,Female,Australia,Standard,Sci-Fi,Tablet,36
2443,Neha,57,Male,USA,Premium,Action,Mobile,6
2444,Arjun,43,Male,India,Standard,Thriller,Tablet,3
2445,Isha,47,Male,Australia,Basic,Romance,Mobile,18
2446,Vihaan,34,Female,Australia,Standard,Romance,Tablet,47
2447,Priya,37,Male,India,Standard,Drama,TV,40
2448,Arjun,33,Male,Australia,Basic,Comedy,TV,18
2449,Arjun,24,Male,UK,Premium,Comedy,Tablet,23
2450,Aarav,33,Male,Australia,Premium,Action,Tablet,35
2451,Vihaan,44,Female,UK,Standard,Sci-Fi,Mobile,6
2452,Neha,40,Female,USA,Basic,Sci-Fi,Laptop,26
2453,Ananya,41,Female,USA,Premium,Thriller,Mobile,21
2454,Isha,26,Female,Canada,Premium,Action,TV,24
2455,Ananya,52,Male,UK,Standard,Drama,Tablet,15
2456,Neha,37,Female,USA,Basic,Drama,TV,27
2457,Neha,54,Male,Australia,Premium,Comedy,Laptop,32
2458,Vihaan,59,Female,India,Standard,Drama,Mobile,12
2459,Neha,34,Female,India,Standard,Thriller,TV,5
2460,Aarav,48,Female,UK,Standard,Romance,Mobile,7
2461,Priya,25,Male,Canada,Standard,Drama,Tablet,22
2462,Neha,32,Female,Australia,Premium,Action,TV,27
2463,Ananya,48,Female,UK,Basic,Thriller,Laptop,15
2464,Neha,47,Female,India,Standard,Drama,Mobile,39
2465,Aarav,37,Male,UK,Standard,Sci-Fi,Mobile,45
2466,Kabir,56,Female,Australia,Premium,Drama,Laptop,35
2467,Kabir,29,Female,USA,Standard,Sci-Fi,TV,26
2468,Arjun,34,Male,Australia,Standard,Thriller,TV,23
2469,Isha,59,Male,USA,Basic,Drama,Mobile,13
2470,Siya,47,Female,USA,Standard,Sci-Fi,Laptop,26
2471,Priya,46,Female,USA,Premium,Romance,Mobile,3
2472,Rohan,36,Female,UK,Basic,Comedy,Mobile,29
2473,Arjun,28,Male,India,Premium,Thriller,Tablet,2
2474,Isha,51,Male,UK,Basic,Sci-Fi,TV,28
2475,Kabir,24,Male,India,Basic,Action,TV,23
2476,Ananya,51,Female,Australia,Standard,Drama,Tablet,36
2477,Rohan,37,Male,Canada,Standard,Sci-Fi,TV,49
2478,Isha,55,Female,Australia,Standard,Sci-Fi,TV,6
2479,Isha,41,Male,UK,Premium,Sci-Fi,TV,11
2480,Arjun,27,Male,UK,Standard,Comedy,Laptop,38
2481,Rohan,49,Male,India,Standard,Action,Tablet,34
2482,Vihaan,32,Female,UK,Basic,Action,Mobile,17
2483,Siya,54,Female,USA,Standard,Romance,Laptop,3
2484,Vihaan,37,Female,UK,Standard,Comedy,Mobile,44
2485,Rohan,20,Female,India,Standard,Sci-Fi,Tablet,46
2486,Vihaan,54,Male,India,Standard,Thriller,Tablet,34
2487,Aarav,57,Female,USA,Basic,Comedy,Tablet,22
2488,Kabir,25,Male,India,Standard,Comedy,TV,29
2489,Aarav,57,Female,Canada,Basic,Action,Laptop,29
2490,Neha,40,Female,Australia,Premium,Romance,Tablet,5
2491,Vihaan,57,Male,UK,Standard,Romance,Mobile,10
2492,Neha,28,Male,Canada,Standard,Comedy,TV,10
2493,Ananya,25,Female,UK,Standard,Comedy,TV,9
2494,Priya,46,Female,Canada,Basic,Drama,Laptop,21
2495,Ananya,47,Male,UK,Standard,Sci-Fi,Laptop,13
2496,Rohan,27,Male,USA,Standard,Action,Laptop,10
2497,Isha,56,Male,India,Premium,Sci-Fi,TV,38
2498,Kabir,45,Male,India,Basic,Thriller,Tablet,11
2499,Vihaan,53,Male,USA,Basic,Thriller,Mobile,4
2500,Arjun,30,Female,Canada,Premium,Romance,Tablet,46
2501,Priya,49,Female,,Basic,Action,Mobile,31
2502,Siya,53,Female,Canada,Standard,Sci-Fi,Tablet,49
2503,Siya,54,Female,India,Standard,Romance,Laptop,34
2504,Siya,43,Male,Australia,Premium,Thriller,Mobile,42
2505,Vihaan,39,Male,UK,Basic,Comedy,TV,35
2506,Siya,21,Male,Australia,Basic,Action,Mobile,39
2507,Aarav,48,Female,Canada,Basic,Action,TV,39
2508,Priya,35,Male,USA,Premium,Sci-Fi,Tablet,33
2509,Aarav,55,Male,UK,Standard,Drama,Laptop,8
2510,Isha,41,Female,Canada,Premium,Sci-Fi,Mobile,32
2511,Priya,40,Female,UK,Standard,Comedy,TV,33
2512,Aarav,39,Female,Australia,Premium,Comedy,Tablet,8
2513,Priya,19,Male,India,Standard,Romance,Laptop,46
2514,Isha,48,Male,Canada,Basic,Action,Laptop,14
2515,Neha,28,Female,USA,Basic,Romance,Laptop,34
2516,Vihaan,45,Female,Australia,Basic,Comedy,Tablet,8
2517,Vihaan,49,Male,Canada,Premium,Drama,Tablet,42
2518,Siya,22,Female,USA,Premium,Action,Tablet,7
2519,Ananya,55,Male,Canada,Premium,Comedy,Laptop,13
2520,Siya,27,Female,Australia,Basic,Drama,Mobile,21
2521,Rohan,57,Female,Canada,Standard,Sci-Fi,TV,47
2522,Aarav,41,Female,UK,Basic,Thriller,Tablet,32
2523,Priya,52,Male,Australia,Basic,Comedy,Mobile,11
2524,Ananya,40,Male,Canada,Standard,Thriller,TV,14
2525,Isha,34,Female,India,Standard,Romance,Laptop,11
2526,Rohan,18,Male,Canada,Standard,Thriller,Mobile,2
2527,Isha,48,Female,UK,Standard,Comedy,Laptop,34
2528,Vihaan,48,Female,USA,Basic,Thriller,TV,44
2529,Vihaan,59,Male,USA,Premium,Action,Tablet,47
2530,Siya,59,Male,USA,Basic,Comedy,Laptop,17
2531,Aarav,51,Male,India,Standard,Drama,Mobile,14
2532,Ananya,26,Male,UK,Premium,Thriller,Tablet,25
2533,Kabir,39,Female,Australia,Premium,Action,Mobile,48
2534,Rohan,30,Male,USA,Basic,Romance,TV,27
2535,Rohan,42,Male,UK,Basic,Romance,TV,8
2536,Siya,35,Female,Canada,Basic,Thriller,Tablet,17
2537,Vihaan,29,Female,India,Premium,Romance,Mobile,5
2538,Siya,57,Female,UK,Premium,Drama,Mobile,12
2539,Priya,34,Female,UK,Premium,Comedy,Mobile,38
2540,Ananya,32,Male,Australia,Standard,Action,Mobile,18
2541,Aarav,59,Male,UK,Standard,Sci-Fi,TV,26
2542,Neha,32,Female,Australia,Basic,Thriller,Mobile,31
2543,Arjun,32,Female,India,Premium,Romance,TV,37
2544,Arjun,56,Male,India,Basic,Comedy,Mobile,6
2545,Siya,30,Male,Canada,Premium,Sci-Fi,Mobile,41
2546,Priya,34,Male,Australia,Basic,Drama,Laptop,15
2547,Ananya,49,Male,Australia,Standard,Romance,Laptop,42
2548,Kabir,26,Male,USA,Premium,Romance,Mobile,49
2549,Arjun,57,Female,USA,Standard,Action,TV,26
2550,Ananya,37,Female,Canada,Premium,Drama,Mobile,12
2551,Aarav,43,Female,India,Basic,Drama,Laptop,41
2552,Isha,44,Female,USA,Premium,Thriller,Mobile,47
2553,Priya,38,Male,UK,Standard,Sci-Fi,Laptop,14
2554,Vihaan,35,Female,India,Premium,Action,Mobile,1
2555,Ananya,30,Male,UK,Basic,Thriller,Tablet,17
2556,Aarav,33,Male,Australia,Premium,Action,Mobile,33
2557,Kabir,26,Male,India,Standard,Drama,TV,29
2558,Neha,29,Male,Canada,Basic,Action,Laptop,45
2559,Vihaan,55,Male,Australia,Standard,Action,Tablet,31
2560,Neha,36,Male,Australia,Premium,Action,Laptop,8
2561,Kabir,24,Male,UK,Standard,Comedy,Laptop,30
2562,Aarav,52,Female,Australia,Premium,Comedy,TV,13
2563,Arjun,35,Male,USA,Basic,Sci-Fi,Mobile,16
2564,Neha,33,Female,India,Standard,Sci-Fi,TV,2
2565,Vihaan,56,Female,USA,Standard,Drama,Mobile,45
2566,Siya,21,Male,UK,Premium,Action,Tablet,18
2567,Rohan,42,Male,UK,Standard,Drama,TV,35
2568,Ananya,49,Female,India,Standard,Comedy,TV,45
2569,Arjun,57,Female,Australia,Basic,Action,Laptop,19
2570,Neha,30,Female,Canada,Premium,Thriller,TV,13
2571,Isha,34,Female,UK,Premium,Comedy,Mobile,4
2572,Ananya,54,Male,India,Basic,Comedy,TV,19
2573,Siya,23,Male,Canada,Basic,Comedy,TV,25
2574,Kabir,36,Male,Australia,Premium,Action,Tablet,38
2575,Rohan,30,Female,UK,Basic,Sci-Fi,Mobile,31
2576,Aarav,43,Male,India,Basic,Romance,Laptop,36
2577,Siya,31,Female,India,Basic,Thriller,Mobile,4
2578,Siya,48,Male,India,Premium,Thriller,Tablet,39
2579,Kabir,21,Female,UK,Basic,Drama,Mobile,7
2580,Priya,56,Male,Canada,Standard,Action,Mobile,16
2581,Kabir,25,Male,India,Standard,Sci-Fi,TV,48
2582,Priya,42,Female,Australia,Premium,Comedy,TV,5
2583,Priya,30,Female,India,Basic,Romance,Mobile,47
2584,Arjun,49,Female,Canada,Standard,Action,Mobile,23
2585,Arjun,55,Female,UK,Premium,Action,Laptop,36
2586,Vihaan,55,Female,India,Standard,Sci-Fi,Tablet,32
2587,Neha,45,Male,India,Basic,Romance,TV,24
2588,Neha,47,Female,Australia,Premium,Comedy,TV,25
2589,Aarav,20,Male,Australia,Standard,Action,TV,45
2590,Neha,45,Male,India,Premium,Thriller,TV,28
2591,Arjun,20,Male,India,Standard,Thriller,Mobile,19
2592,Vihaan,51,Male,Australia,Standard,Romance,Mobile,7
2593,Vihaan,33,Male,Canada,Basic,Comedy,Laptop,44
2594,Priya,39,Female,USA,Basic,Romance,TV,41
2595,Kabir,49,Female,USA,Standard,Action,TV,17
2596,Aarav,55,Male,India,Premium,Thriller,Mobile,2
2597,Priya,25,Male,Australia,Premium,Drama,Laptop,16
2598,Kabir,25,Female,UK,Basic,Romance,Mobile,39
2599,Neha,23,Female,UK,Standard,Drama,TV,18
2600,Priya,31,Male,USA,Basic,Drama,TV,39
2601,Ananya,49,Female,,Standard,Sci-Fi,Tablet,1
2602,Neha,52,Female,USA,Standard,Thriller,Tablet,3
2603,Kabir,27,Female,India,Basic,Romance,Tablet,21
2604,Aarav,20,Male,Canada,Premium,Drama,Laptop,30
2605,Kabir,29,Female,UK,Basic,Action,Mobile,11
2606,Priya,48,Male,Australia,Standard,Sci-Fi,TV,22
2607,Priya,46,Male,Australia,Basic,Comedy,TV,47
2608,Siya,22,Male,India,Premium,Sci-Fi,Laptop,25
2609,Aarav,42,Male,USA,Premium,Comedy,TV,3
2610,Isha,58,Male,India,Standard,Thriller,TV,30
2611,Neha,48,Female,Australia,Basic,Romance,Mobile,24
2612,Vihaan,38,Male,UK,Premium,Romance,Tablet,45
2613,Aarav,37,Male,Australia,Basic,Comedy,Tablet,36
2614,Vihaan,56,Male,Canada,Premium,Action,Laptop,23
2615,Aarav,39,Female,Australia,Standard,Comedy,Tablet,8
2616,Aarav,21,Female,Australia,Standard,Comedy,Tablet,4
2617,Kabir,30,Female,Canada,Basic,Romance,Laptop,39
2618,Aarav,59,Female,USA,Standard,Drama,Laptop,43
2619,Siya,37,Female,Australia,Premium,Action,Tablet,31
2620,Isha,30,Female,India,Standard,Romance,Mobile,29
2621,Priya,34,Female,Australia,Premium,Sci-Fi,Laptop,36
2622,Rohan,53,Male,India,Premium,Comedy,TV,13
2623,Vihaan,50,Male,Canada,Standard,Drama,Laptop,41
2624,Priya,18,Female,Australia,Premium,Action,TV,9
2625,Rohan,32,Male,Canada,Premium,Thriller,Laptop,21
2626,Isha,30,Male,Canada,Basic,Action,Laptop,3
2627,Isha,34,Female,USA,Basic,Action,Tablet,25
2628,Vihaan,41,Male,Australia,Basic,Comedy,Tablet,25
2629,Vihaan,25,Male,India,Standard,Comedy,Tablet,12
2630,Isha,44,Female,India,Basic,Thriller,Mobile,29
2631,Rohan,40,Male,Australia,Premium,Thriller,Tablet,11
2632,Aarav,25,Female,USA,Standard,Thriller,Tablet,11
2633,Neha,25,Female,USA,Standard,Romance,Laptop,49
2634,Ananya,43,Male,USA,Standard,Romance,Laptop,26
2635,Priya,30,Male,India,Standard,Comedy,Mobile,14
2636,Kabir,56,Male,Canada,Premium,Comedy,TV,16
2637,Priya,54,Female,USA,Premium,Thriller,Laptop,10
2638,Kabir,45,Female,India,Basic,Romance,Laptop,31
2639,Rohan,42,Female,India,Standard,Drama,TV,31
2640,Kabir,33,Male,Canada,Basic,Romance,Mobile,36
2641,Vihaan,19,Male,Australia,Premium,Comedy,Laptop,10
2642,Neha,35,Female,Australia,Standard,Romance,Tablet,26
2643,Neha,34,Male,USA,Premium,Comedy,Mobile,20
2644,Vihaan,47,Male,USA,Basic,Thriller,TV,44
2645,Siya,56,Female,Canada,Premium,Thriller,TV,9
2646,Rohan,30,Female,USA,Standard,Thriller,Tablet,15
2647,Siya,49,Male,Canada,Standard,Drama,Tablet,9
2648,Siya,46,Female,India,Basic,Drama,Tablet,7
2649,Priya,47,Male,USA,Standard,Comedy,Mobile,26
2650,Isha,35,Female,India,Premium,Action,TV,24
2651,Priya,30,Female,UK,Premium,Sci-Fi,Tablet,12
2652,Isha,38,Female,Canada,Premium,Drama,Tablet,20
2653,Ananya,47,Male,UK,Premium,Comedy,TV,14
2654,Kabir,38,Male,USA,Basic,Romance,Laptop,22
2655,Isha,34,Female,India,Premium,Thriller,Mobile,16
2656,Vihaan,57,Female,USA,Basic,Thriller,Laptop,29
2657,Priya,36,Female,UK,Premium,Thriller,Tablet,32
2658,Rohan,32,Male,USA,Basic,Comedy,Mobile,19
2659,Kabir,26,Female,Australia,Premium,Thriller,Laptop,35
2660,Ananya,27,Female,UK,Premium,Drama,TV,43
2661,Isha,48,Female,USA,Basic,Romance,Tablet,32
2662,Ananya,40,Female,India,Standard,Thriller,Mobile,20
2663,Rohan,47,Male,USA,Standard,Comedy,Mobile,40
2664,Siya,50,Male,India,Standard,Romance,Mobile,20
2665,Neha,26,Female,Australia,Basic,Thriller,Mobile,8
2666,Rohan,18,Male,USA,Standard,Action,Tablet,35
2667,Arjun,52,Male,Australia,Standard,Thriller,Tablet,42
2668,Rohan,28,Male,UK,Basic,Sci-Fi,TV,13
2669,Ananya,51,Female,India,Standard,Drama,TV,41
2670,Vihaan,33,Male,UK,Standard,Romance,TV,6
2671,Priya,26,Male,India,Standard,Drama,Laptop,47
2672,Vihaan,49,Male,Australia,Basic,Action,TV,16
2673,Ananya,32,Female,Canada,Basic,Action,Tablet,5
2674,Priya,29,Female,USA,Standard,Sci-Fi,Laptop,45
2675,Arjun,50,Male,Australia,Standard,Drama,Tablet,34
2676,Neha,31,Male,India,Basic,Romance,Laptop,6
2677,Kabir,25,Female,India,Standard,Action,TV,33
2678,Ananya,25,Female,India,Basic,Action,TV,15
2679,Isha,44,Male,India,Standard,Thriller,TV,15
2680,Ananya,29,Male,USA,Basic,Sci-Fi,Laptop,14
2681,Ananya,18,Female,UK,Premium,Comedy,Tablet,39
2682,Priya,57,Female,Canada,Premium,Action,Mobile,5
2683,Aarav,59,Male,USA,Basic,Romance,Tablet,26
2684,Rohan,28,Female,India,Premium,Romance,TV,48
2685,Aarav,56,Male,USA,Standard,Thriller,Laptop,17
2686,Arjun,48,Male,Australia,Basic,Romance,Laptop,43
2687,Isha,34,Male,India,Basic,Thriller,TV,47
2688,Neha,50,Female,Canada,Standard,Action,Laptop,16
2689,Siya,49,Male,India,Standard,Action,TV,35
2690,Arjun,46,Male,Canada,Basic,Action,Tablet,38
2691,Siya,38,Female,Canada,Standard,Action,Laptop,23
2692,Siya,38,Female,UK,Basic,Comedy,Mobile,13
2693,Neha,57,Male,UK,Standard,Sci-Fi,Laptop,33
2694,Vihaan,40,Male,USA,Basic,Sci-Fi,TV,29
2695,Aarav,23,Female,USA,Standard,Comedy,Mobile,46
2696,Ananya,39,Female,Canada,Standard,Action,TV,34
2697,Kabir,55,Female,India,Premium,Romance,Laptop,34
2698,Siya,54,Male,Australia,Premium,Thriller,Mobile,27
2699,Isha,25,Male,Australia,Premium,Sci-Fi,Mobile,15
2700,Arjun,58,Male,India,Standard,Drama,Laptop,9
2701,Vihaan,52,Female,,Basic,Thriller,Mobile,26
2702,Siya,28,Male,UK,Standard,Drama,Tablet,3
2703,Vihaan,41,Female,Australia,Premium,Drama,Mobile,36
2704,Vihaan,38,Male,Canada,Standard,Action,Mobile,47
2705,Siya,19,Female,USA,Premium,Drama,Tablet,5
2706,Priya,57,Male,UK,Premium,Action,TV,20
2707,Rohan,36,Male,Australia,Basic,Comedy,TV,20
2708,Isha,56,Female,India,Basic,Romance,Tablet,5
2709,Ananya,45,Female,Australia,Premium,Drama,Mobile,10
2710,Ananya,34,Male,Canada,Premium,Romance,Laptop,16
2711,Isha,23,Female,UK,Standard,Action,Tablet,25
2712,Priya,36,Female,India,Premium,Drama,Laptop,44
2713,Ananya,55,Male,Canada,Standard,Thriller,TV,25
2714,Vihaan,45,Female,USA,Premium,Comedy,Tablet,30
2715,Neha,19,Male,UK,Basic,Sci-Fi,Laptop,14
2716,Arjun,55,Male,Canada,Basic,Comedy,Mobile,22
2717,Aarav,54,Female,Canada,Premium,Drama,Tablet,43
2718,Ananya,21,Female,India,Standard,Comedy,Laptop,28
2719,Isha,39,Male,USA,Standard,Sci-Fi,Tablet,30
2720,Neha,43,Male,Canada,Standard,Thriller,Tablet,19
2721,Siya,53,Male,UK,Premium,Romance,TV,38
2722,Rohan,30,Male,Canada,Premium,Thriller,TV,42
2723,Isha,49,Male,Australia,Basic,Comedy,Mobile,20
2724,Vihaan,34,Male,UK,Basic,Sci-Fi,TV,35
2725,Rohan,58,Female,UK,Premium,Romance,TV,22
2726,Arjun,53,Female,Canada,Basic,Sci-Fi,TV,15
2727,Arjun,36,Female,India,Standard,Thriller,Laptop,11
2728,Priya,52,Male,UK,Standard,Action,Tablet,34
2729,Kabir,57,Female,Australia,Premium,Action,TV,24
2730,Priya,45,Male,India,Standard,Romance,Laptop,6
2731,Neha,18,Male,India,Premium,Romance,Tablet,17
2732,Rohan,59,Female,India,Standard,Romance,TV,28
2733,Kabir,35,Male,UK,Premium,Action,TV,31
2734,Siya,57,Male,India,Standard,Thriller,Tablet,36
2735,Vihaan,50,Male,Canada,Standard,Romance,Laptop,9
2736,Rohan,29,Male,India,Basic,Action,Laptop,10
2737,Priya,25,Male,Australia,Basic,Romance,Mobile,21
2738,Aarav,41,Male,USA,Basic,Romance,Tablet,34
2739,Kabir,33,Female,Australia,Basic,Sci-Fi,Mobile,31
2740,Kabir,21,Male,UK,Basic,Romance,Laptop,29
2741,Vihaan,55,Male,India,Basic,Action,TV,43
2742,Ananya,44,Male,India,Premium,Thriller,Mobile,43
2743,Arjun,26,Male,Canada,Premium,Action,Laptop,11
2744,Arjun,33,Female,India,Basic,Action,Laptop,33
2745,Aarav,29,Female,Australia,Premium,Romance,TV,46
2746,Neha,48,Male,UK,Basic,Sci-Fi,Tablet,1
2747,Neha,41,Male,USA,Premium,Drama,Laptop,21
2748,Siya,31,Male,India,Standard,Drama,Mobile,23
2749,Rohan,42,Female,USA,Premium,Drama,TV,9
2750,Isha,51,Female,India,Premium,Action,Tablet,1
2751,Ananya,20,Female,UK,Premium,Romance,Tablet,21
2752,Priya,41,Female,Australia,Standard,Drama,Tablet,22
2753,Isha,59,Male,UK,Basic,Comedy,Laptop,4
2754,Isha,26,Female,USA,Premium,Comedy,Tablet,1
2755,Kabir,43,Female,India,Premium,Comedy,Laptop,10
2756,Aarav,37,Male,USA,Standard,Thriller,TV,15
2757,Arjun,57,Male,Australia,Basic,Romance,TV,36
2758,Siya,27,Female,UK,Premium,Action,Tablet,29
2759,Neha,36,Female,USA,Standard,Action,TV,46
2760,Aarav,20,Female,USA,Basic,Romance,Mobile,5
2761,Kabir,41,Female,Australia,Basic,Sci-Fi,Mobile,29
2762,Priya,22,Male,India,Premium,Sci-Fi,Laptop,47
2763,Siya,20,Male,USA,Premium,Thriller,Tablet,47
2764,Kabir,44,Female,Australia,Premium,Romance,Laptop,27
2765,Arjun,33,Female,India,Premium,Sci-Fi,TV,25
2766,Arjun,32,Female,India,Standard,Thriller,Tablet,16
2767,Arjun,52,Female,UK,Standard,Drama,Laptop,16
2768,Aarav,29,Female,Australia,Premium,Drama,Tablet,36
2769,Aarav,58,Male,India,Basic,Thriller,Tablet,25
2770,Neha,43,Male,UK,Premium,Romance,Laptop,41
2771,Neha,51,Male,Canada,Basic,Drama,Tablet,1
2772,Priya,40,Female,Australia,Basic,Romance,TV,5
2773,Siya,48,Female,Canada,Basic,Sci-Fi,Mobile,41
2774,Vihaan,37,Male,India,Standard,Drama,Mobile,20
2775,Vihaan,29,Male,Australia,Basic,Sci-Fi,Tablet,5
2776,Kabir,40,Female,UK,Basic,Romance,Mobile,36
2777,Arjun,21,Male,India,Standard,Romance,Tablet,29
2778,Siya,40,Female,Australia,Basic,Comedy,Laptop,48
2779,Isha,18,Female,Australia,Basic,Thriller,TV,34
2780,Aarav,42,Male,Canada,Premium,Action,Mobile,48
2781,Rohan,19,Male,India,Basic,Thriller,Laptop,18
2782,Ananya,47,Male,UK,Basic,Romance,TV,2
2783,Priya,20,Female,UK,Basic,Romance,Mobile,16
2784,Arjun,38,Female,India,Basic,Thriller,Mobile,29
2785,Arjun,42,Male,India,Basic,Romance,TV,33
2786,Arjun,37,Female,USA,Standard,Sci-Fi,Laptop,16
2787,Aarav,39,Female,Canada,Basic,Drama,Laptop,35
2788,Aarav,38,Female,India,Basic,Romance,Mobile,47
2789,Ananya,50,Male,India,Standard,Thriller,TV,43
2790,Isha,55,Female,USA,Standard,Thriller,Laptop,42
2791,Siya,32,Male,USA,Basic,Thriller,TV,17
2792,Arjun,32,Male,Australia,Basic,Comedy,TV,4
2793,Vihaan,42,Female,UK,Basic,Sci-Fi,Mobile,49
2794,Neha,38,Male,Canada,Premium,Sci-Fi,TV,4
2795,Vihaan,41,Female,Australia,Premium,Comedy,TV,25
2796,Kabir,22,Male,India,Basic,Sci-Fi,Tablet,33
2797,Vihaan,23,Male,USA,Standard,Comedy,TV,14
2798,Kabir,40,Female,UK,Basic,Sci-Fi,Laptop,24
2799,Rohan,21,Male,Australia,Standard,Comedy,Mobile,11
2800,Neha,44,Male,UK,Standard,Comedy,Mobile,25
2801,Vihaan,35,Male,,Standard,Sci-Fi,TV,28
2802,Rohan,38,Female,Australia,Basic,Comedy,TV,7
2803,Priya,45,Female,Australia,Basic,Sci-Fi,Laptop,49
2804,Siya,52,Male,UK,Standard,Comedy,Tablet,36
2805,Rohan,39,Male,USA,Premium,Thriller,Mobile,10
2806,Siya,57,Male,India,Premium,Action,Tablet,49
2807,Vihaan,40,Female,Australia,Premium,Sci-Fi,Laptop,36
2808,Isha,20,Female,India,Standard,Comedy,Mobile,31
2809,Rohan,57,Male,USA,Basic,Thriller,Laptop,19
2810,Neha,27,Female,Australia,Standard,Action,TV,18
2811,Vihaan,42,Female,Australia,Premium,Comedy,Laptop,49
2812,Arjun,25,Female,India,Basic,Action,TV,6
2813,Aarav,28,Female,Canada,Standard,Sci-Fi,Tablet,28
2814,Rohan,22,Male,India,Standard,Action,Mobile,7
2815,Neha,54,Female,India,Premium,Drama,Mobile,38
2816,Priya,55,Female,Canada,Standard,Romance,Tablet,12
2817,Arjun,46,Male,USA,Basic,Drama,TV,41
2818,Priya,22,Male,USA,Premium,Sci-Fi,Mobile,34
2819,Vihaan,26,Female,Australia,Premium,Sci-Fi,Laptop,25
2820,Aarav,19,Female,UK,Basic,Action,TV,17
2821,Rohan,18,Male,UK,Premium,Thriller,Mobile,33
2822,Rohan,57,Male,Australia,Standard,Comedy,Laptop,23
2823,Isha,47,Male,UK,Standard,Romance,Laptop,9
2824,Isha,28,Female,India,Premium,Comedy,Mobile,6
2825,Vihaan,45,Female,India,Basic,Thriller,Tablet,2
2826,Vihaan,29,Male,Canada,Standard,Sci-Fi,Tablet,38
2827,Aarav,56,Female,Canada,Basic,Romance,Mobile,9
2828,Isha,43,Male,Australia,Standard,Drama,Laptop,3
2829,Neha,30,Female,Australia,Standard,Sci-Fi,Tablet,16
2830,Neha,25,Male,Australia,Premium,Sci-Fi,Tablet,25
2831,Aarav,45,Male,India,Premium,Action,Tablet,24
2832,Neha,47,Female,UK,Basic,Thriller,TV,47
2833,Kabir,26,Female,Australia,Premium,Action,Tablet,29
2834,Siya,56,Female,Australia,Standard,Action,Mobile,44
2835,Aarav,48,Female,India,Standard,Comedy,Mobile,40
2836,Aarav,38,Female,India,Basic,Sci-Fi,TV,26
2837,Ananya,51,Female,India,Basic,Thriller,TV,38
2838,Arjun,48,Male,UK,Standard,Action,Mobile,35
2839,Arjun,42,Female,Australia,Premium,Drama,TV,23
2840,Kabir,29,Male,USA,Premium,Romance,Tablet,4
2841,Isha,18,Male,USA,Basic,Thriller,Laptop,42
2842,Vihaan,39,Female,Australia,Basic,Comedy,Laptop,14
2843,Vihaan,57,Male,Australia,Standard,Thriller,Laptop,47
2844,Priya,54,Male,Australia,Standard,Sci-Fi,Mobile,39
2845,Kabir,18,Female,Australia,Basic,Comedy,TV,7
2846,Aarav,18,Female,UK,Standard,Romance,Laptop,8
2847,Kabir,59,Female,USA,Basic,Drama,Tablet,42
2848,Kabir,59,Male,Canada,Basic,Action,Tablet,19
2849,Kabir,38,Female,USA,Premium,Thriller,Tablet,2
2850,Arjun,32,Female,USA,Basic,Comedy,TV,47
2851,Kabir,34,Female,India,Standard,Romance,Laptop,1
2852,Siya,39,Female,Australia,Premium,Action,Tablet,42
2853,Vihaan,55,Male,Australia,Premium,Romance,TV,38
2854,Priya,52,Female,Australia,Standard,Drama,Tablet,13
2855,Siya,33,Male,India,Standard,Action,Laptop,42
2856,Priya,25,Female,UK,Standard,Action,Laptop,44
2857,Ananya,34,Male,UK,Basic,Action,Laptop,24
2858,Priya,34,Male,Canada,Premium,Comedy,Laptop,32
2859,Vihaan,43,Male,UK,Basic,Action,Laptop,30
2860,Vihaan,30,Female,UK,Basic,Romance,Tablet,6
2861,Kabir,34,Male,Australia,Basic,Comedy,Laptop,38
2862,Rohan,55,Female,USA,Basic,Action,Tablet,33
2863,Ananya,34,Female,UK,Premium,Romance,Laptop,44
2864,Aarav,31,Female,UK,Premium,Romance,Tablet,23
2865,Neha,23,Female,India,Basic,Thriller,Laptop,10
2866,Priya,52,Female,Canada,Standard,Romance,Tablet,46
2867,Rohan,31,Male,India,Premium,Sci-Fi,Laptop,15
2868,Kabir,25,Female,Australia,Basic,Drama,TV,23
2869,Arjun,32,Male,USA,Standard,Action,Tablet,36
2870,Aarav,44,Male,Canada,Standard,Action,TV,1
2871,Isha,30,Male,India,Basic,Action,Tablet,8
2872,Rohan,48,Male,UK,Premium,Romance,Tablet,3
2873,Arjun,52,Male,UK,Standard,Romance,Tablet,14
2874,Ananya,23,Male,Canada,Premium,Action,Mobile,17
2875,Kabir,22,Male,UK,Premium,Sci-Fi,Laptop,34
2876,Aarav,39,Female,India,Standard,Comedy,TV,47
2877,Aarav,40,Male,India,Basic,Comedy,TV,6
2878,Aarav,42,Female,UK,Standard,Drama,Tablet,5
2879,Ananya,51,Male,UK,Standard,Thriller,TV,46
2880,Priya,43,Male,Australia,Premium,Drama,TV,41
2881,Isha,22,Male,USA,Basic,Action,TV,40
2882,Ananya,43,Male,Canada,Premium,Action,TV,29
2883,Neha,37,Female,India,Standard,Action,Mobile,35
2884,Isha,23,Female,Canada,Basic,Thriller,Tablet,18
2885,Vihaan,23,Female,Australia,Basic,Romance,TV,40
2886,Kabir,35,Male,India,Basic,Thriller,Mobile,48
2887,Ananya,21,Male,Australia,Basic,Drama,Mobile,30
2888,Arjun,34,Male,Australia,Basic,Romance,Tablet,15
2889,Isha,31,Female,UK,Standard,Romance,Laptop,15
2890,Neha,31,Male,Canada,Standard,Drama,Laptop,16
2891,Vihaan,30,Female,Canada,Standard,Romance,Laptop,33
2892,Priya,24,Female,UK,Premium,Comedy,TV,10
2893,Arjun,32,Male,Canada,Basic,Drama,Tablet,19
2894,Isha,36,Male,UK,Basic,Drama,Laptop,37
2895,Kabir,52,Female,India,Standard,Comedy,TV,3
2896,Arjun,34,Female,Australia,Basic,Thriller,Tablet,36
2897,Vihaan,52,Female,Australia,Premium,Thriller,TV,4
2898,Arjun,36,Male,Canada,Basic,Thriller,Laptop,11
2899,Siya,37,Male,USA,Basic,Romance,Laptop,41
2900,Rohan,53,Male,Australia,Premium,Comedy,Mobile,33
2901,Priya,52,Male,,Standard,Drama,Mobile,28
2902,Vihaan,49,Male,USA,Standard,Drama,Tablet,32
2903,Arjun,57,Male,USA,Basic,Drama,TV,16
2904,Rohan,41,Female,Australia,Premium,Romance,TV,9
2905,Rohan,34,Female,Australia,Standard,Romance,Laptop,11
2906,Arjun,24,Female,Australia,Standard,Sci-Fi,Laptop,6
2907,Kabir,18,Male,UK,Standard,Thriller,Tablet,49
2908,Siya,52,Female,USA,Basic,Sci-Fi,Mobile,27
2909,Ananya,49,Male,Canada,Premium,Sci-Fi,Laptop,12
2910,Siya,53,Male,UK,Basic,Romance,TV,22
2911,Arjun,30,Female,India,Standard,Thriller,Laptop,40
2912,Priya,23,Male,Australia,Premium,Thriller,Mobile,48
2913,Ananya,31,Female,USA,Basic,Drama,TV,37
2914,Vihaan,54,Female,UK,Standard,Romance,Mobile,21
2915,Siya,32,Male,India,Standard,Thriller,Tablet,33
2916,Arjun,21,Female,UK,Basic,Sci-Fi,Tablet,17
2917,Siya,57,Female,UK,Standard,Comedy,Mobile,29
2918,Ananya,33,Female,Canada,Standard,Comedy,TV,40
2919,Neha,45,Female,Canada,Premium,Romance,Mobile,10
2920,Isha,33,Male,UK,Standard,Drama,Laptop,18
2921,Siya,21,Female,India,Basic,Drama,Laptop,47
2922,Vihaan,43,Female,USA,Premium,Thriller,Mobile,13
2923,Vihaan,45,Female,USA,Basic,Romance,Laptop,27
2924,Aarav,49,Male,Australia,Standard,Comedy,Mobile,10
2925,Siya,19,Female,Australia,Premium,Sci-Fi,Laptop,32
2926,Isha,48,Male,USA,Premium,Thriller,Mobile,41
2927,Kabir,20,Female,UK,Premium,Sci-Fi,Laptop,45
2928,Rohan,25,Female,UK,Premium,Thriller,TV,3
2929,Isha,41,Female,Canada,Basic,Action,TV,22
2930,Rohan,32,Male,Canada,Standard,Sci-Fi,Laptop,27
2931,Rohan,48,Male,Australia,Standard,Romance,Mobile,3
2932,Neha,26,Male,USA,Premium,Sci-Fi,Laptop,33
2933,Aarav,56,Male,UK,Standard,Sci-Fi,Tablet,2
2934,Isha,19,Male,USA,Basic,Thriller,Tablet,11
2935,Isha,25,Male,India,Standard,Comedy,Mobile,46
2936,Neha,24,Female,USA,Basic,Action,Laptop,10
2937,Siya,56,Male,India,Basic,Sci-Fi,Laptop,39
2938,Siya,59,Female,Canada,Standard,Comedy,TV,33
2939,Siya,33,Male,Canada,Basic,Drama,Mobile,7
2940,Priya,52,Male,Australia,Basic,Action,Tablet,15
2941,Rohan,47,Male,USA,Basic,Action,Tablet,26
2942,Priya,27,Female,USA,Basic,Thriller,Mobile,11
2943,Aarav,55,Male,India,Premium,Sci-Fi,Tablet,38
2944,Neha,35,Male,Canada,Standard,Drama,Mobile,27
2945,Isha,22,Female,India,Premium,Thriller,Tablet,39
2946,Rohan,46,Female,Canada,Basic,Romance,Tablet,7
2947,Priya,56,Female,India,Standard,Comedy,Mobile,1
2948,Priya,51,Female,Canada,Basic,Comedy,Mobile,10
2949,Arjun,40,Male,India,Standard,Thriller,Tablet,21
2950,Priya,22,Female,Canada,Premium,Comedy,Tablet,15
2951,Kabir,47,Male,India,Standard,Sci-Fi,TV,30
2952,Isha,23,Male,USA,Basic,Comedy,Laptop,30
2953,Kabir,21,Female,Australia,Standard,Sci-Fi,Mobile,8
2954,Isha,46,Male,India,Standard,Romance,Mobile,24
2955,Neha,40,Female,Australia,Premium,Drama,Laptop,19
2956,Isha,23,Male,USA,Basic,Action,TV,3
2957,Kabir,49,Female,USA,Standard,Thriller,Tablet,15
2958,Isha,59,Female,Canada,Premium,Thriller,Tablet,36
2959,Neha,35,Female,Australia,Standard,Sci-Fi,TV,6
2960,Neha,32,Female,UK,Basic,Romance,TV,42
2961,Aarav,57,Female,Canada,Standard,Romance,Laptop,48
2962,Isha,49,Female,Australia,Standard,Action,Laptop,18
2963,Arjun,26,Male,India,Standard,Drama,Tablet,38
2964,Siya,54,Male,India,Standard,Thriller,TV,19
2965,Vihaan,27,Male,USA,Basic,Sci-Fi,TV,49
2966,Neha,37,Female,UK,Premium,Romance,Tablet,30
2967,Ananya,23,Male,India,Premium,Thriller,Tablet,13
2968,Siya,20,Female,Australia,Standard,Sci-Fi,Tablet,39
2969,Rohan,59,Male,Australia,Basic,Comedy,Tablet,12
2970,Isha,28,Male,India,Basic,Thriller,Tablet,34
2971,Kabir,34,Female,Australia,Basic,Drama,Laptop,12
2972,Vihaan,49,Male,Australia,Basic,Sci-Fi,Tablet,44
2973,Ananya,21,Male,USA,Basic,Drama,TV,24
2974,Siya,21,Male,UK,Basic,Thriller,Mobile,4
2975,Isha,34,Female,USA,Standard,Comedy,Laptop,36
2976,Aarav,58,Male,UK,Premium,Drama,TV,48
2977,Rohan,36,Female,Australia,Premium,Romance,Mobile,14
2978,Vihaan,22,Male,UK,Standard,Sci-Fi,Laptop,17
2979,Arjun,49,Male,Australia,Premium,Thriller,Tablet,49
2980,Aarav,39,Male,Australia,Basic,Comedy,Laptop,3
2981,Ananya,23,Male,USA,Basic,Romance,Tablet,38
2982,Vihaan,52,Female,USA,Premium,Thriller,Tablet,23
2983,Aarav,39,Male,Canada,Basic,Comedy,Tablet,13
2984,Rohan,18,Female,India,Basic,Romance,Mobile,9
2985,Arjun,37,Female,Canada,Premium,Drama,Laptop,21
2986,Aarav,39,Male,Canada,Standard,Thriller,Tablet,41
2987,Priya,28,Male,UK,Premium,Thriller,TV,8
2988,Arjun,30,Female,Australia,Premium,Drama,Laptop,17
2989,Ananya,59,Female,Australia,Premium,Action,TV,16
2990,Rohan,20,Male,Australia,Premium,Romance,Mobile,16
2991,Isha,26,Male,India,Standard,Drama,Mobile,28
2992,Kabir,29,Male,UK,Standard,Thriller,Laptop,16
2993,Kabir,40,Male,UK,Basic,Romance,Mobile,46
2994,Kabir,31,Male,Australia,Basic,Romance,Mobile,46
2995,Vihaan,50,Female,Canada,Premium,Action,Laptop,14
2996,Ananya,35,Male,India,Basic,Thriller,TV,46
2997,Rohan,58,Male,Canada,Standard,Comedy,Tablet,44
2998,Arjun,26,Female,USA,Basic,Action,Laptop,38
2999,Vihaan,40,Male,UK,Basic,Action,Laptop,20
3000,Ananya,27,Male,UK,Basic,Comedy,Tablet,45
3001,Isha,36,Female,,Premium,Comedy,TV,48
3002,Priya,22,Male,India,Basic,Action,Tablet,41
3003,Rohan,40,Female,UK,Standard,Romance,Tablet,34
3004,Kabir,47,Male,Canada,Standard,Drama,TV,29
3005,Aarav,42,Male,India,Standard,Drama,TV,3
3006,Rohan,45,Male,Canada,Standard,Action,Tablet,10
3007,Neha,51,Female,India,Basic,Romance,Tablet,20
3008,Ananya,42,Female,Australia,Premium,Comedy,Laptop,2
3009,Siya,27,Female,India,Standard,Sci-Fi,TV,27
3010,Isha,31,Female,USA,Standard,Action,Mobile,32
3011,Priya,59,Male,Australia,Premium,Thriller,TV,10
3012,Isha,47,Female,Canada,Premium,Romance,Tablet,40
3013,Rohan,58,Female,Australia,Standard,Thriller,Tablet,17
3014,Siya,42,Female,Australia,Standard,Thriller,Tablet,33
3015,Neha,31,Male,Canada,Premium,Action,Tablet,6
3016,Arjun,52,Male,Canada,Standard,Romance,Mobile,39
3017,Aarav,51,Female,USA,Standard,Thriller,TV,47
3018,Siya,27,Female,Canada,Basic,Romance,Mobile,18
3019,Ananya,52,Male,UK,Premium,Drama,Mobile,9
3020,Kabir,28,Female,UK,Basic,Sci-Fi,Tablet,8
3021,Neha,28,Female,USA,Basic,Thriller,Mobile,25
3022,Aarav,38,Female,India,Premium,Thriller,Tablet,31
3023,Priya,38,Female,India,Basic,Romance,Tablet,42
3024,Kabir,39,Male,UK,Standard,Sci-Fi,Tablet,4
3025,Rohan,24,Male,Canada,Basic,Drama,Mobile,20
3026,Siya,34,Male,USA,Premium,Thriller,Tablet,28
3027,Aarav,19,Female,India,Standard,Action,Mobile,40
3028,Vihaan,29,Female,India,Standard,Romance,TV,1
3029,Arjun,59,Male,Australia,Standard,Romance,Tablet,40
3030,Arjun,35,Male,UK,Standard,Thriller,Laptop,44
3031,Neha,28,Male,Canada,Basic,Drama,Laptop,23
3032,Priya,33,Female,USA,Basic,Thriller,Laptop,47
3033,Neha,35,Male,India,Standard,Comedy,Laptop,13
3034,Vihaan,52,Female,Australia,Premium,Thriller,Laptop,16
3035,Ananya,43,Female,UK,Standard,Sci-Fi,Mobile,26
3036,Priya,33,Male,UK,Basic,Sci-Fi,TV,31
3037,Isha,23,Male,USA,Standard,Comedy,Mobile,1
3038,Ananya,59,Female,India,Basic,Sci-Fi,Tablet,17
3039,Priya,29,Male,USA,Standard,Sci-Fi,TV,16
3040,Priya,30,Male,USA,Premium,Action,TV,37
3041,Vihaan,21,Female,Australia,Standard,Romance,TV,10
3042,Rohan,56,Female,UK,Premium,Sci-Fi,TV,38
3043,Vihaan,19,Female,Canada,Premium,Romance,Laptop,44
3044,Priya,43,Female,UK,Standard,Drama,Tablet,31
3045,Aarav,44,Female,UK,Premium,Thriller,TV,10
3046,Ananya,44,Male,Australia,Premium,Action,TV,49
3047,Vihaan,32,Female,Canada,Basic,Comedy,Laptop,34
3048,Rohan,25,Female,India,Basic,Drama,Mobile,6
3049,Siya,24,Female,Canada,Premium,Action,Mobile,28
3050,Neha,57,Male,India,Standard,Action,Mobile,28
3051,Priya,29,Female,Canada,Premium,Comedy,Tablet,13
3052,Isha,30,Female,USA,Standard,Comedy,Mobile,41
3053,Siya,34,Female,Canada,Basic,Romance,TV,12
3054,Arjun,34,Male,Australia,Standard,Thriller,Laptop,40
3055,Kabir,53,Female,India,Premium,Drama,Laptop,2
3056,Rohan,38,Female,UK,Premium,Thriller,Mobile,8
3057,Isha,25,Female,Australia,Premium,Drama,Laptop,42
3058,Kabir,22,Male,India,Premium,Action,TV,9
3059,Rohan,43,Male,India,Premium,Sci-Fi,Mobile,8
3060,Aarav,33,Male,UK,Standard,Sci-Fi,TV,3
3061,Neha,53,Male,USA,Premium,Comedy,Tablet,9
3062,Siya,45,Female,Australia,Basic,Comedy,TV,13
3063,Ananya,46,Female,UK,Premium,Action,TV,9
3064,Rohan,29,Male,UK,Standard,Action,TV,31
3065,Ananya,54,Male,USA,Premium,Drama,TV,25
3066,Neha,47,Female,Australia,Premium,Action,Tablet,44
3067,Priya,40,Female,UK,Standard,Drama,Mobile,45
3068,Arjun,33,Male,USA,Premium,Thriller,TV,8
3069,Siya,31,Male,Australia,Standard,Comedy,Mobile,47
3070,Neha,27,Male,Canada,Premium,Comedy,Laptop,31
3071,Neha,24,Male,India,Basic,Sci-Fi,TV,45
3072,Aarav,54,Female,USA,Premium,Sci-Fi,TV,45
3073,Kabir,46,Male,India,Standard,Comedy,Laptop,31
3074,Arjun,20,Male,Canada,Basic,Thriller,Mobile,17
3075,Siya,32,Female,UK,Standard,Thriller,Tablet,47
3076,Priya,53,Female,UK,Premium,Romance,TV,19
3077,Priya,36,Female,Australia,Basic,Drama,Laptop,3
3078,Vihaan,30,Female,USA,Standard,Sci-Fi,Laptop,46
3079,Neha,59,Female,USA,Basic,Drama,TV,30
3080,Rohan,38,Male,Australia,Basic,Sci-Fi,Mobile,10
3081,Aarav,54,Male,India,Standard,Romance,Mobile,49
3082,Arjun,44,Male,UK,Basic,Comedy,TV,29
3083,Priya,46,Female,UK,Standard,Drama,Laptop,40
3084,Siya,37,Male,USA,Basic,Sci-Fi,TV,18
3085,Vihaan,42,Female,USA,Basic,Drama,Tablet,12
3086,Siya,23,Male,Australia,Basic,Comedy,Tablet,49
3087,Aarav,53,Male,Canada,Premium,Action,Mobile,23
3088,Rohan,19,Female,India,Premium,Sci-Fi,Tablet,11
3089,Vihaan,39,Female,Canada,Standard,Action,Laptop,9
3090,Vihaan,49,Male,Canada,Basic,Romance,Tablet,24
3091,Kabir,33,Male,USA,Standard,Thriller,TV,25
3092,Arjun,35,Male,USA,Premium,Drama,Laptop,25
3093,Vihaan,22,Male,USA,Premium,Sci-Fi,Mobile,47
3094,Kabir,53,Male,Canada,Premium,Drama,Mobile,9
3095,Kabir,47,Female,India,Premium,Romance,Tablet,12
3096,Aarav,36,Female,USA,Standard,Romance,Mobile,11
3097,Ananya,40,Female,UK,Basic,Drama,TV,49
3098,Siya,51,Female,India,Standard,Sci-Fi,Laptop,38
3099,Rohan,30,Male,UK,Basic,Comedy,TV,28
3100,Isha,46,Male,India,Premium,Comedy,TV,8
3101,Siya,53,Female,,Basic,Thriller,TV,10
3102,Vihaan,39,Male,Australia,Premium,Drama,TV,25
3103,Rohan,53,Female,USA,Standard,Drama,Laptop,47
3104,Priya,26,Male,Canada,Basic,Sci-Fi,Laptop,36
3105,Ananya,56,Male,Canada,Standard,Drama,TV,43
3106,Priya,36,Male,India,Premium,Sci-Fi,TV,9
3107,Priya,55,Female,Canada,Standard,Drama,Mobile,41
3108,Arjun,23,Female,USA,Premium,Romance,Mobile,8
3109,Siya,32,Female,UK,Premium,Action,Laptop,3
3110,Isha,37,Female,USA,Premium,Drama,Mobile,18
3111,Aarav,26,Male,India,Standard,Action,Laptop,46
3112,Isha,49,Male,Canada,Standard,Comedy,Laptop,35
3113,Priya,21,Male,UK,Basic,Thriller,Tablet,17
3114,Vihaan,35,Male,Australia,Basic,Comedy,Laptop,36
3115,Ananya,22,Female,UK,Standard,Drama,Mobile,28
3116,Neha,37,Male,UK,Standard,Sci-Fi,Tablet,15
3117,Isha,40,Male,USA,Standard,Comedy,Mobile,19
3118,Priya,28,Male,Australia,Standard,Romance,Laptop,22
3119,Ananya,54,Female,India,Premium,Action,Laptop,6
3120,Rohan,39,Female,India,Premium,Sci-Fi,TV,47
3121,Siya,21,Female,UK,Premium,Sci-Fi,Laptop,7
3122,Kabir,46,Male,UK,Standard,Drama,Tablet,44
3123,Arjun,51,Female,Canada,Premium,Romance,Laptop,48
3124,Ananya,30,Male,Australia,Premium,Action,TV,9
3125,Vihaan,59,Male,UK,Basic,Romance,Laptop,20
3126,Vihaan,26,Male,Canada,Basic,Comedy,Laptop,37
3127,Ananya,59,Female,Australia,Premium,Drama,Laptop,11
3128,Vihaan,48,Female,India,Premium,Sci-Fi,TV,2
3129,Siya,24,Male,Canada,Premium,Sci-Fi,Mobile,22
3130,Vihaan,21,Male,Australia,Standard,Comedy,Laptop,48
3131,Isha,36,Female,Canada,Basic,Sci-Fi,Tablet,36
3132,Kabir,59,Female,UK,Basic,Thriller,TV,5
3133,Vihaan,47,Female,USA,Basic,Drama,Tablet,7
3134,Kabir,48,Male,India,Premium,Comedy,Laptop,6
3135,Priya,52,Male,UK,Standard,Drama,TV,22
3136,Aarav,38,Male,UK,Basic,Action,Laptop,10
3137,Siya,48,Female,Australia,Basic,Drama,Tablet,46
3138,Aarav,36,Female,Canada,Standard,Drama,TV,40
3139,Priya,48,Female,India,Premium,Action,Mobile,46
3140,Siya,49,Male,UK,Premium,Comedy,Mobile,46
3141,Ananya,19,Male,Australia,Basic,Drama,Mobile,20
3142,Ananya,27,Female,India,Basic,Romance,Laptop,28
3143,Kabir,19,Male,Canada,Standard,Drama,TV,23
3144,Priya,19,Female,UK,Basic,Comedy,Tablet,35
3145,Kabir,41,Male,UK,Standard,Sci-Fi,Tablet,1
3146,Arjun,34,Female,UK,Basic,Action,Laptop,29
3147,Vihaan,49,Male,India,Basic,Sci-Fi,Laptop,9
3148,Neha,33,Male,India,Basic,Comedy,Tablet,9
3149,Arjun,33,Female,India,Premium,Thriller,TV,22
3150,Vihaan,56,Female,India,Standard,Sci-Fi,Laptop,2
3151,Siya,48,Female,Australia,Standard,Drama,TV,16
3152,Kabir,41,Female,USA,Premium,Drama,Tablet,40
3153,Siya,18,Female,Australia,Premium,Action,TV,6
3154,Siya,28,Male,UK,Premium,Drama,Mobile,13
3155,Vihaan,38,Female,Australia,Standard,Romance,Tablet,33
3156,Priya,21,Female,Canada,Basic,Romance,Mobile,19
3157,Vihaan,24,Female,India,Premium,Sci-Fi,Tablet,15
3158,Rohan,43,Male,Canada,Premium,Comedy,Mobile,33
3159,Ananya,29,Female,Canada,Premium,Action,TV,10
3160,Ananya,48,Female,UK,Basic,Thriller,Tablet,1
3161,Arjun,34,Female,India,Basic,Sci-Fi,Tablet,12
3162,Ananya,50,Male,Canada,Premium,Comedy,Mobile,43
3163,Vihaan,28,Male,UK,Basic,Action,TV,29
3164,Isha,45,Female,India,Premium,Action,Tablet,17
3165,Kabir,49,Male,USA,Basic,Sci-Fi,Laptop,4
3166,Vihaan,18,Female,UK,Standard,Comedy,Mobile,29
3167,Vihaan,45,Male,Australia,Standard,Comedy,Tablet,7
3168,Neha,59,Female,India,Basic,Drama,TV,44
3169,Kabir,24,Male,Canada,Standard,Thriller,TV,13
3170,Rohan,19,Female,Canada,Standard,Romance,TV,5
3171,Ananya,59,Female,Australia,Standard,Drama,TV,6
3172,Kabir,41,Male,Australia,Premium,Action,Mobile,34
3173,Ananya,21,Female,Canada,Basic,Thriller,Tablet,7
3174,Arjun,36,Female,India,Basic,Thriller,Mobile,46
3175,Kabir,43,Female,UK,Basic,Comedy,Mobile,28
3176,Ananya,28,Female,Australia,Standard,Thriller,TV,46
3177,Rohan,57,Male,Australia,Premium,Sci-Fi,Laptop,10
3178,Aarav,28,Female,Australia,Basic,Thriller,TV,4
3179,Siya,20,Male,USA,Standard,Action,Laptop,3
3180,Siya,29,Male,India,Premium,Sci-Fi,Mobile,25
3181,Rohan,20,Male,India,Premium,Sci-Fi,TV,23
3182,Neha,59,Male,India,Basic,Drama,TV,27
3183,Aarav,44,Female,India,Basic,Thriller,Mobile,14
3184,Arjun,19,Female,India,Standard,Comedy,TV,38
3185,Rohan,33,Male,Canada,Basic,Drama,Tablet,32
3186,Siya,19,Female,Australia,Standard,Comedy,Laptop,23
3187,Siya,47,Male,Canada,Premium,Thriller,Laptop,47
3188,Siya,37,Female,USA,Premium,Drama,Laptop,40
3189,Priya,55,Female,UK,Premium,Thriller,TV,37
3190,Rohan,45,Female,Australia,Premium,Action,Tablet,3
3191,Vihaan,42,Male,USA,Basic,Drama,TV,35
3192,Arjun,49,Male,Canada,Basic,Comedy,Laptop,13
3193,Siya,27,Female,UK,Standard,Action,TV,34
3194,Ananya,59,Male,USA,Standard,Romance,Laptop,24
3195,Rohan,57,Male,UK,Standard,Comedy,Mobile,1
3196,Priya,50,Female,USA,Standard,Thriller,Laptop,12
3197,Rohan,30,Male,Canada,Standard,Comedy,Mobile,8
3198,Arjun,58,Female,UK,Premium,Romance,Mobile,19
3199,Priya,59,Female,USA,Premium,Comedy,Mobile,9
3200,Arjun,54,Female,Canada,Premium,Action,Laptop,28
3201,Rohan,33,Male,,Standard,Sci-Fi,Tablet,14
3202,Vihaan,39,Female,Canada,Premium,Comedy,Laptop,27
3203,Arjun,37,Female,Canada,Premium,Drama,TV,18
3204,Priya,44,Male,Australia,Premium,Romance,TV,42
3205,Priya,58,Male,Canada,Premium,Comedy,Tablet,41
3206,Arjun,33,Male,Australia,Basic,Romance,Tablet,6
3207,Isha,51,Male,Australia,Standard,Sci-Fi,Tablet,33
3208,Rohan,49,Female,Australia,Standard,Action,Mobile,37
3209,Isha,43,Male,USA,Basic,Drama,Tablet,42
3210,Neha,42,Male,UK,Premium,Thriller,Tablet,25
3211,Rohan,19,Male,USA,Premium,Comedy,Tablet,13
3212,Arjun,29,Male,Australia,Premium,Action,Laptop,23
3213,Aarav,57,Female,UK,Standard,Romance,TV,36
3214,Arjun,26,Male,UK,Standard,Sci-Fi,TV,33
3215,Isha,29,Female,Australia,Standard,Romance,Tablet,21
3216,Vihaan,43,Male,UK,Standard,Sci-Fi,TV,34
3217,Arjun,26,Female,UK,Standard,Sci-Fi,Laptop,36
3218,Arjun,27,Female,USA,Basic,Action,TV,17
3219,Vihaan,49,Male,UK,Standard,Comedy,Mobile,10
3220,Arjun,51,Female,Australia,Premium,Thriller,Laptop,23
3221,Siya,37,Male,India,Standard,Comedy,TV,44
3222,Aarav,56,Female,India,Basic,Drama,TV,2
3223,Ananya,19,Female,India,Premium,Comedy,Laptop,35
3224,Aarav,18,Female,Australia,Basic,Sci-Fi,TV,14
3225,Arjun,53,Male,India,Premium,Sci-Fi,TV,47
3226,Siya,41,Female,USA,Standard,Drama,Tablet,45
3227,Rohan,44,Male,Australia,Basic,Romance,Mobile,41
3228,Arjun,19,Female,Australia,Premium,Sci-Fi,Laptop,2
3229,Isha,48,Female,Australia,Standard,Drama,Tablet,19
3230,Siya,31,Female,UK,Premium,Sci-Fi,TV,16
3231,Vihaan,19,Female,UK,Basic,Thriller,Laptop,43
3232,Siya,46,Female,UK,Basic,Sci-Fi,Laptop,44
3233,Vihaan,32,Female,Canada,Basic,Action,Mobile,25
3234,Neha,29,Male,USA,Basic,Drama,Mobile,1
3235,Ananya,54,Male,Australia,Standard,Comedy,Laptop,2
3236,Kabir,45,Male,Australia,Premium,Drama,Mobile,48
3237,Siya,37,Female,UK,Standard,Romance,Mobile,27
3238,Priya,56,Male,Australia,Basic,Sci-Fi,TV,2
3239,Isha,41,Female,Australia,Premium,Drama,Mobile,30
3240,Arjun,38,Male,India,Basic,Thriller,Mobile,10
3241,Isha,27,Male,Australia,Standard,Drama,Tablet,19
3242,Aarav,31,Female,Canada,Standard,Thriller,TV,42
3243,Kabir,54,Female,UK,Standard,Sci-Fi,TV,16
3244,Aarav,35,Male,USA,Premium,Comedy,Laptop,13
3245,Neha,41,Male,USA,Premium,Sci-Fi,Mobile,48
3246,Kabir,31,Male,India,Basic,Romance,Tablet,8
3247,Kabir,51,Male,USA,Premium,Action,Tablet,31
3248,Aarav,29,Female,USA,Premium,Comedy,TV,45
3249,Vihaan,39,Male,UK,Standard,Comedy,Mobile,25
3250,Aarav,23,Female,UK,Basic,Action,Tablet,39
3251,Isha,53,Female,Canada,Standard,Drama,Laptop,21
3252,Vihaan,53,Male,India,Basic,Sci-Fi,Mobile,38
3253,Isha,39,Female,USA,Basic,Drama,Mobile,41
3254,Neha,31,Male,Canada,Premium,Drama,Mobile,29
3255,Arjun,33,Female,India,Standard,Sci-Fi,Tablet,6
3256,Rohan,53,Female,USA,Premium,Romance,TV,18
3257,Vihaan,42,Male,USA,Premium,Comedy,TV,49
3258,Neha,49,Female,UK,Premium,Thriller,Laptop,44
3259,Priya,50,Female,Australia,Basic,Action,Tablet,35
3260,Neha,53,Male,India,Standard,Comedy,Mobile,27
3261,Aarav,37,Female,USA,Standard,Drama,Laptop,5
3262,Aarav,35,Female,India,Premium,Action,Laptop,7
3263,Rohan,55,Male,Canada,Basic,Thriller,TV,10
3264,Neha,20,Male,Canada,Standard,Comedy,Mobile,10
3265,Ananya,40,Female,Australia,Standard,Comedy,Mobile,28
3266,Arjun,49,Female,USA,Premium,Romance,Tablet,36
3267,Aarav,33,Female,UK,Basic,Comedy,Tablet,10
3268,Rohan,22,Male,USA,Premium,Comedy,Tablet,35
3269,Arjun,21,Female,India,Standard,Thriller,Laptop,35
3270,Neha,38,Female,Canada,Basic,Thriller,Mobile,37
3271,Neha,57,Female,India,Premium,Action,TV,48
3272,Kabir,31,Female,Australia,Standard,Drama,Laptop,20
3273,Rohan,56,Female,Canada,Premium,Thriller,Laptop,13
3274,Aarav,48,Female,UK,Premium,Action,TV,11
3275,Ananya,31,Male,Canada,Premium,Comedy,TV,45
3276,Neha,23,Male,USA,Basic,Action,Tablet,19
3277,Ananya,29,Female,USA,Standard,Action,TV,28
3278,Neha,33,Female,Canada,Standard,Action,TV,38
3279,Aarav,34,Male,Australia,Standard,Sci-Fi,TV,45
3280,Arjun,40,Male,USA,Standard,Action,TV,4
3281,Siya,31,Male,USA,Basic,Thriller,Tablet,37
3282,Arjun,24,Female,UK,Premium,Sci-Fi,Laptop,19
3283,Neha,49,Female,Canada,Standard,Drama,Mobile,37
3284,Isha,32,Female,USA,Basic,Action,Mobile,14
3285,Siya,34,Female,Australia,Premium,Romance,Laptop,31
3286,Siya,58,Male,India,Basic,Comedy,Mobile,28
3287,Ananya,51,Male,Canada,Basic,Comedy,Mobile,36
3288,Rohan,22,Male,UK,Standard,Sci-Fi,Laptop,44
3289,Ananya,44,Male,USA,Standard,Comedy,Mobile,38
3290,Ananya,40,Female,Australia,Premium,Comedy,Mobile,19
3291,Isha,57,Female,Canada,Premium,Sci-Fi,Laptop,42
3292,Arjun,31,Male,Australia,Standard,Comedy,Mobile,1
3293,Arjun,32,Male,Australia,Basic,Action,TV,23
3294,Priya,50,Male,UK,Standard,Drama,Laptop,28
3295,Neha,48,Male,Canada,Premium,Sci-Fi,Tablet,48
3296,Isha,52,Male,USA,Basic,Romance,Mobile,4
3297,Priya,34,Female,UK,Basic,Sci-Fi,Tablet,41
3298,Aarav,45,Female,USA,Basic,Thriller,Mobile,18
3299,Neha,36,Male,India,Standard,Romance,TV,49
3300,Neha,40,Male,Australia,Standard,Thriller,Laptop,47
3301,Kabir,49,Male,,Premium,Sci-Fi,Tablet,39
3302,Kabir,57,Female,Australia,Basic,Thriller,Laptop,25
3303,Vihaan,30,Female,UK,Basic,Romance,Tablet,18
3304,Vihaan,37,Female,USA,Standard,Action,Mobile,6
3305,Ananya,52,Male,USA,Premium,Sci-Fi,TV,19
3306,Aarav,22,Female,UK,Premium,Sci-Fi,Tablet,12
3307,Siya,26,Male,Canada,Basic,Comedy,Tablet,25
3308,Siya,46,Female,India,Standard,Sci-Fi,TV,35
3309,Kabir,23,Female,India,Basic,Sci-Fi,TV,1
3310,Kabir,42,Female,USA,Standard,Action,TV,5
3311,Kabir,48,Male,USA,Premium,Comedy,TV,1
3312,Isha,39,Male,USA,Basic,Drama,TV,8
3313,Rohan,19,Female,UK,Basic,Thriller,Laptop,39
3314,Vihaan,22,Male,Canada,Basic,Romance,Mobile,47
3315,Isha,44,Male,India,Premium,Drama,Mobile,43
3316,Arjun,42,Male,Australia,Basic,Comedy,Tablet,18
3317,Siya,25,Male,UK,Premium,Action,TV,46
3318,Neha,18,Male,India,Standard,Romance,Laptop,9
3319,Vihaan,37,Male,Canada,Premium,Thriller,Laptop,5
3320,Priya,40,Male,UK,Standard,Sci-Fi,Tablet,4
3321,Arjun,49,Female,India,Premium,Sci-Fi,TV,44
3322,Vihaan,28,Male,UK,Premium,Drama,Mobile,29
3323,Isha,56,Male,India,Basic,Thriller,TV,1
3324,Aarav,41,Female,India,Premium,Comedy,Laptop,30
3325,Neha,28,Female,Canada,Basic,Thriller,TV,45
3326,Vihaan,46,Female,Australia,Standard,Action,Mobile,1
3327,Rohan,43,Female,Canada,Standard,Drama,Mobile,3
3328,Kabir,33,Male,India,Basic,Drama,Tablet,22
3329,Kabir,52,Female,UK,Standard,Action,Laptop,8
3330,Neha,37,Female,Canada,Premium,Thriller,TV,18
3331,Isha,20,Male,Australia,Basic,Action,TV,25
3332,Kabir,18,Male,India,Basic,Romance,Tablet,48
3333,Vihaan,18,Male,Canada,Basic,Action,Tablet,20
3334,Priya,34,Female,Canada,Standard,Thriller,Tablet,31
3335,Siya,19,Male,Canada,Standard,Action,Laptop,30
3336,Siya,46,Female,Canada,Premium,Comedy,TV,16
3337,Arjun,37,Male,UK,Premium,Sci-Fi,Tablet,2
3338,Ananya,23,Male,Australia,Basic,Action,Laptop,17
3339,Aarav,25,Female,Australia,Premium,Sci-Fi,TV,10
3340,Neha,46,Male,India,Standard,Action,Mobile,7
3341,Arjun,50,Male,USA,Premium,Thriller,Tablet,42
3342,Ananya,20,Male,UK,Standard,Romance,Laptop,9
3343,Isha,52,Male,India,Premium,Romance,TV,17
3344,Rohan,22,Male,India,Standard,Sci-Fi,TV,9
3345,Rohan,44,Female,Canada,Standard,Thriller,Tablet,9
3346,Aarav,29,Female,USA,Premium,Thriller,Tablet,37
3347,Kabir,37,Male,USA,Premium,Thriller,TV,24
3348,Vihaan,37,Female,UK,Standard,Comedy,Laptop,39
3349,Arjun,26,Female,USA,Basic,Drama,Mobile,11
3350,Arjun,56,Female,India,Premium,Action,TV,8
3351,Neha,21,Male,USA,Standard,Thriller,Laptop,25
3352,Neha,36,Male,USA,Premium,Thriller,Tablet,46
3353,Rohan,55,Male,Australia,Premium,Thriller,TV,2
3354,Rohan,44,Female,India,Premium,Romance,Tablet,10
3355,Priya,30,Female,USA,Premium,Thriller,Mobile,24
3356,Priya,30,Male,USA,Premium,Action,Tablet,48
3357,Kabir,39,Male,Canada,Basic,Thriller,Mobile,16
3358,Priya,45,Female,USA,Basic,Action,Tablet,19
3359,Vihaan,39,Female,USA,Basic,Comedy,Tablet,31
3360,Vihaan,36,Male,Australia,Standard,Drama,Mobile,11
3361,Arjun,25,Female,India,Basic,Romance,Tablet,6
3362,Siya,25,Female,UK,Basic,Action,Laptop,6
3363,Vihaan,59,Female,India,Standard,Sci-Fi,Tablet,32
3364,Ananya,43,Female,Canada,Basic,Comedy,TV,39
3365,Rohan,43,Female,India,Premium,Drama,Tablet,48
3366,Neha,40,Female,USA,Basic,Drama,Laptop,13
3367,Priya,30,Female,Canada,Basic,Drama,TV,3
3368,Arjun,45,Male,India,Basic,Action,Laptop,41
3369,Aarav,26,Male,Canada,Premium,Comedy,TV,35
3370,Neha,37,Female,UK,Premium,Thriller,Tablet,38
3371,Ananya,36,Female,India,Premium,Sci-Fi,Laptop,17
3372,Priya,56,Female,USA,Premium,Comedy,Tablet,3
3373,Ananya,29,Male,Canada,Standard,Comedy,TV,34
3374,Rohan,32,Male,Australia,Premium,Comedy,Laptop,12
3375,Rohan,48,Female,Canada,Premium,Action,Mobile,24
3376,Kabir,31,Male,Australia,Premium,Sci-Fi,Laptop,6
3377,Arjun,28,Female,USA,Premium,Action,Tablet,42
3378,Neha,43,Female,UK,Standard,Sci-Fi,Mobile,11
3379,Isha,59,Female,Australia,Basic,Sci-Fi,Mobile,48
3380,Isha,44,Female,UK,Basic,Action,TV,27
3381,Neha,28,Female,Canada,Premium,Sci-Fi,Mobile,48
3382,Aarav,55,Female,USA,Premium,Comedy,Mobile,24
3383,Arjun,51,Female,Australia,Premium,Action,TV,18
3384,Ananya,36,Male,Canada,Basic,Sci-Fi,Laptop,27
3385,Aarav,23,Female,India,Basic,Drama,Tablet,41
3386,Siya,55,Male,Canada,Premium,Action,Laptop,21
3387,Neha,59,Female,UK,Basic,Romance,Mobile,34
3388,Ananya,45,Female,USA,Standard,Action,Tablet,33
3389,Isha,18,Male,USA,Premium,Action,Laptop,48
3390,Vihaan,52,Male,Canada,Premium,Action,Tablet,18
3391,Kabir,57,Female,India,Standard,Sci-Fi,Mobile,3
3392,Isha,25,Male,UK,Standard,Action,Laptop,24
3393,Arjun,24,Female,Canada,Basic,Romance,Tablet,1
3394,Rohan,28,Female,Canada,Standard,Thriller,Tablet,6
3395,Vihaan,56,Male,USA,Premium,Action,Laptop,19
3396,Kabir,21,Male,UK,Basic,Drama,Laptop,22
3397,Kabir,42,Male,India,Standard,Romance,Mobile,43
3398,Siya,29,Male,USA,Basic,Thriller,TV,8
3399,Siya,43,Female,Canada,Basic,Sci-Fi,Tablet,5
3400,Priya,55,Male,USA,Basic,Action,Laptop,9
3401,Isha,29,Male,,Basic,Thriller,Laptop,47
3402,Isha,54,Male,Australia,Standard,Drama,Laptop,21
3403,Isha,41,Male,USA,Premium,Romance,Tablet,28
3404,Priya,33,Male,USA,Premium,Romance,Mobile,46
3405,Aarav,30,Female,UK,Standard,Sci-Fi,TV,4
3406,Kabir,42,Female,USA,Premium,Sci-Fi,Tablet,24
3407,Vihaan,21,Male,India,Basic,Sci-Fi,Mobile,8
3408,Arjun,28,Male,Canada,Basic,Thriller,Tablet,17
3409,Kabir,49,Female,UK,Basic,Action,Tablet,34
3410,Siya,24,Male,USA,Standard,Comedy,Laptop,20
3411,Ananya,28,Female,India,Basic,Romance,Mobile,16
3412,Rohan,45,Female,Canada,Basic,Comedy,Laptop,10
3413,Priya,58,Male,UK,Standard,Romance,Laptop,34
3414,Neha,40,Female,India,Basic,Sci-Fi,Mobile,43
3415,Ananya,40,Male,USA,Basic,Action,Laptop,10
3416,Arjun,45,Male,Australia,Premium,Action,Laptop,30
3417,Isha,43,Female,Australia,Standard,Romance,TV,30
3418,Siya,42,Female,UK,Basic,Thriller,Mobile,25
3419,Siya,46,Male,India,Basic,Sci-Fi,Mobile,46
3420,Siya,36,Female,Canada,Basic,Action,Laptop,43
3421,Isha,50,Male,India,Basic,Action,Laptop,41
3422,Neha,53,Female,Australia,Premium,Drama,Mobile,7
3423,Priya,31,Female,UK,Premium,Action,Mobile,47
3424,Ananya,31,Male,USA,Premium,Drama,Tablet,20
3425,Isha,52,Male,India,Premium,Action,Mobile,17
3426,Arjun,47,Male,Australia,Standard,Action,Tablet,3
3427,Priya,45,Female,Canada,Basic,Thriller,Laptop,47
3428,Arjun,34,Male,UK,Premium,Thriller,TV,46
3429,Priya,20,Male,USA,Basic,Sci-Fi,TV,40
3430,Neha,33,Female,India,Standard,Action,Tablet,36
3431,Rohan,47,Female,Canada,Basic,Sci-Fi,Laptop,26
3432,Arjun,46,Male,USA,Basic,Sci-Fi,Laptop,10
3433,Isha,32,Male,Australia,Premium,Sci-Fi,Laptop,34
3434,Priya,42,Male,Australia,Premium,Sci-Fi,Mobile,14
3435,Siya,55,Male,Canada,Standard,Romance,Laptop,8
3436,Kabir,59,Female,Australia,Basic,Romance,Mobile,27
3437,Siya,55,Female,UK,Premium,Action,Tablet,10
3438,Aarav,40,Male,Canada,Premium,Romance,TV,15
3439,Rohan,42,Male,Australia,Premium,Action,Tablet,37
3440,Rohan,59,Male,India,Standard,Thriller,Laptop,22
3441,Siya,24,Female,Australia,Basic,Comedy,Laptop,45
3442,Ananya,39,Male,UK,Premium,Drama,Tablet,31
3443,Neha,34,Male,USA,Basic,Romance,Mobile,2
3444,Arjun,35,Female,USA,Standard,Romance,Mobile,45
3445,Isha,58,Female,Australia,Basic,Thriller,Mobile,31
3446,Rohan,27,Male,USA,Premium,Romance,TV,14
3447,Siya,27,Male,Australia,Basic,Action,TV,10
3448,Siya,24,Female,UK,Basic,Action,Laptop,30
3449,Neha,55,Male,USA,Standard,Comedy,Tablet,36
3450,Neha,44,Male,India,Standard,Comedy,Tablet,47
3451,Vihaan,50,Female,Australia,Basic,Comedy,Laptop,40
3452,Vihaan,18,Female,USA,Basic,Action,Mobile,15
3453,Ananya,51,Female,UK,Basic,Sci-Fi,TV,14
3454,Ananya,21,Male,UK,Standard,Sci-Fi,Tablet,31
3455,Aarav,34,Female,India,Standard,Comedy,Laptop,29
3456,Ananya,21,Female,UK,Basic,Comedy,Mobile,27
3457,Priya,43,Male,UK,Standard,Action,Mobile,21
3458,Neha,21,Male,USA,Premium,Thriller,TV,9
3459,Isha,18,Female,Australia,Standard,Romance,TV,20
3460,Priya,24,Female,Canada,Standard,Drama,Laptop,35
3461,Arjun,47,Male,UK,Standard,Sci-Fi,Laptop,15
3462,Siya,26,Male,UK,Premium,Sci-Fi,Mobile,24
3463,Ananya,52,Female,Canada,Premium,Action,Mobile,49
3464,Siya,25,Female,UK,Premium,Action,Tablet,16
3465,Rohan,41,Male,USA,Basic,Drama,Mobile,36
3466,Aarav,36,Female,USA,Basic,Drama,Laptop,11
3467,Rohan,53,Male,Canada,Premium,Comedy,TV,8
3468,Aarav,44,Female,UK,Basic,Drama,Laptop,3
3469,Vihaan,49,Male,UK,Basic,Romance,Tablet,19
3470,Siya,31,Male,Australia,Basic,Romance,Tablet,46
3471,Aarav,35,Female,UK,Premium,Sci-Fi,TV,41
3472,Kabir,45,Female,USA,Standard,Romance,Laptop,3
3473,Priya,46,Male,India,Premium,Romance,Tablet,36
3474,Aarav,33,Female,India,Premium,Romance,Laptop,25
3475,Aarav,52,Female,India,Basic,Comedy,Tablet,36
3476,Priya,48,Female,India,Basic,Sci-Fi,TV,11
3477,Siya,21,Male,UK,Standard,Action,Tablet,16
3478,Siya,54,Female,UK,Standard,Sci-Fi,Laptop,17
3479,Priya,34,Female,Australia,Standard,Sci-Fi,Laptop,42
3480,Rohan,56,Male,UK,Standard,Sci-Fi,Tablet,24
3481,Kabir,43,Female,India,Premium,Drama,Mobile,17
3482,Isha,56,Female,Canada,Standard,Action,TV,48
3483,Arjun,58,Male,Canada,Premium,Drama,TV,20
3484,Kabir,21,Male,USA,Basic,Comedy,Tablet,22
3485,Siya,47,Female,USA,Standard,Comedy,Tablet,6
3486,Isha,47,Female,UK,Basic,Thriller,Mobile,7
3487,Vihaan,39,Male,Canada,Basic,Thriller,TV,14
3488,Ananya,28,Male,India,Premium,Comedy,Mobile,11
3489,Aarav,19,Female,India,Standard,Comedy,TV,12
3490,Priya,29,Female,India,Premium,Drama,Tablet,46
3491,Priya,47,Female,UK,Basic,Comedy,TV,5
3492,Aarav,53,Male,UK,Standard,Action,TV,5
3493,Ananya,35,Female,Australia,Basic,Drama,TV,20
3494,Arjun,43,Male,India,Basic,Comedy,Mobile,15
3495,Ananya,24,Male,India,Standard,Drama,Mobile,26
3496,Isha,18,Male,UK,Standard,Drama,TV,33
3497,Ananya,43,Female,UK,Standard,Romance,Laptop,30
3498,Isha,40,Female,Australia,Premium,Thriller,Mobile,24
3499,Ananya,43,Female,Australia,Premium,Drama,Tablet,23
3500,Arjun,23,Male,USA,Basic,Sci-Fi,Tablet,9
3501,Arjun,23,Female,,Standard,Drama,TV,3
3502,Siya,25,Male,India,Basic,Sci-Fi,Tablet,36
3503,Aarav,41,Male,India,Basic,Romance,Mobile,48
3504,Arjun,39,Male,Australia,Basic,Comedy,Laptop,7
3505,Isha,36,Male,Australia,Basic,Drama,Laptop,22
3506,Arjun,54,Male,USA,Basic,Romance,Laptop,14
3507,Siya,35,Male,Canada,Standard,Action,Tablet,48
3508,Priya,48,Female,USA,Premium,Romance,TV,29
3509,Isha,54,Male,Canada,Standard,Thriller,Tablet,16
3510,Siya,47,Female,India,Standard,Thriller,TV,48
3511,Rohan,59,Male,USA,Standard,Comedy,Laptop,34
3512,Rohan,50,Female,Australia,Premium,Sci-Fi,Mobile,10
3513,Vihaan,27,Female,USA,Premium,Comedy,Tablet,7
3514,Ananya,54,Female,USA,Premium,Sci-Fi,Mobile,25
3515,Aarav,29,Female,India,Standard,Sci-Fi,Laptop,27
3516,Neha,47,Male,Australia,Premium,Sci-Fi,TV,15
3517,Kabir,44,Male,Australia,Basic,Sci-Fi,Mobile,32
3518,Siya,56,Male,UK,Premium,Thriller,Tablet,28
3519,Priya,26,Male,UK,Standard,Thriller,Mobile,9
3520,Kabir,38,Female,UK,Standard,Drama,Mobile,7
3521,Priya,29,Female,India,Basic,Thriller,Tablet,16
3522,Kabir,46,Female,USA,Premium,Comedy,TV,26
3523,Siya,50,Male,Australia,Premium,Thriller,Tablet,35
3524,Neha,32,Female,Australia,Basic,Comedy,Laptop,17
3525,Kabir,19,Male,USA,Standard,Action,TV,23
3526,Siya,56,Female,Australia,Standard,Thriller,Mobile,8
3527,Arjun,35,Female,USA,Premium,Comedy,Tablet,2
3528,Neha,20,Female,India,Premium,Sci-Fi,Laptop,31
3529,Isha,24,Female,India,Premium,Romance,Tablet,32
3530,Priya,35,Female,India,Premium,Sci-Fi,TV,29
3531,Rohan,55,Male,USA,Premium,Drama,Laptop,3
3532,Ananya,54,Female,USA,Standard,Comedy,Mobile,8
3533,Rohan,50,Male,Canada,Standard,Sci-Fi,TV,2
3534,Neha,48,Male,Australia,Standard,Thriller,Laptop,31
3535,Isha,28,Male,Australia,Standard,Thriller,TV,49
3536,Priya,21,Male,Canada,Basic,Action,Mobile,37
3537,Isha,35,Male,Canada,Standard,Romance,Laptop,20
3538,Kabir,21,Male,India,Basic,Comedy,Tablet,29
3539,Priya,51,Male,Canada,Standard,Sci-Fi,Tablet,17
3540,Kabir,46,Male,USA,Premium,Romance,Mobile,10
3541,Siya,41,Female,UK,Premium,Action,Laptop,41
3542,Neha,39,Female,USA,Premium,Drama,Mobile,22
3543,Siya,19,Male,Canada,Basic,Romance,Mobile,6
3544,Vihaan,23,Male,Australia,Standard,Action,TV,43
3545,Isha,59,Male,USA,Standard,Comedy,Tablet,34
3546,Kabir,42,Female,Australia,Basic,Drama,Mobile,31
3547,Arjun,38,Female,USA,Basic,Thriller,TV,12
3548,Siya,33,Male,Australia,Basic,Action,Mobile,12
3549,Vihaan,48,Male,USA,Basic,Thriller,Mobile,16
3550,Aarav,31,Female,Australia,Basic,Drama,Mobile,25
3551,Rohan,56,Female,UK,Premium,Action,Tablet,22
3552,Priya,45,Male,India,Standard,Action,Laptop,27
3553,Vihaan,49,Male,USA,Basic,Drama,Tablet,24
3554,Neha,45,Male,UK,Premium,Comedy,TV,12
3555,Siya,26,Male,India,Basic,Action,Laptop,18
3556,Neha,39,Female,USA,Premium,Drama,TV,45
3557,Rohan,49,Female,UK,Basic,Romance,Mobile,47
3558,Arjun,22,Male,UK,Standard,Thriller,Laptop,16
3559,Isha,40,Male,UK,Basic,Action,TV,4
3560,Isha,22,Male,Canada,Basic,Romance,Mobile,12
3561,Neha,59,Female,Australia,Standard,Action,TV,49
3562,Kabir,49,Male,India,Standard,Comedy,TV,33
3563,Arjun,27,Male,Australia,Basic,Drama,Tablet,22
3564,Isha,56,Male,Australia,Standard,Action,Mobile,18
3565,Arjun,32,Female,Australia,Standard,Drama,Tablet,48
3566,Vihaan,24,Male,UK,Premium,Sci-Fi,Laptop,33
3567,Arjun,46,Female,Australia,Standard,Action,Mobile,27
3568,Ananya,20,Male,Canada,Standard,Comedy,Tablet,42
3569,Rohan,36,Male,USA,Basic,Comedy,Tablet,19
3570,Isha,27,Male,UK,Basic,Romance,Laptop,48
3571,Arjun,45,Female,India,Premium,Comedy,TV,14
3572,Neha,46,Male,USA,Basic,Drama,TV,25
3573,Aarav,32,Male,USA,Standard,Sci-Fi,TV,34
3574,Ananya,52,Female,USA,Standard,Comedy,Laptop,24
3575,Ananya,23,Female,Australia,Standard,Action,Tablet,38
3576,Kabir,29,Female,Australia,Basic,Comedy,Mobile,23
3577,Arjun,55,Male,UK,Standard,Sci-Fi,Laptop,5
3578,Kabir,30,Female,Australia,Standard,Drama,TV,44
3579,Kabir,46,Male,Australia,Premium,Action,TV,36
3580,Aarav,36,Female,Australia,Premium,Romance,Mobile,24
3581,Vihaan,20,Female,UK,Premium,Romance,Laptop,36
3582,Arjun,25,Female,UK,Basic,Romance,TV,5
3583,Siya,25,Male,Canada,Standard,Action,Laptop,39
3584,Isha,37,Male,Canada,Standard,Romance,Tablet,6
3585,Kabir,21,Male,Canada,Standard,Comedy,Laptop,45
3586,Rohan,38,Male,Canada,Premium,Action,Tablet,36
3587,Priya,20,Male,USA,Standard,Action,Mobile,45
3588,Rohan,25,Male,USA,Standard,Action,Tablet,4
3589,Aarav,40,Male,Canada,Standard,Thriller,Tablet,10
3590,Aarav,33,Male,Canada,Standard,Drama,Mobile,1
3591,Neha,30,Male,India,Standard,Thriller,TV,21
3592,Vihaan,20,Female,USA,Basic,Thriller,Mobile,40
3593,Isha,26,Female,India,Standard,Thriller,Laptop,39
3594,Kabir,31,Male,India,Basic,Drama,Mobile,37
3595,Rohan,30,Male,Australia,Standard,Thriller,Laptop,3
3596,Priya,24,Male,UK,Basic,Romance,TV,47
3597,Aarav,32,Male,USA,Standard,Action,Laptop,31
3598,Aarav,24,Female,Canada,Standard,Action,Mobile,27
3599,Vihaan,55,Female,Canada,Standard,Comedy,Mobile,17
3600,Priya,51,Male,UK,Standard,Sci-Fi,TV,23
3601,Priya,58,Female,,Premium,Romance,Mobile,13
3602,Vihaan,39,Female,Canada,Standard,Drama,TV,47
3603,Aarav,41,Male,Canada,Basic,Sci-Fi,TV,27
3604,Isha,54,Male,Australia,Premium,Action,Mobile,20
3605,Arjun,18,Male,India,Premium,Thriller,Tablet,46
3606,Arjun,27,Male,Canada,Standard,Comedy,Laptop,13
3607,Vihaan,33,Female,USA,Basic,Comedy,Tablet,44
3608,Priya,25,Male,UK,Basic,Action,TV,24
3609,Kabir,42,Female,Australia,Premium,Romance,Laptop,41
3610,Vihaan,29,Male,USA,Basic,Sci-Fi,Tablet,3
3611,Isha,42,Female,Australia,Standard,Comedy,Mobile,43
3612,Vihaan,34,Male,India,Standard,Action,Tablet,10
3613,Ananya,43,Male,Canada,Standard,Romance,Laptop,1
3614,Rohan,31,Female,USA,Standard,Action,Laptop,49
3615,Priya,58,Female,UK,Standard,Action,Laptop,13
3616,Neha,53,Female,India,Premium,Romance,Laptop,14
3617,Neha,40,Male,India,Standard,Romance,Tablet,33
3618,Priya,23,Female,Australia,Standard,Romance,Mobile,2
3619,Isha,22,Female,India,Premium,Action,Mobile,2
3620,Ananya,42,Female,USA,Premium,Comedy,Laptop,39
3621,Ananya,35,Female,Australia,Premium,Drama,Mobile,41
3622,Aarav,30,Female,India,Basic,Drama,Tablet,31
3623,Rohan,31,Female,UK,Basic,Action,Mobile,4
3624,Arjun,45,Female,USA,Standard,Action,TV,34
3625,Siya,35,Female,UK,Standard,Comedy,Mobile,19
3626,Isha,45,Female,UK,Standard,Romance,Laptop,37
3627,Siya,44,Male,Australia,Basic,Action,Mobile,9
3628,Siya,49,Male,Canada,Standard,Thriller,Mobile,24
3629,Priya,26,Female,Australia,Standard,Romance,Mobile,13
3630,Neha,57,Male,USA,Basic,Action,Mobile,44
3631,Neha,49,Male,USA,Premium,Thriller,TV,30
3632,Arjun,37,Female,Australia,Basic,Sci-Fi,Tablet,19
3633,Priya,45,Female,Canada,Standard,Comedy,Laptop,41
3634,Siya,50,Female,Australia,Basic,Thriller,Laptop,10
3635,Kabir,21,Female,USA,Premium,Action,Mobile,42
3636,Neha,51,Female,Canada,Premium,Drama,Tablet,44
3637,Isha,20,Female,USA,Premium,Action,Mobile,14
3638,Isha,43,Male,Canada,Premium,Drama,TV,40
3639,Aarav,25,Female,Canada,Premium,Comedy,Tablet,48
3640,Vihaan,23,Male,Australia,Premium,Comedy,Tablet,49
3641,Kabir,33,Female,Australia,Standard,Romance,Tablet,20
3642,Neha,41,Female,Australia,Standard,Romance,Tablet,4
3643,Ananya,56,Male,Canada,Basic,Drama,Mobile,38
3644,Neha,47,Female,Canada,Standard,Drama,TV,44
3645,Aarav,30,Female,USA,Premium,Comedy,Tablet,39
3646,Isha,22,Male,UK,Standard,Thriller,Laptop,5
3647,Siya,42,Female,Australia,Basic,Drama,Laptop,42
3648,Ananya,37,Male,USA,Premium,Drama,TV,32
3649,Priya,35,Female,USA,Standard,Thriller,Laptop,6
3650,Rohan,35,Female,India,Standard,Romance,Mobile,14
3651,Siya,19,Male,Australia,Basic,Romance,Mobile,6
3652,Rohan,27,Female,USA,Premium,Drama,TV,14
3653,Kabir,29,Male,India,Basic,Romance,Tablet,12
3654,Vihaan,30,Male,Australia,Premium,Romance,Laptop,27
3655,Ananya,28,Male,Canada,Premium,Sci-Fi,Laptop,26
3656,Arjun,36,Female,India,Standard,Romance,TV,12
3657,Ananya,52,Female,Canada,Basic,Comedy,TV,8
3658,Neha,56,Male,UK,Basic,Action,Laptop,10
3659,Isha,43,Female,UK,Basic,Drama,Tablet,16
3660,Neha,31,Female,UK,Premium,Drama,TV,26
3661,Neha,41,Female,UK,Basic,Comedy,Mobile,8
3662,Kabir,58,Male,USA,Premium,Action,Laptop,41
3663,Siya,18,Female,UK,Basic,Action,TV,45
3664,Arjun,39,Male,USA,Basic,Comedy,TV,29
3665,Arjun,40,Female,USA,Standard,Thriller,TV,20
3666,Neha,36,Female,Australia,Basic,Thriller,Laptop,17
3667,Rohan,35,Male,USA,Standard,Action,Mobile,19
3668,Kabir,29,Female,USA,Standard,Thriller,Mobile,17
3669,Neha,45,Male,UK,Premium,Thriller,Laptop,39
3670,Vihaan,45,Female,USA,Basic,Thriller,TV,1
3671,Isha,50,Male,Canada,Basic,Action,Laptop,29
3672,Siya,36,Female,UK,Basic,Thriller,Laptop,14
3673,Priya,45,Female,India,Standard,Drama,TV,17
3674,Vihaan,54,Female,UK,Basic,Sci-Fi,Laptop,13
3675,Rohan,43,Male,USA,Premium,Action,Tablet,29
3676,Ananya,52,Male,Canada,Premium,Comedy,Mobile,34
3677,Ananya,51,Male,UK,Basic,Thriller,Tablet,27
3678,Vihaan,52,Female,Canada,Standard,Romance,Tablet,46
3679,Neha,57,Male,India,Premium,Action,Tablet,33
3680,Priya,33,Male,India,Premium,Comedy,Laptop,29
3681,Aarav,55,Male,Australia,Standard,Sci-Fi,TV,37
3682,Aarav,30,Male,Australia,Premium,Drama,Laptop,39
3683,Rohan,40,Male,UK,Standard,Comedy,Mobile,19
3684,Neha,39,Male,Australia,Premium,Thriller,Laptop,46
3685,Arjun,33,Male,Canada,Standard,Romance,Laptop,24
3686,Arjun,45,Male,Australia,Premium,Thriller,Laptop,14
3687,Siya,52,Male,Canada,Basic,Comedy,Laptop,47
3688,Priya,25,Male,Australia,Premium,Action,Tablet,37
3689,Priya,39,Female,Australia,Premium,Romance,TV,5
3690,Ananya,38,Female,Australia,Basic,Romance,Mobile,24
3691,Kabir,43,Male,USA,Basic,Comedy,Mobile,34
3692,Rohan,57,Female,USA,Basic,Sci-Fi,Mobile,31
3693,Aarav,38,Female,Australia,Basic,Sci-Fi,Laptop,30
3694,Rohan,42,Male,Canada,Standard,Thriller,Mobile,9
3695,Arjun,58,Male,UK,Standard,Comedy,Tablet,27
3696,Arjun,18,Male,India,Premium,Romance,TV,28
3697,Vihaan,23,Female,USA,Premium,Comedy,Laptop,42
3698,Siya,40,Male,Australia,Premium,Romance,Laptop,26
3699,Priya,40,Female,India,Standard,Thriller,Tablet,18
3700,Isha,40,Male,USA,Premium,Action,Mobile,36
3701,Rohan,49,Female,,Premium,Action,Laptop,8
3702,Arjun,47,Female,Canada,Standard,Comedy,Laptop,18
3703,Kabir,30,Male,Australia,Premium,Romance,Tablet,20
3704,Ananya,35,Male,UK,Standard,Action,Tablet,32
3705,Aarav,40,Female,USA,Standard,Romance,Mobile,29
3706,Siya,32,Female,Australia,Basic,Thriller,TV,49
3707,Kabir,50,Male,India,Basic,Comedy,TV,48
3708,Siya,38,Male,Canada,Standard,Romance,Mobile,18
3709,Vihaan,56,Female,USA,Standard,Comedy,TV,7
3710,Isha,40,Male,Canada,Basic,Romance,Tablet,1
3711,Arjun,44,Female,Australia,Premium,Sci-Fi,Tablet,28
3712,Ananya,35,Male,UK,Premium,Sci-Fi,Tablet,33
3713,Kabir,41,Male,Canada,Premium,Romance,TV,4
3714,Siya,57,Male,India,Standard,Thriller,TV,20
3715,Priya,59,Female,USA,Basic,Comedy,Laptop,36
3716,Vihaan,24,Male,India,Premium,Drama,Laptop,31
3717,Priya,37,Female,Canada,Basic,Romance,Laptop,38
3718,Ananya,44,Male,UK,Basic,Romance,TV,28
3719,Kabir,23,Female,UK,Standard,Sci-Fi,Laptop,3
3720,Vihaan,44,Female,India,Premium,Action,Tablet,6
3721,Kabir,26,Male,Australia,Basic,Sci-Fi,TV,45
3722,Arjun,48,Female,Australia,Standard,Comedy,Mobile,23
3723,Neha,38,Female,UK,Standard,Sci-Fi,TV,7
3724,Vihaan,43,Female,India,Standard,Drama,Laptop,36
3725,Priya,57,Female,India,Premium,Thriller,TV,1
3726,Ananya,30,Male,India,Premium,Drama,Laptop,6
3727,Isha,40,Male,Canada,Standard,Thriller,Laptop,24
3728,Arjun,37,Male,Australia,Premium,Drama,Mobile,37
3729,Neha,54,Female,Australia,Premium,Sci-Fi,Mobile,45
3730,Isha,45,Female,Canada,Basic,Drama,Tablet,36
3731,Aarav,34,Male,USA,Standard,Sci-Fi,Laptop,24
3732,Arjun,45,Male,Canada,Standard,Sci-Fi,TV,38
3733,Ananya,58,Female,India,Premium,Comedy,Mobile,45
3734,Siya,19,Male,Canada,Standard,Sci-Fi,Mobile,29
3735,Vihaan,42,Male,India,Standard,Action,Laptop,37
3736,Kabir,58,Female,UK,Standard,Drama,TV,45
3737,Ananya,23,Male,India,Premium,Romance,Mobile,32
3738,Vihaan,28,Female,Australia,Premium,Romance,Mobile,25
3739,Isha,55,Male,Canada,Premium,Romance,TV,10
3740,Kabir,23,Female,India,Basic,Action,Mobile,35
3741,Rohan,28,Female,USA,Standard,Sci-Fi,TV,25
3742,Priya,31,Female,UK,Basic,Drama,Laptop,27
3743,Aarav,19,Female,USA,Premium,Thriller,Mobile,45
3744,Arjun,57,Female,USA,Basic,Thriller,Laptop,32
3745,Ananya,20,Male,USA,Standard,Comedy,TV,12
3746,Aarav,52,Male,UK,Standard,Action,Laptop,4
3747,Siya,50,Male,UK,Premium,Drama,Laptop,42
3748,Vihaan,41,Female,UK,Premium,Sci-Fi,Laptop,26
3749,Vihaan,36,Male,UK,Basic,Romance,Tablet,3
3750,Ananya,35,Female,USA,Premium,Action,TV,17
3751,Neha,41,Female,Australia,Basic,Action,TV,9
3752,Neha,52,Male,Australia,Standard,Drama,TV,29
3753,Rohan,18,Female,UK,Standard,Sci-Fi,TV,1
3754,Priya,53,Male,Canada,Standard,Comedy,TV,18
3755,Kabir,42,Female,India,Standard,Sci-Fi,Mobile,41
3756,Siya,51,Female,Canada,Standard,Comedy,Mobile,20
3757,Aarav,42,Male,Canada,Basic,Comedy,Mobile,41
3758,Neha,33,Female,Canada,Standard,Romance,Laptop,34
3759,Rohan,51,Male,Australia,Basic,Romance,Laptop,28
3760,Rohan,46,Female,India,Standard,Drama,TV,48
3761,Ananya,36,Male,Canada,Basic,Sci-Fi,Tablet,35
3762,Siya,40,Female,UK,Basic,Comedy,TV,16
3763,Isha,36,Male,Australia,Basic,Drama,Mobile,21
3764,Kabir,42,Male,UK,Premium,Comedy,TV,13
3765,Priya,33,Female,UK,Basic,Action,Laptop,35
3766,Arjun,26,Male,Canada,Basic,Thriller,TV,42
3767,Ananya,18,Female,UK,Standard,Thriller,Mobile,32
3768,Kabir,59,Female,India,Basic,Comedy,TV,38
3769,Arjun,36,Male,UK,Basic,Drama,Laptop,6
3770,Arjun,50,Male,Canada,Premium,Romance,Tablet,38
3771,Siya,51,Male,UK,Standard,Sci-Fi,Mobile,38
3772,Siya,33,Male,Australia,Premium,Comedy,TV,13
3773,Aarav,57,Male,Australia,Premium,Comedy,Laptop,46
3774,Rohan,35,Female,Australia,Premium,Sci-Fi,Mobile,39
3775,Kabir,51,Male,USA,Basic,Romance,Mobile,13
3776,Ananya,42,Female,Australia,Premium,Comedy,Laptop,47
3777,Vihaan,23,Male,Australia,Premium,Action,TV,12
3778,Ananya,38,Male,USA,Standard,Romance,TV,33
3779,Aarav,23,Male,Australia,Standard,Action,TV,28
3780,Priya,49,Female,Canada,Standard,Thriller,Mobile,3
3781,Rohan,58,Male,Australia,Standard,Sci-Fi,Tablet,18
3782,Vihaan,56,Female,Australia,Premium,Romance,Mobile,26
3783,Neha,48,Female,USA,Standard,Romance,TV,40
3784,Priya,59,Female,Canada,Basic,Drama,Mobile,2
3785,Siya,27,Male,UK,Premium,Drama,Tablet,4
3786,Arjun,47,Female,India,Standard,Sci-Fi,Mobile,28
3787,Neha,35,Male,Canada,Premium,Romance,Laptop,28
3788,Ananya,41,Female,UK,Standard,Thriller,TV,25
3789,Ananya,26,Male,Canada,Premium,Comedy,TV,26
3790,Siya,48,Female,UK,Standard,Sci-Fi,TV,45
3791,Aarav,32,Male,UK,Basic,Sci-Fi,Mobile,47
3792,Kabir,21,Male,Canada,Standard,Drama,Mobile,2
3793,Neha,57,Male,USA,Premium,Thriller,Mobile,42
3794,Neha,26,Female,Canada,Premium,Sci-Fi,TV,34
3795,Isha,26,Female,Canada,Basic,Thriller,Mobile,30
3796,Priya,43,Male,UK,Premium,Sci-Fi,TV,21
3797,Rohan,21,Female,India,Basic,Drama,Mobile,44
3798,Priya,34,Female,UK,Premium,Comedy,TV,37
3799,Kabir,33,Female,Australia,Premium,Drama,Laptop,44
3800,Ananya,32,Female,Canada,Basic,Sci-Fi,Mobile,23
3801,Ananya,52,Female,,Premium,Thriller,TV,33
3802,Ananya,22,Female,USA,Premium,Action,Laptop,2
3803,Isha,22,Female,UK,Basic,Drama,Laptop,27
3804,Ananya,37,Male,USA,Standard,Thriller,Tablet,48
3805,Kabir,32,Male,Canada,Basic,Drama,Mobile,22
3806,Siya,35,Female,UK,Premium,Sci-Fi,TV,34
3807,Rohan,19,Male,UK,Standard,Thriller,Tablet,16
3808,Kabir,46,Male,Australia,Standard,Comedy,Mobile,20
3809,Rohan,30,Male,Australia,Standard,Thriller,Laptop,26
3810,Kabir,21,Female,India,Basic,Romance,Mobile,16
3811,Ananya,59,Female,Australia,Standard,Action,TV,6
3812,Siya,27,Female,UK,Standard,Sci-Fi,Laptop,45
3813,Neha,48,Female,Australia,Standard,Thriller,Tablet,44
3814,Priya,58,Female,India,Premium,Sci-Fi,Mobile,23
3815,Arjun,25,Male,Canada,Basic,Drama,Mobile,42
3816,Siya,20,Female,Australia,Basic,Drama,Tablet,37
3817,Neha,26,Male,UK,Premium,Thriller,Mobile,8
3818,Aarav,47,Female,Canada,Standard,Romance,Mobile,6
3819,Kabir,28,Male,UK,Premium,Thriller,Mobile,37
3820,Aarav,52,Female,Canada,Premium,Comedy,Laptop,22
3821,Neha,54,Female,UK,Standard,Romance,Laptop,6
3822,Siya,59,Female,Australia,Standard,Sci-Fi,TV,32
3823,Kabir,30,Female,Australia,Basic,Thriller,Mobile,17
3824,Arjun,53,Female,India,Standard,Sci-Fi,TV,38
3825,Ananya,30,Female,Canada,Premium,Action,Laptop,17
3826,Kabir,29,Male,India,Premium,Romance,Mobile,37
3827,Kabir,54,Female,USA,Standard,Thriller,TV,23
3828,Siya,27,Male,Australia,Basic,Action,Mobile,49
3829,Siya,26,Female,Canada,Premium,Thriller,Mobile,49
3830,Neha,24,Male,India,Standard,Comedy,Tablet,13
3831,Vihaan,19,Male,India,Basic,Drama,TV,32
3832,Kabir,40,Male,USA,Basic,Sci-Fi,Laptop,22
3833,Priya,56,Male,India,Premium,Thriller,TV,7
3834,Kabir,57,Male,UK,Premium,Romance,TV,22
3835,Neha,56,Male,Australia,Basic,Thriller,TV,21
3836,Rohan,38,Female,India,Basic,Thriller,Tablet,6
3837,Aarav,40,Male,India,Basic,Thriller,Mobile,14
3838,Ananya,46,Female,USA,Standard,Thriller,Laptop,16
3839,Vihaan,31,Female,UK,Premium,Romance,Tablet,3
3840,Arjun,43,Male,India,Basic,Romance,Laptop,9
3841,Arjun,22,Male,Australia,Premium,Thriller,Tablet,47
3842,Arjun,48,Female,Australia,Premium,Drama,Mobile,21
3843,Siya,42,Male,India,Premium,Thriller,Laptop,30
3844,Arjun,48,Male,UK,Basic,Sci-Fi,TV,30
3845,Ananya,37,Male,Australia,Standard,Sci-Fi,Tablet,42
3846,Aarav,34,Male,Australia,Basic,Romance,Laptop,42
3847,Arjun,19,Male,UK,Premium,Sci-Fi,Mobile,32
3848,Kabir,42,Male,UK,Basic,Sci-Fi,Laptop,23
3849,Kabir,30,Male,India,Basic,Comedy,Tablet,3
3850,Siya,56,Female,Canada,Premium,Thriller,Mobile,1
3851,Ananya,45,Male,USA,Premium,Thriller,TV,3
3852,Aarav,59,Female,Canada,Basic,Thriller,Tablet,37
3853,Vihaan,23,Female,Canada,Basic,Thriller,Tablet,7
3854,Neha,20,Female,Australia,Basic,Action,Mobile,3
3855,Aarav,52,Female,UK,Basic,Thriller,Tablet,36
3856,Neha,35,Male,Australia,Standard,Romance,Laptop,49
3857,Rohan,28,Female,USA,Basic,Romance,TV,3
3858,Neha,37,Female,India,Standard,Action,Laptop,4
3859,Priya,22,Female,USA,Premium,Thriller,Mobile,31
3860,Kabir,36,Female,Australia,Standard,Drama,Tablet,2
3861,Ananya,39,Female,Australia,Premium,Thriller,TV,14
3862,Isha,36,Male,Australia,Standard,Romance,Mobile,37
3863,Siya,33,Male,Australia,Premium,Comedy,Laptop,31
3864,Priya,41,Female,Canada,Basic,Sci-Fi,Tablet,2
3865,Neha,58,Male,India,Standard,Comedy,Tablet,31
3866,Arjun,21,Male,Canada,Standard,Drama,Mobile,47
3867,Ananya,32,Female,Australia,Premium,Thriller,Laptop,43
3868,Priya,42,Female,UK,Premium,Action,Tablet,22
3869,Siya,52,Female,Canada,Standard,Thriller,Laptop,10
3870,Kabir,31,Male,Australia,Premium,Drama,TV,30
3871,Ananya,36,Female,Australia,Basic,Drama,Tablet,33
3872,Siya,55,Male,India,Standard,Sci-Fi,TV,19
3873,Rohan,53,Male,USA,Basic,Drama,Tablet,46
3874,Rohan,24,Male,Canada,Standard,Comedy,Mobile,25
3875,Siya,47,Female,Canada,Basic,Sci-Fi,Tablet,46
3876,Priya,36,Male,Canada,Standard,Thriller,Tablet,1
3877,Ananya,42,Female,Australia,Premium,Thriller,Laptop,32
3878,Priya,33,Female,India,Standard,Action,Laptop,25
3879,Vihaan,57,Female,Australia,Basic,Drama,TV,41
3880,Neha,25,Female,Australia,Standard,Drama,TV,17
3881,Vihaan,35,Female,UK,Basic,Romance,TV,14
3882,Rohan,45,Male,India,Basic,Sci-Fi,Tablet,45
3883,Kabir,33,Male,Canada,Basic,Romance,Tablet,13
3884,Aarav,36,Male,USA,Premium,Sci-Fi,TV,38
3885,Neha,59,Male,Canada,Standard,Comedy,Mobile,39
3886,Rohan,34,Male,Australia,Basic,Sci-Fi,Mobile,2
3887,Priya,30,Female,India,Premium,Thriller,Tablet,32
3888,Priya,24,Female,India,Basic,Action,Mobile,32
3889,Priya,44,Male,India,Standard,Sci-Fi,Mobile,40
3890,Kabir,27,Male,UK,Premium,Sci-Fi,TV,6
3891,Vihaan,51,Male,Canada,Basic,Sci-Fi,Mobile,25
3892,Aarav,53,Female,UK,Basic,Action,Mobile,3
3893,Priya,42,Female,USA,Basic,Drama,Tablet,18
3894,Isha,23,Female,Australia,Standard,Action,Tablet,38
3895,Neha,41,Male,UK,Premium,Drama,Tablet,43
3896,Ananya,35,Male,UK,Premium,Thriller,Mobile,3
3897,Isha,40,Male,Australia,Premium,Action,TV,48
3898,Aarav,23,Male,India,Basic,Drama,Laptop,5
3899,Kabir,46,Female,Australia,Premium,Thriller,Tablet,24
3900,Aarav,42,Male,Canada,Basic,Thriller,Tablet,34
3901,Ananya,34,Male,,Standard,Drama,Tablet,47
3902,Neha,41,Male,India,Premium,Drama,TV,48
3903,Ananya,28,Female,Australia,Basic,Comedy,Laptop,39
3904,Siya,43,Female,UK,Premium,Thriller,Laptop,48
3905,Neha,51,Male,USA,Premium,Drama,Tablet,24
3906,Aarav,45,Female,UK,Standard,Thriller,Mobile,36
3907,Priya,20,Female,USA,Premium,Action,Tablet,28
3908,Aarav,28,Female,Australia,Standard,Romance,Tablet,48
3909,Aarav,55,Female,Canada,Premium,Romance,Mobile,49
3910,Neha,31,Female,Australia,Premium,Sci-Fi,Mobile,34
3911,Siya,43,Male,India,Premium,Drama,Tablet,16
3912,Aarav,38,Male,Australia,Premium,Drama,TV,36
3913,Isha,56,Male,USA,Premium,Thriller,TV,7
3914,Rohan,47,Female,UK,Premium,Sci-Fi,Mobile,18
3915,Arjun,25,Female,Canada,Standard,Drama,Tablet,6
3916,Arjun,37,Female,Australia,Standard,Thriller,TV,28
3917,Aarav,49,Female,Australia,Basic,Drama,Tablet,39
3918,Isha,39,Male,UK,Premium,Thriller,Tablet,34
3919,Priya,24,Male,Canada,Standard,Drama,Tablet,41
3920,Kabir,26,Male,Australia,Premium,Comedy,TV,29
3921,Kabir,18,Male,Australia,Premium,Thriller,Laptop,4
3922,Neha,46,Male,USA,Standard,Comedy,Tablet,14
3923,Arjun,25,Male,USA,Premium,Comedy,TV,5
3924,Aarav,21,Female,India,Standard,Comedy,Laptop,25
3925,Kabir,52,Female,UK,Standard,Comedy,Mobile,39
3926,Aarav,20,Male,Canada,Basic,Action,TV,8
3927,Neha,57,Female,Australia,Basic,Sci-Fi,Laptop,15
3928,Arjun,24,Male,Australia,Basic,Romance,TV,19
3929,Ananya,44,Male,India,Basic,Action,Laptop,11
3930,Rohan,18,Female,Australia,Premium,Drama,Laptop,20
3931,Rohan,44,Male,UK,Premium,Drama,TV,36
3932,Kabir,33,Male,India,Basic,Sci-Fi,Mobile,18
3933,Rohan,55,Male,UK,Standard,Romance,Tablet,14
3934,Ananya,24,Female,India,Standard,Romance,Laptop,38
3935,Aarav,40,Female,Australia,Standard,Romance,Tablet,25
3936,Neha,58,Female,India,Standard,Comedy,Mobile,16
3937,Ananya,28,Female,USA,Premium,Action,Tablet,18
3938,Neha,59,Male,Canada,Standard,Drama,Tablet,1
3939,Neha,50,Female,Australia,Standard,Action,TV,40
3940,Arjun,53,Female,Canada,Basic,Action,TV,1
3941,Aarav,54,Female,Australia,Standard,Action,Mobile,1
3942,Isha,58,Male,Canada,Premium,Romance,TV,21
3943,Rohan,34,Female,USA,Standard,Sci-Fi,Laptop,25
3944,Isha,52,Female,Canada,Standard,Sci-Fi,Mobile,27
3945,Arjun,22,Male,India,Premium,Romance,TV,10
3946,Neha,49,Male,Canada,Basic,Drama,TV,12
3947,Kabir,20,Male,Australia,Premium,Drama,Mobile,28
3948,Rohan,52,Male,UK,Basic,Drama,Laptop,49
3949,Rohan,31,Female,Canada,Standard,Sci-Fi,Mobile,32
3950,Aarav,48,Male,Canada,Basic,Sci-Fi,TV,33
3951,Siya,48,Female,Canada,Basic,Action,TV,8
3952,Vihaan,34,Female,Australia,Basic,Romance,Mobile,42
3953,Vihaan,41,Female,Canada,Standard,Comedy,Laptop,26
3954,Vihaan,40,Female,Australia,Basic,Action,Laptop,42
3955,Siya,35,Female,Australia,Basic,Thriller,Tablet,41
3956,Aarav,31,Male,UK,Standard,Sci-Fi,Laptop,2
3957,Siya,32,Female,India,Premium,Action,Mobile,35
3958,Vihaan,32,Female,Australia,Premium,Romance,Laptop,34
3959,Arjun,23,Female,USA,Premium,Thriller,Laptop,6
3960,Ananya,44,Male,Canada,Standard,Action,Tablet,31
3961,Neha,32,Female,USA,Standard,Romance,Laptop,23
3962,Siya,53,Female,Canada,Premium,Romance,Tablet,12
3963,Aarav,25,Male,UK,Basic,Sci-Fi,Tablet,28
3964,Aarav,32,Female,Australia,Premium,Comedy,Laptop,15
3965,Isha,20,Female,India,Standard,Action,TV,19
3966,Ananya,30,Male,Australia,Basic,Romance,Mobile,12
3967,Kabir,58,Female,Canada,Basic,Drama,Mobile,48
3968,Rohan,51,Female,India,Standard,Romance,Laptop,2
3969,Vihaan,41,Female,Australia,Basic,Comedy,Mobile,11
3970,Kabir,57,Female,India,Premium,Romance,Mobile,44
3971,Isha,49,Female,Canada,Standard,Sci-Fi,Tablet,37
3972,Vihaan,49,Male,UK,Standard,Action,TV,38
3973,Ananya,47,Male,UK,Standard,Sci-Fi,Mobile,25
3974,Isha,30,Male,Australia,Standard,Action,TV,43
3975,Vihaan,18,Female,USA,Basic,Thriller,Mobile,21
3976,Ananya,51,Female,Canada,Standard,Action,TV,42
3977,Priya,32,Female,Australia,Standard,Thriller,TV,36
3978,Kabir,31,Male,Australia,Basic,Sci-Fi,Mobile,9
3979,Kabir,46,Female,UK,Standard,Drama,Tablet,12
3980,Rohan,51,Female,India,Basic,Comedy,TV,10
3981,Ananya,35,Female,Canada,Basic,Drama,TV,46
3982,Siya,24,Male,India,Standard,Thriller,Mobile,5
3983,Priya,46,Male,Canada,Premium,Romance,TV,33
3984,Arjun,48,Female,USA,Standard,Romance,TV,5
3985,Vihaan,42,Female,UK,Premium,Drama,Tablet,16
3986,Priya,55,Female,USA,Basic,Romance,TV,37
3987,Ananya,31,Male,Australia,Premium,Thriller,Tablet,37
3988,Neha,25,Male,UK,Standard,Sci-Fi,TV,29
3989,Vihaan,44,Male,Australia,Standard,Comedy,TV,18
3990,Aarav,19,Female,USA,Premium,Action,Tablet,29
3991,Kabir,34,Male,Canada,Standard,Thriller,Tablet,6
3992,Ananya,54,Female,Australia,Premium,Thriller,Laptop,18
3993,Aarav,31,Female,India,Basic,Action,TV,32
3994,Rohan,42,Male,Canada,Premium,Action,Tablet,42
3995,Isha,47,Female,Canada,Premium,Comedy,TV,47
3996,Arjun,46,Male,USA,Premium,Comedy,TV,31
3997,Arjun,37,Female,USA,Premium,Comedy,TV,11
3998,Aarav,38,Female,UK,Basic,Romance,Mobile,26
3999,Kabir,39,Male,UK,Basic,Thriller,Laptop,28
4000,Rohan,52,Female,India,Basic,Sci-Fi,Mobile,27
1001,Rohan,41,Male,,Premium,Drama,Mobile,11
1002,Siya,55,Female,Canada,Basic,Romance,Mobile,38
1003,Neha,45,Female,USA,Basic,Romance,Laptop,16
1004,Arjun,38,Female,Australia,Premium,Action,Mobile,19
1005,Rohan,35,Female,Australia,Premium,Romance,Tablet,43
1006,Isha,53,Male,Canada,Premium,Romance,TV,15
1007,Ananya,52,Male,UK,Standard,Romance,TV,26
1008,Rohan,26,Male,Canada,Basic,Comedy,Mobile,41
1009,Neha,55,Female,Australia,Basic,Action,Tablet,31
1010,Arjun,47,Female,India,Basic,Drama,Tablet,19
1011,Siya,51,Male,India,Premium,Romance,Tablet,24
1012,Neha,49,Female,USA,Premium,Sci-Fi,TV,9
1013,Neha,20,Female,USA,Premium,Comedy,Tablet,23
1014,Ananya,20,Male,India,Premium,Romance,Tablet,4
1015,Priya,45,Male,Australia,Premium,Comedy,Mobile,10
1016,Arjun,32,Female,USA,Standard,Action,Laptop,9
1017,Vihaan,58,Female,Canada,Premium,Sci-Fi,Tablet,19
1018,Neha,40,Female,Canada,Basic,Sci-Fi,Mobile,15
1019,Priya,57,Male,Australia,Premium,Sci-Fi,Mobile,34
1020,Vihaan,28,Male,USA,Basic,Romance,Tablet,42
