User_ID,Name,Age,Profile_Type,Gender,Country,Subscription_Plan,Favorite_Genre,Watch_Time_Hours_Per_Week,Device_Used,Monthly_Spend_USD,Join_Date,Last_Login,Movies_Watched_Per_Month,Bing_Watcher
1,David Mendoza,30,Adult,Female,UK,Premium,Animation,48,Laptop,8.69,2023-03-05,2026-06-08,26,Yes
2,Erik Wood,64,Adult,Female,UK,Basic,Romance,31,Mobile,6.21,2024-02-19,2026-01-20,13,Yes
3,Courtney Clark,35,Adult,Male,Germany,Premium,Animation,22,Laptop,14.11,2021-11-07,2026-05-09,32,No
4,Courtney Curtis,66,Adult,Male,India,Premium,Animation,29,Laptop,8.49,2024-05-07,2026-01-21,27,No
5,Jonathan Kramer,65,Adult,Female,Germany,Standard,Cartoon,25,Laptop,14.89,2021-07-14,2026-05-15,43,No
6,Mark Wood,55,Adult,Female,UK,Premium,Comedy,20,Tablet,7.68,2021-03-19,2026-01-31,15,No
7,Mark Wilson,31,Adult,Female,Australia,Premium,Action,6,Smart TV,5.99,2024-01-28,2026-04-20,34,No
8,Timothy Mendoza,5,Kids,Female,UK,Basic,Fantasy,24,Mobile,13.56,2022-01-27,2026-05-26,35,No
9,David Wood,33,Adult,Male,UK,Standard,Fantasy,18,Laptop,17.51,2021-11-18,2026-04-19,15,Yes
10,Courtney Sherman,70,Adult,Male,France,Premium,Sci-Fi,45,Laptop,16.45,2023-11-02,2026-05-11,31,Yes
11,Courtney Wilson,30,Adult,Female,Australia,Premium,Animation,41,Smart TV,16.93,2024-10-14,2026-04-18,50,Yes
12,David Miller,15,Kids,Male,India,Basic,Drama,26,Smart TV,7.09,2023-12-08,2026-06-05,11,Yes
13,Erik Sherman,56,Adult,Female,USA,Standard,Action,14,Smart TV,11.08,2024-03-14,2026-05-04,15,Yes
14,Courtney Kramer,29,Adult,Female,France,Standard,Fantasy,16,Tablet,12.01,2022-12-20,2026-04-03,30,Yes
15,Eddie Wood,42,Adult,Male,UK,Standard,Horror,18,Mobile,17.21,2023-05-09,2026-04-23,18,Yes
16,Eddie Mendoza,23,Adult,Male,Germany,Premium,Horror,43,Mobile,12.54,2022-04-25,2026-04-08,48,No
17,Jo Wilson,47,Adult,Female,Australia,Basic,Sci-Fi,14,Tablet,15.82,2021-12-17,2026-04-23,27,Yes
18,Timothy Garza,12,Kids,Male,UK,Standard,Fantasy,27,Tablet,13.98,2023-06-23,2026-02-24,17,No
19,Timothy Tucker,26,Adult,Female,Germany,Premium,Romance,27,Mobile,15.94,2021-05-09,2026-04-26,20,No
20,Courtney Clark,55,Adult,Male,USA,Standard,Animation,40,Tablet,15.41,2022-01-24,2026-04-18,49,No
21,Timothy Curtis,60,Adult,Male,Australia,Basic,Documentary,19,Smart TV,17.84,2022-07-16,2026-05-24,37,Yes
22,David Clark,31,Adult,Male,Germany,Basic,Horror,13,Tablet,5.02,2021-02-07,2026-05-27,6,Yes
23,Erik Wood,9,Kids,Male,India,Basic,Animation,17,Laptop,14.18,2024-03-02,2026-05-19,22,No
24,David Curtis,38,Adult,Male,India,Premium,Documentary,44,Mobile,11.51,2021-11-18,2026-03-28,40,No
25,David Curtis,40,Adult,Male,Canada,Basic,Fantasy,29,Laptop,9.76,2022-06-26,2026-03-30,14,No
26,David Curtis,26,Adult,Male,USA,Basic,Comedy,45,Tablet,15.52,2024-03-12,2026-03-15,2,Yes
27,Timothy Miller,67,Adult,Female,Australia,Basic,Cartoon,5,Laptop,8.25,2021-01-06,2026-04-21,17,No
28,Jo Wood,58,Adult,Male,Australia,Basic,Action,8,Tablet,10.56,2023-03-21,2026-04-11,14,Yes
29,Eddie Clark,55,Adult,Male,Australia,Standard,Romance,29,Tablet,14.36,2022-10-31,2026-06-01,15,No
30,Courtney Kramer,42,Adult,Female,UK,Standard,Action,46,Smart TV,10.33,2024-04-21,2026-01-25,3,Yes
31,Courtney Curtis,12,Kids,Female,UK,Standard,Romance,28,Mobile,11.13,2024-09-02,2026-05-08,21,Yes
32,Courtney Mendoza,36,Adult,Male,Germany,Standard,Thriller,45,Mobile,18.74,2024-01-24,2026-02-07,21,Yes
33,Jo Garza,29,Adult,Male,USA,Basic,Horror,41,Mobile,19.44,2022-02-21,2026-03-26,4,Yes
34,James Miller,53,Adult,Female,Australia,Basic,Horror,16,Smart TV,9,2022-08-14,2026-03-19,30,No
35,Kimberly Wood,16,Kids,Female,UK,Basic,Sci-Fi,14,Laptop,8.94,2024-01-28,2026-02-01,1,Yes
36,James Mendoza,35,Adult,Male,India,Basic,Comedy,43,Laptop,11.34,2022-07-08,2026-01-20,31,No
37,Timothy Wilson,66,Adult,Female,India,Basic,Thriller,31,Tablet,7.38,2023-01-07,2026-04-01,1,No
38,David Clark,46,Adult,Female,UK,Premium,Animation,19,Mobile,16.54,2023-08-31,2026-04-11,27,No
39,James Tucker,14,Kids,Male,India,Standard,Drama,38,Mobile,17.8,2025-01-01,2026-02-17,32,No
40,Jo Tucker,29,Adult,Female,UK,Standard,Documentary,15,Tablet,6.6,2023-06-09,2026-01-23,30,No
41,Jonathan Wood,13,Kids,Female,India,Basic,Action,30,Mobile,19.33,2021-12-15,2026-01-15,3,No
42,Jo Sherman,14,Kids,Female,UK,Basic,Comedy,49,Tablet,19.09,2022-09-21,2026-03-28,50,No
43,Eddie Kramer,13,Kids,Female,UK,Standard,Documentary,40,Laptop,15,2023-06-09,2026-02-22,31,No
44,Erik Wood,5,Kids,Male,Germany,Basic,Animation,12,Mobile,8.08,2021-10-20,2026-01-09,12,No
45,David Wood,21,Adult,Male,France,Basic,Horror,46,Laptop,16.91,2022-02-15,2026-05-16,24,Yes
46,James Sherman,59,Adult,Female,Australia,Basic,Thriller,40,Smart TV,5.61,2023-03-21,2026-01-30,39,Yes
47,Courtney Tucker,54,Adult,Male,Canada,Standard,Family,25,Laptop,10.36,2024-07-09,2026-01-25,10,Yes
48,Jonathan Kramer,41,Adult,Female,Germany,Premium,Thriller,21,Mobile,10.81,2024-07-03,2026-04-29,47,No
49,Courtney Mendoza,27,Adult,Female,India,Standard,Documentary,48,Mobile,18.54,2024-06-01,2026-05-05,24,No
50,Jo Clark,60,Adult,Male,USA,Basic,Thriller,18,Mobile,7.73,2021-10-31,2026-04-09,28,No
51,Courtney Sherman,34,Adult,Male,UK,Premium,Cartoon,30,Tablet,12.17,2022-09-25,2026-02-15,32,No
52,David Clark,17,Kids,Female,UK,Standard,Action,35,Smart TV,14.01,2021-03-19,2026-03-02,10,Yes
53,Mark Garza,55,Adult,Female,France,Standard,Family,48,Laptop,16.46,2023-10-04,2026-02-02,18,No
54,Kimberly Curtis,47,Adult,Female,France,Premium,Family,21,Laptop,10.16,2024-03-14,2026-03-11,36,No
55,Eddie Miller,12,Kids,Male,France,Standard,Romance,45,Tablet,17.94,2021-12-31,2026-05-17,46,No
56,Eddie Sherman,69,Adult,Male,Canada,Premium,Drama,43,Laptop,19.8,2021-02-07,2026-05-21,33,Yes
57,Timothy Kramer,6,Kids,Female,Germany,Standard,Animation,20,Mobile,7.7,2023-12-07,2026-01-03,36,Yes
58,Kimberly Miller,36,Adult,Male,Canada,Premium,Fantasy,42,Mobile,10.5,2021-04-20,2026-02-28,4,Yes
59,Erik Wilson,16,Kids,Female,Germany,Premium,Documentary,16,Mobile,8.16,2021-01-16,2026-02-18,36,No
60,James Kramer,64,Adult,Female,UK,Standard,Family,44,Tablet,12.06,2022-05-15,2026-03-04,39,Yes
61,Courtney Miller,49,Adult,Male,Germany,Basic,Fantasy,40,Smart TV,18.68,2023-09-02,2026-04-18,49,No
62,Erik Kramer,29,Adult,Male,USA,Basic,Sci-Fi,38,Tablet,10.07,2023-09-08,2026-03-27,12,Yes
63,Jonathan Curtis,15,Kids,Female,Australia,Premium,Horror,27,Laptop,12.24,2022-05-15,2026-03-22,43,Yes
64,Jo Curtis,38,Adult,Male,USA,Basic,Family,11,Tablet,6.6,2023-05-25,2026-04-12,45,No
65,Jonathan Clark,51,Adult,Male,USA,Basic,Romance,34,Mobile,10.99,2023-01-07,2026-05-23,49,No
66,Eddie Garza,10,Kids,Female,USA,Premium,Cartoon,24,Tablet,11.02,2023-04-24,2026-06-09,26,No
67,Jo Tucker,43,Adult,Male,France,Basic,Comedy,27,Tablet,9.31,2023-11-12,2026-03-29,16,No
68,Mark Miller,51,Adult,Female,India,Premium,Comedy,31,Mobile,6.72,2022-11-16,2026-04-05,35,Yes
69,Mark Kramer,67,Adult,Male,USA,Premium,Fantasy,28,Smart TV,11.61,2024-03-26,2026-02-19,33,Yes
70,Erik Curtis,62,Adult,Female,Australia,Basic,Fantasy,23,Smart TV,19,2023-08-28,2026-04-16,34,No
71,James Tucker,9,Kids,Male,France,Basic,Animation,41,Laptop,9.4,2023-02-27,2026-01-28,28,Yes
72,James Miller,31,Adult,Female,France,Basic,Comedy,50,Tablet,8.54,2022-04-03,2026-04-24,11,Yes
73,Kimberly Wilson,15,Kids,Female,France,Standard,Comedy,32,Mobile,9.95,2022-09-14,2026-03-09,41,Yes
74,Eddie Kramer,39,Adult,Male,Germany,Standard,Comedy,15,Laptop,13.05,2022-06-15,2026-02-18,25,Yes
75,Erik Tucker,26,Adult,Female,Canada,Premium,Action,34,Laptop,15.94,2021-05-19,2026-01-21,7,No
76,Jonathan Clark,14,Kids,Female,Canada,Standard,Action,28,Laptop,11.75,2021-08-03,2026-01-10,30,Yes
77,Eddie Mendoza,58,Adult,Female,India,Standard,Cartoon,40,Tablet,5.3,2022-10-30,2026-03-03,31,No
78,Courtney Curtis,25,Adult,Male,India,Basic,Action,16,Smart TV,19.24,2024-06-16,2026-03-01,7,No
79,Eddie Wilson,23,Adult,Male,Canada,Premium,Cartoon,5,Laptop,16.39,2023-01-05,2026-01-08,35,No
80,Courtney Mendoza,55,Adult,Female,USA,Basic,Sci-Fi,41,Tablet,7.88,2021-01-25,2026-02-25,31,Yes
81,Erik Mendoza,51,Adult,Female,UK,Basic,Thriller,47,Tablet,14.03,2023-12-15,2026-04-03,34,Yes
82,Timothy Wilson,53,Adult,Female,Canada,Premium,Action,22,Tablet,18.67,2022-09-09,2026-01-07,49,Yes
83,Kimberly Tucker,24,Adult,Female,USA,Basic,Horror,11,Mobile,19.98,2021-02-02,2026-03-26,42,No
84,David Wilson,51,Adult,Female,Canada,Standard,Thriller,14,Tablet,5.94,2023-05-11,2026-04-02,14,Yes
85,James Kramer,22,Adult,Male,Australia,Basic,Thriller,42,Mobile,17.03,2024-08-26,2026-05-23,14,Yes
86,Jo Wood,70,Adult,Male,UK,Basic,Family,12,Tablet,5.91,2022-02-21,2026-02-05,47,Yes
87,Mark Miller,44,Adult,Female,India,Standard,Drama,43,Laptop,14.15,2021-05-09,2026-02-08,24,No
88,David Tucker,24,Adult,Female,Canada,Standard,Horror,25,Mobile,8.56,2023-03-20,2026-01-06,9,Yes
89,David Kramer,60,Adult,Female,UK,Premium,Thriller,39,Smart TV,6.54,2021-07-30,2026-04-15,8,No
90,James Tucker,34,Adult,Female,Australia,Standard,Cartoon,50,Laptop,6.03,2025-01-01,2026-06-05,16,Yes
91,Kimberly Wood,43,Adult,Female,India,Standard,Fantasy,45,Smart TV,15.83,2023-10-01,2026-03-19,44,Yes
92,Eddie Mendoza,30,Adult,Female,Australia,Premium,Animation,32,Mobile,7.26,2024-11-01,2026-06-02,7,No
93,Mark Garza,29,Adult,Male,France,Standard,Animation,24,Mobile,12.41,2022-09-07,2026-06-03,35,Yes
94,Erik Sherman,59,Adult,Female,Germany,Premium,Sci-Fi,32,Mobile,12.77,2024-04-19,2026-01-08,1,Yes
95,James Wilson,62,Adult,Male,Australia,Basic,Action,7,Mobile,11.36,2024-07-10,2026-03-19,50,No
96,Jo Wood,67,Adult,Male,Germany,Basic,Comedy,48,Laptop,9.71,2024-01-27,2026-06-08,37,No
97,Eddie Sherman,17,Kids,Female,India,Standard,Fantasy,28,Mobile,8.5,2022-01-18,2026-03-15,41,Yes
98,Jonathan Wood,47,Adult,Male,France,Basic,Action,10,Laptop,19.3,2022-12-22,2026-06-01,10,No
99,Kimberly Sherman,26,Adult,Male,Canada,Premium,Thriller,6,Mobile,15.18,2023-03-10,2026-02-18,40,No
100,Jonathan Tucker,42,Adult,Female,France,Premium,Romance,25,Tablet,7.64,2023-07-08,2026-04-17,30,Yes
101,Jo Curtis,31,Adult,Male,Germany,Premium,Fantasy,5,Smart TV,19.55,2022-07-08,2026-04-09,11,No
102,David Sherman,40,Adult,Male,Australia,Premium,Action,29,Tablet,14.85,2022-08-20,2026-03-10,1,No
103,Jonathan Mendoza,36,Adult,Male,USA,Premium,Romance,27,Smart TV,6.04,2021-05-26,2026-04-28,34,No
104,David Garza,62,Adult,Female,Australia,Standard,Horror,25,Laptop,17.61,2021-11-18,2026-05-03,10,Yes
105,Timothy Wood,23,Adult,Male,France,Standard,Cartoon,10,Smart TV,9.02,2021-10-10,2026-06-03,16,Yes
106,Erik Wilson,51,Adult,Male,UK,Basic,Documentary,40,Smart TV,15.56,2022-08-11,2026-01-26,12,Yes
107,Eddie Miller,59,Adult,Male,India,Premium,Action,19,Laptop,15.51,2021-09-25,2026-03-27,6,No
108,Mark Kramer,20,Adult,Male,Germany,Basic,Romance,22,Tablet,5.95,2021-07-09,2026-02-12,24,Yes
109,Mark Wilson,56,Adult,Male,India,Premium,Drama,50,Tablet,17.54,2024-09-13,2026-02-23,27,No
110,Erik Wilson,25,Adult,Male,UK,Standard,Romance,19,Tablet,6.21,2021-08-03,2026-03-29,47,Yes
111,Jo Clark,37,Adult,Male,Canada,Standard,Fantasy,5,Mobile,6.69,2022-05-11,2026-02-02,12,No
112,Kimberly Mendoza,65,Adult,Male,Germany,Premium,Thriller,18,Laptop,19.14,2024-02-08,2026-05-03,19,Yes
113,Kimberly Wilson,69,Adult,Female,Germany,Basic,Drama,19,Smart TV,16.69,2022-03-25,2026-03-19,48,Yes
114,Eddie Tucker,25,Adult,Female,Australia,Basic,Fantasy,46,Laptop,8.03,2022-02-16,2026-01-12,7,Yes
115,Erik Clark,17,Kids,Male,India,Premium,Comedy,15,Tablet,16.01,2023-03-23,2026-06-01,39,Yes
116,Erik Sherman,52,Adult,Male,Canada,Standard,Sci-Fi,39,Smart TV,5.29,2022-08-13,2026-04-13,3,Yes
117,Kimberly Tucker,30,Adult,Male,UK,Basic,Horror,22,Mobile,5.47,2023-11-21,2026-03-10,14,No
118,James Wood,23,Adult,Male,UK,Standard,Animation,30,Tablet,10.59,2021-11-11,2026-04-30,49,Yes
119,Kimberly Mendoza,66,Adult,Female,France,Basic,Fantasy,23,Tablet,19.34,2024-01-15,2026-03-27,13,Yes
120,Mark Garza,29,Adult,Male,France,Basic,Family,6,Tablet,16.98,2022-10-28,2026-01-27,34,Yes
121,Jonathan Wood,19,Adult,Male,France,Standard,Thriller,5,Laptop,6.93,2021-08-07,2026-04-01,3,No
122,Eddie Kramer,15,Kids,Male,Canada,Premium,Animation,9,Smart TV,19.74,2024-12-12,2026-02-17,5,Yes
123,Erik Sherman,44,Adult,Male,Australia,Standard,Family,31,Mobile,8.84,2021-03-06,2026-05-24,46,Yes
124,Erik Wilson,24,Adult,Male,Canada,Basic,Romance,12,Mobile,8.99,2022-09-17,2026-02-02,4,No
125,Timothy Kramer,26,Adult,Male,Australia,Basic,Fantasy,32,Smart TV,11.79,2022-06-04,2026-05-17,26,No
126,Courtney Miller,37,Adult,Male,Australia,Premium,Cartoon,48,Mobile,17.77,2022-10-02,2026-03-04,1,Yes
127,Jonathan Curtis,41,Adult,Female,USA,Premium,Comedy,19,Laptop,11.29,2021-04-09,2026-05-28,16,Yes
128,Timothy Garza,12,Kids,Male,UK,Basic,Horror,38,Tablet,18.01,2021-05-29,2026-05-21,26,No
129,Courtney Sherman,35,Adult,Male,Canada,Premium,Action,12,Smart TV,16.81,2021-05-17,2026-06-03,7,Yes
130,Kimberly Wilson,34,Adult,Female,Australia,Basic,Horror,14,Tablet,11.51,2024-11-21,2026-02-05,44,No
131,James Garza,36,Adult,Male,Australia,Basic,Horror,48,Tablet,17.71,2021-07-08,2026-05-10,31,No
132,Jonathan Wood,43,Adult,Female,Germany,Premium,Thriller,13,Laptop,14.76,2022-09-11,2026-03-28,41,No
133,Mark Tucker,50,Adult,Male,France,Standard,Sci-Fi,19,Mobile,14.59,2023-04-17,2026-04-21,17,No
134,Timothy Kramer,44,Adult,Male,Germany,Standard,Action,7,Smart TV,14.69,2021-05-30,2026-03-28,50,Yes
135,Kimberly Wilson,6,Kids,Male,Canada,Standard,Cartoon,20,Laptop,12.08,2023-08-19,2026-04-27,29,No
136,Kimberly Curtis,14,Kids,Female,Australia,Basic,Fantasy,10,Tablet,5.83,2024-04-28,2026-03-19,41,No
137,Jo Mendoza,39,Adult,Male,USA,Standard,Family,16,Tablet,12.16,2021-03-03,2026-05-17,36,No
138,Erik Wood,6,Kids,Male,Canada,Basic,Documentary,13,Laptop,5.05,2021-06-26,2026-04-26,22,No
139,Mark Wilson,59,Adult,Male,Germany,Premium,Documentary,24,Smart TV,8.31,2024-06-30,2026-01-20,29,Yes
140,Kimberly Sherman,48,Adult,Male,France,Basic,Drama,33,Tablet,10.39,2022-01-16,2026-04-21,38,No
141,Timothy Wood,34,Adult,Male,USA,Standard,Sci-Fi,42,Tablet,17.19,2022-05-08,2026-01-02,16,No
142,Erik Kramer,58,Adult,Female,Germany,Standard,Sci-Fi,12,Laptop,14.28,2021-11-10,2026-03-02,48,No
143,Erik Curtis,53,Adult,Male,UK,Standard,Action,30,Laptop,6.1,2023-07-16,2026-01-28,9,No
144,Mark Wilson,58,Adult,Female,India,Basic,Horror,15,Mobile,12.2,2023-05-02,2026-02-13,41,Yes
145,James Curtis,54,Adult,Male,UK,Standard,Thriller,27,Tablet,19.88,2022-08-24,2026-05-09,34,No
146,Courtney Mendoza,21,Adult,Female,Australia,Basic,Documentary,41,Laptop,16.21,2023-07-04,2026-05-08,2,No
147,Jo Kramer,66,Adult,Male,India,Basic,Sci-Fi,6,Laptop,16.26,2024-09-01,2026-02-02,37,No
148,Courtney Kramer,52,Adult,Female,Germany,Standard,Thriller,11,Mobile,19.82,2025-01-16,2026-01-12,1,Yes
149,Eddie Garza,28,Adult,Male,Australia,Basic,Drama,39,Tablet,9.2,2023-09-08,2026-03-04,17,No
150,Courtney Clark,49,Adult,Male,France,Premium,Action,41,Mobile,14.54,2023-05-05,2026-05-26,33,Yes
151,James Sherman,15,Kids,Female,France,Basic,Thriller,42,Smart TV,14.64,2022-06-24,2026-03-12,46,No
152,Kimberly Garza,64,Adult,Female,Canada,Standard,Cartoon,34,Smart TV,12.78,2023-03-15,2026-03-09,49,Yes
153,Mark Clark,41,Adult,Female,India,Basic,Fantasy,14,Smart TV,6.04,2022-01-16,2026-01-27,35,Yes
154,Jo Wilson,34,Adult,Male,Canada,Standard,Comedy,44,Laptop,17.09,2023-02-03,2026-06-06,40,Yes
155,Kimberly Sherman,42,Adult,Male,UK,Premium,Documentary,29,Mobile,9.06,2024-03-18,2026-05-29,44,No
156,James Kramer,15,Kids,Female,India,Basic,Documentary,11,Laptop,18.62,2022-07-19,2026-03-04,24,No
157,Eddie Wood,32,Adult,Female,UK,Premium,Romance,5,Mobile,7.41,2022-12-23,2026-02-20,24,No
158,Erik Sherman,67,Adult,Male,USA,Basic,Sci-Fi,36,Laptop,17.67,2023-06-20,2026-05-21,38,No
159,Kimberly Tucker,53,Adult,Male,UK,Basic,Romance,5,Smart TV,13.68,2023-01-11,2026-05-17,27,Yes
160,Mark Sherman,9,Kids,Female,Canada,Premium,Action,29,Smart TV,6.39,2021-03-15,2026-05-18,38,Yes
161,Mark Mendoza,17,Kids,Male,Germany,Standard,Thriller,35,Mobile,10.03,2023-01-24,2026-05-01,22,No
162,James Mendoza,64,Adult,Female,Canada,Premium,Thriller,13,Mobile,13.28,2024-09-23,2026-06-04,37,Yes
163,Jo Wilson,63,Adult,Female,India,Basic,Family,49,Mobile,6.18,2024-08-28,2026-02-26,20,Yes
164,James Clark,23,Adult,Female,France,Basic,Action,31,Laptop,17.71,2024-03-31,2026-02-19,1,Yes
165,Eddie Wilson,55,Adult,Female,UK,Basic,Documentary,39,Smart TV,17.18,2023-04-09,2026-02-26,44,No
166,Kimberly Tucker,18,Adult,Male,France,Standard,Romance,28,Laptop,17.86,2023-06-27,2026-01-06,41,No
167,Jonathan Tucker,52,Adult,Male,USA,Standard,Thriller,10,Mobile,15.84,2022-04-27,2026-05-08,27,No
168,Jonathan Tucker,13,Kids,Male,Australia,Basic,Romance,15,Smart TV,8.19,2021-01-01,2026-03-06,22,Yes
169,Jonathan Clark,10,Kids,Female,Germany,Basic,Cartoon,21,Tablet,16.18,2022-10-08,2026-01-22,5,No
170,Jonathan Garza,70,Adult,Female,USA,Standard,Documentary,24,Tablet,11.85,2021-06-10,2026-01-07,20,No
171,Courtney Mendoza,66,Adult,Female,USA,Standard,Action,28,Laptop,6.86,2021-07-11,2026-03-01,40,No
172,David Curtis,40,Adult,Male,Australia,Basic,Drama,35,Tablet,10.24,2024-08-31,2026-01-17,36,Yes
173,Timothy Miller,48,Adult,Male,USA,Standard,Sci-Fi,34,Laptop,12.83,2022-01-08,2026-02-20,18,Yes
174,Kimberly Curtis,33,Adult,Female,UK,Premium,Sci-Fi,10,Mobile,14.31,2022-12-14,2026-02-09,11,No
175,Mark Tucker,65,Adult,Male,UK,Premium,Fantasy,32,Laptop,7.3,2023-04-21,2026-03-09,4,No
176,Jonathan Wilson,23,Adult,Male,Australia,Basic,Family,32,Tablet,11.68,2023-11-23,2026-05-11,16,No
177,James Sherman,65,Adult,Female,France,Standard,Animation,12,Mobile,8.3,2023-11-17,2026-04-20,3,No
178,Erik Tucker,32,Adult,Male,Australia,Basic,Sci-Fi,12,Mobile,14.6,2023-12-21,2026-01-17,19,Yes
179,David Sherman,32,Adult,Female,France,Premium,Drama,15,Smart TV,19.56,2024-07-15,2026-01-27,25,No
180,Eddie Wood,36,Adult,Male,USA,Premium,Comedy,21,Tablet,13.37,2023-04-16,2026-03-17,16,No
181,Jonathan Garza,59,Adult,Male,India,Premium,Action,33,Smart TV,18.25,2024-05-02,2026-04-02,31,No
182,James Kramer,62,Adult,Female,India,Basic,Romance,34,Tablet,9.59,2021-03-19,2026-01-18,50,Yes
183,Kimberly Wilson,47,Adult,Male,Canada,Premium,Action,23,Smart TV,12.84,2021-05-14,2026-05-07,20,Yes
184,Jonathan Sherman,11,Kids,Male,UK,Standard,Family,25,Mobile,5.86,2022-06-10,2026-01-18,13,No
185,Eddie Wood,61,Adult,Female,India,Standard,Sci-Fi,22,Smart TV,15.33,2023-01-25,2026-03-22,29,Yes
186,Jonathan Wilson,10,Kids,Male,Australia,Basic,Drama,43,Tablet,10.91,2021-12-12,2026-02-27,43,Yes
187,James Miller,67,Adult,Male,France,Basic,Action,22,Mobile,7.54,2021-12-29,2026-04-05,4,No
188,Jonathan Clark,61,Adult,Male,France,Premium,Fantasy,11,Mobile,17.4,2021-12-13,2026-02-05,18,Yes
189,Erik Wood,17,Kids,Male,Canada,Basic,Sci-Fi,16,Mobile,11.47,2022-09-01,2026-03-17,31,Yes
190,Courtney Sherman,12,Kids,Female,Canada,Basic,Documentary,45,Smart TV,10.81,2024-03-11,2026-05-20,37,Yes
191,Jo Garza,35,Adult,Male,France,Premium,Sci-Fi,39,Mobile,15.06,2022-04-04,2026-04-23,4,Yes
192,Jonathan Curtis,69,Adult,Female,France,Basic,Thriller,16,Smart TV,10.17,2021-08-25,2026-04-08,42,Yes
193,Mark Mendoza,59,Adult,Male,India,Basic,Animation,29,Smart TV,11.86,2023-07-19,2026-01-27,50,No
194,Timothy Kramer,68,Adult,Female,India,Standard,Cartoon,22,Tablet,16.31,2022-12-03,2026-06-02,23,No
195,James Wilson,37,Adult,Female,Canada,Standard,Thriller,34,Tablet,19.44,2023-12-30,2026-05-20,42,No
196,Kimberly Clark,18,Adult,Male,UK,Premium,Family,24,Mobile,12.1,2021-02-15,2026-05-25,30,Yes
197,Timothy Miller,29,Adult,Female,Australia,Premium,Comedy,19,Smart TV,14.25,2024-07-16,2026-02-20,5,Yes
198,Kimberly Kramer,30,Adult,Female,Canada,Basic,Romance,7,Mobile,7.04,2022-08-13,2026-02-11,37,Yes
199,Jonathan Wood,18,Adult,Female,UK,Basic,Fantasy,34,Tablet,10.66,2025-01-05,2026-04-20,1,Yes
200,Kimberly Wood,48,Adult,Female,France,Premium,Thriller,27,Mobile,15.81,2024-07-02,2026-05-21,40,Yes
201,Erik Mendoza,17,Kids,Female,USA,Standard,Action,21,Smart TV,6.37,2023-08-28,2026-04-12,10,No
202,Erik Sherman,62,Adult,Male,USA,Basic,Documentary,47,Laptop,10.78,2024-02-28,2026-04-10,19,Yes
203,James Wilson,14,Kids,Male,Canada,Basic,Sci-Fi,33,Smart TV,19.53,2021-11-29,2026-01-22,13,No
204,Mark Kramer,50,Adult,Female,USA,Premium,Romance,34,Laptop,16.99,2021-01-24,2026-02-08,13,Yes
205,David Wilson,47,Adult,Male,France,Basic,Action,31,Smart TV,17.32,2022-07-23,2026-01-25,7,Yes
206,Erik Wilson,45,Adult,Female,Australia,Standard,Fantasy,9,Tablet,17.79,2023-05-01,2026-02-01,2,No
207,Erik Sherman,30,Adult,Male,Australia,Basic,Comedy,14,Laptop,19.72,2024-07-10,2026-02-17,11,Yes
208,Jonathan Wood,12,Kids,Male,UK,Standard,Sci-Fi,12,Laptop,12.91,2023-06-29,2026-05-12,27,No
209,James Wilson,9,Kids,Female,Germany,Premium,Thriller,8,Smart TV,16.39,2024-10-25,2026-01-25,22,Yes
210,Kimberly Mendoza,65,Adult,Male,UK,Basic,Cartoon,5,Laptop,15.75,2022-01-03,2026-01-27,25,Yes
211,Kimberly Curtis,32,Adult,Female,USA,Premium,Comedy,7,Smart TV,9.23,2021-01-12,2026-05-22,8,No
212,David Tucker,53,Adult,Male,India,Basic,Romance,22,Mobile,18.26,2021-06-12,2026-02-06,41,Yes
213,Kimberly Sherman,56,Adult,Male,France,Premium,Fantasy,42,Smart TV,9.59,2024-11-25,2026-05-03,4,Yes
214,Jonathan Wilson,40,Adult,Female,UK,Basic,Drama,37,Laptop,14.67,2024-09-22,2026-03-12,4,Yes
215,Eddie Kramer,30,Adult,Female,UK,Basic,Drama,22,Tablet,18.25,2022-11-24,2026-02-16,18,Yes
216,Eddie Clark,12,Kids,Female,USA,Premium,Comedy,23,Laptop,19.52,2021-07-06,2026-01-05,8,Yes
217,David Curtis,18,Adult,Male,UK,Premium,Animation,37,Mobile,12.12,2024-08-05,2026-02-08,2,No
218,James Garza,40,Adult,Female,India,Premium,Animation,31,Laptop,17.85,2023-11-20,2026-01-28,46,Yes
219,Courtney Sherman,37,Adult,Female,Australia,Basic,Cartoon,8,Mobile,6.36,2022-10-16,2026-01-31,14,Yes
220,Timothy Sherman,69,Adult,Male,USA,Standard,Comedy,50,Laptop,16.51,2022-01-21,2026-05-23,50,No
221,Kimberly Curtis,57,Adult,Female,Canada,Basic,Thriller,26,Mobile,13.44,2023-01-22,2026-06-03,20,Yes
222,James Clark,57,Adult,Male,Australia,Premium,Drama,38,Mobile,6.44,2022-02-04,2026-05-14,2,No
223,Jo Tucker,64,Adult,Male,India,Basic,Comedy,10,Tablet,17.82,2023-02-07,2026-02-28,38,No
224,Jonathan Curtis,17,Kids,Male,France,Standard,Animation,29,Mobile,10.61,2023-11-06,2026-01-09,21,Yes
225,Kimberly Sherman,23,Adult,Male,USA,Basic,Romance,41,Tablet,17.52,2024-01-08,2026-05-11,10,Yes
226,Timothy Curtis,23,Adult,Male,Australia,Premium,Documentary,10,Smart TV,19.92,2024-10-03,2026-01-24,19,Yes
227,James Garza,41,Adult,Male,Germany,Standard,Documentary,14,Mobile,19.61,2022-06-14,2026-01-11,8,No
228,James Wilson,69,Adult,Male,Australia,Basic,Documentary,32,Mobile,5.75,2023-11-29,2026-01-28,9,Yes
229,Mark Tucker,16,Kids,Female,USA,Basic,Documentary,38,Smart TV,15.46,2024-05-12,2026-03-15,36,Yes
230,James Clark,39,Adult,Male,India,Basic,Cartoon,36,Tablet,17.97,2021-08-25,2026-02-07,23,No
231,Mark Clark,63,Adult,Female,France,Standard,Animation,36,Mobile,12.48,2021-03-10,2026-03-14,20,Yes
232,Jonathan Garza,30,Adult,Female,Germany,Standard,Cartoon,9,Smart TV,6.32,2022-03-26,2026-03-08,14,Yes
233,Erik Mendoza,31,Adult,Male,Germany,Basic,Romance,42,Laptop,8.73,2021-09-06,2026-04-17,35,No
234,Jo Miller,55,Adult,Female,Australia,Premium,Thriller,23,Laptop,19.49,2023-06-17,2026-04-14,34,Yes
235,David Sherman,44,Adult,Male,Canada,Standard,Animation,7,Smart TV,7.25,2024-08-31,2026-05-11,32,No
236,Eddie Clark,5,Kids,Male,USA,Standard,Horror,26,Tablet,13.9,2024-08-23,2026-05-11,35,No
237,James Wood,18,Adult,Male,Australia,Basic,Drama,19,Tablet,13.81,2024-11-05,2026-04-20,40,No
238,Courtney Miller,32,Adult,Male,Germany,Basic,Fantasy,37,Mobile,16.79,2024-01-22,2026-05-08,3,Yes
239,David Miller,42,Adult,Male,Canada,Premium,Cartoon,29,Laptop,18.06,2023-10-07,2026-05-31,15,No
240,James Miller,6,Kids,Male,Germany,Basic,Family,30,Tablet,6.14,2023-12-21,2026-03-18,41,No
241,Mark Curtis,63,Adult,Male,India,Standard,Family,13,Tablet,17.35,2021-06-04,2026-01-05,46,Yes
242,Mark Wood,67,Adult,Female,USA,Basic,Animation,5,Smart TV,5.8,2024-03-14,2026-04-15,4,No
243,David Clark,41,Adult,Male,USA,Standard,Comedy,50,Laptop,12.89,2022-07-10,2026-05-25,39,No
244,Jo Sherman,27,Adult,Female,USA,Basic,Romance,10,Smart TV,9.12,2024-05-31,2026-06-05,37,Yes
245,Mark Wilson,27,Adult,Male,Germany,Standard,Cartoon,45,Laptop,17.22,2023-09-02,2026-02-27,17,Yes
246,James Wilson,22,Adult,Female,France,Standard,Romance,38,Mobile,11.71,2024-06-01,2026-02-16,13,No
247,Eddie Wood,61,Adult,Male,Australia,Standard,Comedy,48,Laptop,14.44,2024-10-27,2026-06-07,11,No
248,Jo Curtis,47,Adult,Female,UK,Premium,Cartoon,24,Tablet,19.11,2024-12-14,2026-03-22,9,No
249,Erik Wilson,33,Adult,Male,USA,Standard,Fantasy,47,Mobile,6.03,2023-10-04,2026-01-12,31,No
250,Jo Tucker,55,Adult,Male,India,Basic,Horror,33,Laptop,14.81,2021-09-05,2026-01-07,48,Yes
251,Kimberly Wilson,62,Adult,Female,France,Basic,Romance,18,Laptop,17.5,2021-12-28,2026-03-20,7,Yes
252,David Mendoza,6,Kids,Male,France,Premium,Romance,19,Laptop,16.92,2022-12-21,2026-04-18,13,No
253,Erik Curtis,23,Adult,Female,USA,Standard,Romance,47,Mobile,19.73,2022-05-20,2026-03-30,4,No
254,David Wood,63,Adult,Female,USA,Basic,Drama,37,Tablet,7.84,2022-04-17,2026-01-26,19,No
255,David Wilson,17,Kids,Male,Germany,Standard,Drama,10,Mobile,15.04,2022-04-17,2026-02-07,35,No
256,Jo Wilson,22,Adult,Female,Australia,Standard,Fantasy,27,Mobile,11.9,2021-09-21,2026-05-07,12,Yes
257,James Wood,54,Adult,Female,USA,Basic,Comedy,16,Mobile,5.05,2024-09-20,2026-05-07,17,Yes
258,Jo Miller,23,Adult,Male,USA,Basic,Thriller,41,Laptop,7,2023-11-11,2026-04-16,21,Yes
259,Eddie Sherman,16,Kids,Female,UK,Basic,Fantasy,29,Smart TV,9.15,2023-05-02,2026-04-06,1,No
260,Erik Tucker,60,Adult,Female,Germany,Standard,Drama,15,Tablet,16,2023-03-09,2026-04-14,42,Yes
261,Kimberly Tucker,26,Adult,Female,India,Standard,Animation,20,Tablet,15.38,2021-02-07,2026-05-14,35,Yes
262,Eddie Clark,67,Adult,Male,Germany,Premium,Fantasy,20,Tablet,12.04,2022-11-04,2026-05-05,40,Yes
263,James Wilson,35,Adult,Male,UK,Premium,Action,33,Tablet,10.51,2023-10-26,2026-04-27,10,No
264,Erik Tucker,46,Adult,Female,USA,Standard,Fantasy,43,Laptop,9.39,2021-12-04,2026-02-02,25,Yes
265,Courtney Garza,35,Adult,Female,USA,Standard,Sci-Fi,37,Smart TV,6.62,2023-04-29,2026-04-29,43,Yes
266,Timothy Clark,60,Adult,Female,France,Premium,Cartoon,11,Mobile,19.64,2022-03-17,2026-01-31,38,Yes
267,Eddie Wood,56,Adult,Male,France,Premium,Sci-Fi,44,Mobile,12.55,2022-08-20,2026-03-08,5,Yes
268,Jonathan Wood,6,Kids,Female,India,Standard,Animation,42,Tablet,9.57,2022-06-03,2026-03-01,34,Yes
269,Jo Wood,63,Adult,Male,Australia,Basic,Animation,9,Smart TV,16.77,2024-12-27,2026-01-02,1,Yes
270,David Curtis,64,Adult,Male,France,Standard,Romance,49,Mobile,19.76,2021-11-23,2026-05-27,6,No
271,Mark Clark,25,Adult,Female,Canada,Standard,Cartoon,47,Smart TV,11.52,2021-06-29,2026-01-15,14,Yes
272,Mark Tucker,38,Adult,Female,France,Standard,Thriller,25,Mobile,13.39,2022-12-15,2026-04-12,29,Yes
273,Eddie Miller,25,Adult,Male,Australia,Standard,Action,11,Laptop,6.23,2023-10-11,2026-05-30,1,Yes
274,Timothy Tucker,22,Adult,Male,USA,Basic,Romance,30,Smart TV,18.47,2024-11-06,2026-06-03,46,No
275,Jo Miller,15,Kids,Female,UK,Premium,Thriller,33,Mobile,18.9,2022-08-20,2026-01-25,33,No
276,Jo Miller,68,Adult,Male,USA,Premium,Family,24,Smart TV,19.6,2022-12-14,2026-01-06,48,Yes
277,Courtney Clark,24,Adult,Male,USA,Basic,Action,30,Tablet,16.77,2021-08-20,2026-03-28,33,Yes
278,Jonathan Mendoza,9,Kids,Male,Germany,Premium,Comedy,7,Laptop,6.88,2023-08-13,2026-06-02,30,No
279,Jonathan Tucker,50,Adult,Female,Canada,Premium,Animation,48,Laptop,12.28,2024-03-14,2026-05-15,3,Yes
280,Eddie Miller,32,Adult,Male,France,Standard,Horror,32,Laptop,10.81,2022-03-08,2026-06-03,42,No
281,David Sherman,54,Adult,Female,USA,Premium,Horror,34,Tablet,5.92,2024-12-27,2026-01-29,5,No
282,Courtney Clark,35,Adult,Female,UK,Standard,Horror,20,Laptop,18.15,2021-01-06,2026-05-30,13,No
283,Timothy Garza,31,Adult,Male,UK,Standard,Horror,33,Mobile,5.31,2022-06-01,2026-04-17,40,No
284,Timothy Wilson,53,Adult,Female,India,Standard,Romance,44,Tablet,6.99,2021-01-12,2026-03-30,39,No
285,Erik Sherman,66,Adult,Female,UK,Basic,Fantasy,18,Laptop,14.59,2022-09-09,2026-03-22,23,Yes
286,David Wilson,21,Adult,Male,UK,Basic,Comedy,46,Laptop,7.14,2022-10-02,2026-04-02,44,No
287,Courtney Wood,20,Adult,Male,USA,Premium,Horror,48,Smart TV,12.34,2021-05-16,2026-02-15,48,No
288,Timothy Garza,51,Adult,Male,India,Standard,Horror,50,Laptop,11.61,2024-03-06,2026-01-09,13,Yes
289,Erik Garza,16,Kids,Female,UK,Standard,Fantasy,9,Tablet,18.98,2024-01-14,2026-04-18,47,Yes
290,Erik Garza,39,Adult,Female,Germany,Standard,Family,25,Tablet,11.18,2022-12-08,2026-04-29,21,Yes
291,James Miller,41,Adult,Male,Australia,Basic,Thriller,40,Mobile,17.96,2024-08-11,2026-03-01,35,Yes
292,Courtney Curtis,65,Adult,Female,Germany,Basic,Animation,41,Mobile,6.72,2021-12-07,2026-01-16,46,No
293,Mark Sherman,25,Adult,Male,USA,Premium,Cartoon,11,Tablet,9.16,2023-07-14,2026-02-17,41,No
294,Eddie Curtis,11,Kids,Male,USA,Standard,Animation,43,Laptop,7.84,2023-09-17,2026-04-12,15,Yes
295,Timothy Curtis,56,Adult,Female,France,Basic,Drama,23,Smart TV,7.43,2023-01-01,2026-03-09,40,Yes
296,Kimberly Miller,23,Adult,Female,Canada,Premium,Animation,15,Mobile,11.85,2022-05-07,2026-01-20,18,No
297,Mark Sherman,9,Kids,Female,France,Premium,Romance,35,Laptop,5.56,2025-01-23,2026-06-03,30,Yes
298,Mark Wilson,41,Adult,Female,Australia,Standard,Family,23,Tablet,15.46,2024-02-15,2026-05-29,28,No
299,James Curtis,11,Kids,Female,UK,Basic,Horror,21,Laptop,8.09,2021-12-02,2026-04-27,19,No
300,Mark Miller,39,Adult,Female,UK,Standard,Romance,43,Smart TV,15.24,2021-08-20,2026-05-23,32,No
301,Jonathan Miller,70,Adult,Male,France,Premium,Family,47,Smart TV,12.06,2023-04-26,2026-02-16,3,Yes
302,Courtney Sherman,6,Kids,Male,Canada,Basic,Drama,27,Laptop,14.9,2021-11-03,2026-01-12,38,No
303,Courtney Wood,59,Adult,Female,UK,Premium,Animation,9,Tablet,13.42,2024-10-01,2026-04-15,20,No
304,Kimberly Curtis,39,Adult,Female,Australia,Standard,Drama,24,Tablet,12.88,2022-03-17,2026-01-09,11,Yes
305,James Miller,52,Adult,Male,USA,Basic,Animation,48,Smart TV,7.12,2022-05-18,2026-01-22,43,Yes
306,Kimberly Mendoza,31,Adult,Male,India,Premium,Romance,19,Smart TV,15.27,2024-01-19,2026-03-28,40,No
307,Jo Curtis,44,Adult,Female,UK,Basic,Thriller,40,Smart TV,13.04,2021-12-17,2026-05-05,41,Yes
308,Erik Wilson,44,Adult,Female,Australia,Standard,Fantasy,17,Laptop,11.74,2022-05-02,2026-01-05,9,No
309,Eddie Mendoza,63,Adult,Male,USA,Standard,Documentary,46,Smart TV,12.24,2022-01-12,2026-01-25,26,No
310,Jonathan Wood,70,Adult,Female,India,Standard,Thriller,11,Tablet,19.31,2023-10-15,2026-06-01,43,Yes
311,Eddie Kramer,31,Adult,Female,USA,Basic,Documentary,42,Mobile,17.51,2021-09-02,2026-04-03,27,No
312,David Kramer,59,Adult,Male,UK,Premium,Cartoon,26,Mobile,15.28,2021-12-26,2026-03-16,12,No
313,James Curtis,70,Adult,Male,France,Premium,Family,35,Tablet,5.26,2024-09-02,2026-01-06,30,Yes
314,Jo Tucker,5,Kids,Male,Australia,Basic,Drama,8,Laptop,10.99,2022-12-20,2026-01-14,26,No
315,Mark Mendoza,6,Kids,Male,USA,Standard,Romance,10,Smart TV,10.25,2023-08-06,2026-03-26,34,No
316,Jonathan Wilson,46,Adult,Female,UK,Basic,Drama,32,Mobile,15.1,2023-05-12,2026-04-20,10,Yes
317,Mark Clark,38,Adult,Female,Australia,Premium,Fantasy,33,Tablet,16.75,2024-11-20,2026-04-15,36,No
318,Courtney Tucker,32,Adult,Female,Germany,Premium,Thriller,16,Laptop,16.55,2024-08-27,2026-05-17,10,Yes
319,Timothy Wood,5,Kids,Male,UK,Premium,Horror,20,Mobile,9.95,2023-03-18,2026-04-15,23,Yes
320,David Sherman,14,Kids,Female,Australia,Basic,Animation,5,Smart TV,11.18,2022-02-13,2026-04-14,18,No
321,David Sherman,60,Adult,Female,France,Premium,Family,35,Laptop,17.52,2023-05-07,2026-02-06,50,Yes
322,Jonathan Curtis,59,Adult,Female,France,Premium,Romance,17,Tablet,14.44,2021-10-10,2026-06-04,23,Yes
323,Jonathan Clark,34,Adult,Male,Australia,Premium,Horror,8,Tablet,11.88,2024-01-13,2026-03-05,37,No
324,Jonathan Sherman,65,Adult,Male,USA,Premium,Action,36,Laptop,16.11,2024-06-27,2026-03-11,22,No
325,Eddie Kramer,48,Adult,Female,Germany,Premium,Cartoon,35,Mobile,14.47,2024-12-05,2026-05-04,35,No
326,Erik Garza,65,Adult,Male,Canada,Premium,Horror,11,Tablet,11.13,2023-04-05,2026-04-08,7,No
327,Mark Wood,62,Adult,Female,Australia,Basic,Animation,30,Smart TV,15.03,2022-07-03,2026-02-02,12,No
328,Eddie Mendoza,59,Adult,Female,India,Basic,Horror,12,Smart TV,8.27,2023-04-25,2026-01-17,20,Yes
329,Courtney Curtis,59,Adult,Male,France,Basic,Drama,18,Smart TV,18.39,2022-09-29,2026-06-08,39,Yes
330,Courtney Wilson,7,Kids,Female,Germany,Basic,Thriller,46,Mobile,10.51,2022-03-26,2026-05-17,12,Yes
331,Timothy Curtis,67,Adult,Male,Germany,Standard,Comedy,25,Tablet,9.91,2021-08-06,2026-02-20,25,Yes
332,Eddie Miller,30,Adult,Male,Canada,Basic,Family,19,Laptop,16.58,2022-10-30,2026-03-12,28,Yes
333,Jo Clark,10,Kids,Male,UK,Premium,Animation,18,Mobile,17.7,2021-12-13,2026-02-27,48,No
334,Timothy Tucker,32,Adult,Female,India,Basic,Horror,14,Tablet,16.77,2022-03-11,2026-05-03,20,No
335,Jonathan Mendoza,30,Adult,Female,Australia,Basic,Documentary,39,Laptop,12.92,2024-01-24,2026-01-31,34,No
336,James Mendoza,63,Adult,Female,Germany,Premium,Animation,46,Tablet,5.45,2024-03-19,2026-03-28,34,Yes
337,David Wilson,31,Adult,Male,France,Premium,Action,19,Laptop,13.33,2022-05-25,2026-02-24,30,Yes
338,Jonathan Mendoza,42,Adult,Male,France,Standard,Romance,22,Tablet,12.64,2021-03-25,2026-03-04,23,Yes
339,Mark Curtis,62,Adult,Male,India,Standard,Family,14,Smart TV,5.44,2021-04-29,2026-05-26,3,Yes
340,Jonathan Curtis,61,Adult,Male,Germany,Premium,Animation,9,Mobile,7.07,2021-04-16,2026-04-09,34,Yes
341,Mark Wood,20,Adult,Male,Canada,Premium,Horror,16,Smart TV,15.89,2021-06-02,2026-02-10,6,No
342,Erik Curtis,11,Kids,Male,Australia,Standard,Horror,32,Laptop,15.55,2022-05-26,2026-01-12,44,No
343,Courtney Miller,69,Adult,Male,India,Standard,Horror,25,Tablet,12.44,2024-06-21,2026-06-04,21,No
344,Jonathan Garza,53,Adult,Male,France,Basic,Cartoon,10,Smart TV,7.29,2021-07-07,2026-04-14,19,Yes
345,David Mendoza,42,Adult,Female,UK,Standard,Cartoon,44,Tablet,13.01,2024-02-14,2026-05-16,41,Yes
346,Erik Miller,31,Adult,Male,Germany,Premium,Action,40,Smart TV,11.32,2022-06-29,2026-01-03,47,No
347,Erik Miller,70,Adult,Male,Canada,Basic,Comedy,48,Tablet,13.52,2024-06-28,2026-02-01,24,No
348,Courtney Miller,10,Kids,Male,USA,Basic,Action,46,Laptop,11.7,2022-07-24,2026-03-05,8,No
349,Courtney Garza,62,Adult,Female,France,Standard,Animation,22,Laptop,11.72,2024-03-04,2026-05-13,27,Yes
350,James Mendoza,12,Kids,Male,Canada,Basic,Romance,21,Smart TV,7.43,2021-08-12,2026-03-16,45,Yes
351,Erik Clark,8,Kids,Female,UK,Standard,Romance,17,Mobile,9.36,2023-10-14,2026-01-03,9,No
352,Kimberly Garza,6,Kids,Male,Australia,Standard,Documentary,39,Laptop,18.55,2022-02-11,2026-05-29,48,No
353,Jo Kramer,32,Adult,Female,Canada,Basic,Drama,21,Smart TV,5.93,2023-04-12,2026-03-18,12,No
354,Courtney Sherman,20,Adult,Male,India,Basic,Family,21,Mobile,12.35,2022-12-27,2026-02-28,41,Yes
355,Jonathan Curtis,45,Adult,Male,India,Standard,Horror,20,Tablet,14.55,2021-09-12,2026-03-27,30,Yes
356,Courtney Curtis,58,Adult,Female,UK,Premium,Action,27,Laptop,10.35,2023-02-05,2026-02-20,35,Yes
357,Jonathan Sherman,29,Adult,Female,UK,Basic,Comedy,13,Laptop,7.24,2023-12-21,2026-01-25,2,Yes
358,Courtney Sherman,12,Kids,Male,UK,Standard,Fantasy,46,Mobile,9.04,2021-08-30,2026-01-20,4,Yes
359,Eddie Sherman,9,Kids,Male,Germany,Premium,Thriller,23,Mobile,17.29,2022-06-08,2026-01-02,3,Yes
360,Timothy Miller,51,Adult,Male,Canada,Standard,Romance,16,Laptop,8.56,2022-04-01,2026-01-21,13,Yes
361,Erik Garza,30,Adult,Male,France,Standard,Horror,28,Mobile,19.55,2024-08-20,2026-04-02,48,No
362,James Kramer,65,Adult,Male,Canada,Standard,Comedy,41,Tablet,18.87,2024-09-06,2026-03-02,14,No
363,Timothy Mendoza,51,Adult,Male,India,Basic,Drama,41,Mobile,13.77,2024-11-13,2026-02-08,50,No
364,Jo Miller,60,Adult,Male,India,Premium,Cartoon,24,Laptop,7.94,2022-12-21,2026-02-14,29,No
365,Mark Mendoza,46,Adult,Female,Australia,Standard,Thriller,30,Tablet,5.71,2021-02-11,2026-02-21,19,No
366,James Mendoza,8,Kids,Female,Australia,Premium,Fantasy,46,Laptop,7.05,2021-03-12,2026-01-31,8,No
367,David Curtis,59,Adult,Female,Canada,Basic,Documentary,19,Tablet,18.96,2023-04-09,2026-03-31,15,Yes
368,James Clark,57,Adult,Female,India,Basic,Family,6,Laptop,16.44,2021-12-17,2026-05-30,8,No
369,David Kramer,8,Kids,Female,Canada,Premium,Comedy,18,Mobile,5.73,2022-11-21,2026-05-12,23,Yes
370,Courtney Miller,26,Adult,Male,France,Standard,Sci-Fi,18,Tablet,10.01,2021-12-16,2026-05-23,6,Yes
371,Timothy Curtis,48,Adult,Male,UK,Premium,Cartoon,17,Laptop,10.67,2022-01-14,2026-04-08,40,Yes
372,David Garza,27,Adult,Female,France,Premium,Horror,27,Smart TV,13.88,2022-08-05,2026-03-09,10,No
373,Mark Kramer,16,Kids,Female,Australia,Standard,Thriller,40,Laptop,9.61,2023-12-04,2026-01-08,25,No
374,Erik Tucker,31,Adult,Male,Canada,Basic,Comedy,16,Smart TV,9.77,2023-12-30,2026-02-02,12,No
375,Courtney Wood,40,Adult,Male,India,Premium,Family,27,Tablet,6.17,2023-07-19,2026-06-06,31,Yes
376,Timothy Wilson,11,Kids,Male,Australia,Premium,Action,37,Tablet,11.14,2022-03-03,2026-04-16,22,Yes
377,Kimberly Wood,18,Adult,Female,Germany,Basic,Thriller,48,Laptop,10.01,2023-04-28,2026-03-12,44,No
378,Erik Wilson,29,Adult,Female,France,Basic,Cartoon,47,Mobile,11.97,2024-10-29,2026-03-30,44,Yes
379,David Sherman,20,Adult,Female,Germany,Basic,Animation,48,Tablet,19.78,2024-04-01,2026-02-02,7,No
380,Jo Garza,7,Kids,Male,France,Basic,Cartoon,13,Tablet,15.56,2021-08-20,2026-01-05,9,Yes
381,Courtney Clark,40,Adult,Female,Germany,Premium,Animation,8,Tablet,7.76,2024-03-17,2026-03-21,12,Yes
382,Erik Kramer,67,Adult,Female,France,Standard,Cartoon,16,Laptop,5.73,2022-08-08,2026-05-09,17,No
383,David Wilson,44,Adult,Female,France,Basic,Thriller,8,Mobile,7.51,2023-12-21,2026-03-06,49,Yes
384,Mark Tucker,35,Adult,Female,Canada,Standard,Animation,13,Laptop,19.06,2021-05-07,2026-05-15,4,Yes
385,Courtney Garza,67,Adult,Female,India,Premium,Cartoon,44,Laptop,17.55,2021-05-06,2026-04-19,12,Yes
386,Kimberly Sherman,63,Adult,Male,USA,Standard,Comedy,20,Smart TV,9.99,2021-06-07,2026-01-03,24,Yes
387,Eddie Wilson,64,Adult,Female,USA,Premium,Horror,8,Laptop,18.63,2021-04-06,2026-01-19,21,No
388,David Tucker,27,Adult,Male,Canada,Premium,Cartoon,44,Tablet,5.39,2024-09-28,2026-03-08,43,No
389,Kimberly Wilson,42,Adult,Male,India,Premium,Animation,23,Laptop,9.61,2023-06-10,2026-05-08,34,No
390,Erik Miller,24,Adult,Female,USA,Basic,Animation,38,Laptop,11.54,2024-07-22,2026-03-04,25,Yes
391,Kimberly Sherman,40,Adult,Male,USA,Premium,Horror,8,Laptop,7.25,2022-05-29,2026-04-21,35,No
392,Mark Curtis,65,Adult,Male,Germany,Standard,Family,45,Mobile,17.4,2021-08-06,2026-04-16,8,No
393,Jo Clark,61,Adult,Female,UK,Standard,Horror,5,Smart TV,16.37,2024-07-24,2026-05-10,14,No
394,Erik Wilson,18,Adult,Female,Australia,Basic,Comedy,32,Smart TV,11.84,2023-07-14,2026-03-11,8,No
395,Jo Wilson,50,Adult,Male,Germany,Premium,Drama,31,Smart TV,18.78,2024-12-08,2026-02-04,35,No
396,Courtney Garza,51,Adult,Male,USA,Standard,Fantasy,35,Tablet,14.04,2022-01-23,2026-01-27,27,Yes
397,Courtney Wilson,32,Adult,Female,Australia,Basic,Comedy,28,Smart TV,19.67,2023-07-28,2026-01-05,42,No
398,Jonathan Clark,65,Adult,Female,Canada,Standard,Thriller,37,Mobile,15.75,2022-12-29,2026-04-28,27,No
399,Timothy Wilson,61,Adult,Female,UK,Basic,Family,50,Smart TV,14.83,2022-02-09,2026-01-16,18,No
400,Kimberly Curtis,50,Adult,Male,France,Premium,Family,24,Tablet,6.85,2023-09-20,2026-04-12,45,No
401,Jonathan Kramer,43,Adult,Male,USA,Standard,Fantasy,23,Smart TV,6.17,2023-01-22,2026-02-17,28,Yes
402,David Miller,19,Adult,Male,UK,Basic,Fantasy,19,Laptop,17.58,2025-01-21,2026-04-17,27,No
403,Jo Clark,7,Kids,Female,Australia,Basic,Thriller,32,Tablet,15.05,2022-07-19,2026-03-09,20,Yes
404,James Clark,64,Adult,Male,Canada,Standard,Sci-Fi,33,Smart TV,13.9,2023-09-18,2026-02-19,10,No
405,James Clark,67,Adult,Male,Canada,Premium,Thriller,38,Smart TV,15.53,2021-01-06,2026-05-25,8,Yes
406,Eddie Kramer,68,Adult,Male,USA,Basic,Romance,14,Smart TV,19.53,2022-08-01,2026-02-02,9,Yes
407,Jo Kramer,70,Adult,Female,Canada,Standard,Comedy,33,Tablet,11.35,2024-12-01,2026-03-02,28,No
408,Kimberly Sherman,20,Adult,Female,France,Basic,Cartoon,6,Smart TV,17.07,2023-04-04,2026-03-13,15,No
409,Timothy Sherman,44,Adult,Male,Australia,Standard,Cartoon,29,Smart TV,12.28,2023-03-16,2026-03-08,39,Yes
410,Jonathan Miller,32,Adult,Female,Australia,Basic,Comedy,45,Tablet,5.87,2021-03-15,2026-02-21,3,No
411,Mark Tucker,43,Adult,Male,UK,Premium,Family,17,Smart TV,9.01,2022-06-11,2026-05-23,22,Yes
412,Jonathan Mendoza,8,Kids,Male,Canada,Basic,Cartoon,38,Mobile,19.21,2021-10-12,2026-01-24,32,Yes
413,Erik Curtis,65,Adult,Male,India,Basic,Fantasy,40,Mobile,9.81,2023-06-02,2026-04-22,42,Yes
414,Jonathan Wilson,9,Kids,Male,Germany,Premium,Animation,13,Tablet,8.65,2024-08-18,2026-01-30,47,No
415,Courtney Wood,12,Kids,Male,UK,Standard,Animation,23,Tablet,16.22,2024-02-03,2026-03-10,42,No
416,Courtney Curtis,46,Adult,Male,Canada,Premium,Thriller,36,Mobile,9.24,2022-07-02,2026-02-19,46,No
417,James Sherman,20,Adult,Female,USA,Basic,Fantasy,37,Tablet,10.63,2022-06-06,2026-05-13,18,No
418,Timothy Kramer,23,Adult,Male,Australia,Basic,Comedy,24,Laptop,16.35,2024-02-13,2026-03-01,37,No
419,Mark Clark,62,Adult,Male,UK,Premium,Family,11,Smart TV,7.88,2021-04-25,2026-05-02,29,Yes
420,Mark Wood,35,Adult,Female,USA,Premium,Documentary,19,Mobile,11.5,2024-01-27,2026-05-17,16,No
421,Erik Wilson,67,Adult,Male,UK,Basic,Horror,40,Smart TV,12.02,2024-07-20,2026-05-18,16,No
422,Jonathan Sherman,41,Adult,Female,France,Standard,Drama,38,Tablet,10.95,2025-02-02,2026-06-05,23,Yes
423,Erik Miller,21,Adult,Female,Canada,Premium,Cartoon,7,Laptop,10.44,2024-05-01,2026-06-03,15,Yes
424,Eddie Wilson,49,Adult,Male,Australia,Standard,Sci-Fi,15,Tablet,7.97,2021-11-28,2026-04-01,49,No
425,Jo Kramer,51,Adult,Male,USA,Basic,Comedy,42,Mobile,9.37,2021-09-01,2026-01-23,32,No
426,Erik Clark,38,Adult,Female,Canada,Standard,Documentary,35,Laptop,18.83,2023-09-16,2026-03-30,10,No
427,David Tucker,53,Adult,Male,Canada,Standard,Sci-Fi,13,Laptop,13.57,2023-01-19,2026-02-20,40,Yes
428,Mark Wood,19,Adult,Female,USA,Basic,Drama,43,Tablet,12.57,2021-07-24,2026-02-08,31,Yes
429,Jo Kramer,27,Adult,Male,France,Standard,Drama,9,Laptop,13.94,2021-09-03,2026-02-25,46,Yes
430,Courtney Mendoza,29,Adult,Female,Germany,Basic,Cartoon,30,Smart TV,6.05,2024-10-01,2026-06-10,30,Yes
431,David Sherman,34,Adult,Male,Germany,Basic,Documentary,30,Smart TV,16.05,2021-08-30,2026-03-03,40,Yes
432,James Kramer,57,Adult,Female,Germany,Standard,Animation,39,Tablet,17.08,2022-06-23,2026-04-06,45,No
433,Mark Mendoza,48,Adult,Male,Germany,Basic,Action,45,Laptop,17.41,2021-10-12,2026-04-13,1,Yes
434,Kimberly Garza,27,Adult,Male,France,Standard,Comedy,35,Laptop,12.75,2022-09-24,2026-03-27,7,Yes
435,Kimberly Garza,63,Adult,Male,UK,Standard,Thriller,30,Laptop,10.88,2022-05-11,2026-03-04,28,Yes
436,Jonathan Kramer,20,Adult,Female,Australia,Basic,Action,5,Smart TV,19.03,2021-12-02,2026-04-25,4,Yes
437,Erik Mendoza,31,Adult,Male,Germany,Basic,Drama,46,Tablet,10.1,2022-11-28,2026-04-02,7,No
438,Mark Clark,31,Adult,Male,Canada,Premium,Thriller,20,Smart TV,17.95,2021-01-22,2026-04-15,6,No
439,Eddie Mendoza,60,Adult,Female,USA,Basic,Sci-Fi,45,Smart TV,15.82,2024-08-08,2026-04-07,40,Yes
440,Mark Wood,69,Adult,Female,UK,Premium,Family,12,Tablet,11.52,2022-07-30,2026-04-17,24,No
441,Timothy Mendoza,62,Adult,Female,Australia,Premium,Documentary,25,Laptop,17.4,2024-08-05,2026-02-24,7,Yes
442,David Mendoza,58,Adult,Male,Australia,Premium,Cartoon,45,Smart TV,10.28,2022-09-27,2026-04-15,25,Yes
443,Jonathan Mendoza,10,Kids,Male,France,Basic,Sci-Fi,47,Mobile,5.47,2022-02-18,2026-04-08,6,No
444,Eddie Mendoza,29,Adult,Male,France,Standard,Animation,14,Smart TV,12.29,2021-05-19,2026-02-17,25,Yes
445,Courtney Wilson,23,Adult,Female,Germany,Premium,Drama,18,Smart TV,17.45,2024-10-15,2026-05-10,45,No
446,Erik Clark,8,Kids,Male,USA,Standard,Thriller,6,Smart TV,14.67,2021-05-10,2026-02-21,11,Yes
447,Mark Wood,26,Adult,Female,UK,Standard,Fantasy,40,Laptop,8.09,2024-03-09,2026-04-29,26,No
448,Mark Wood,27,Adult,Male,USA,Premium,Cartoon,26,Laptop,10.64,2024-10-28,2026-05-13,45,No
449,David Garza,59,Adult,Female,UK,Premium,Family,37,Mobile,11.95,2024-11-22,2026-04-03,22,No
450,Jonathan Garza,30,Adult,Female,Australia,Standard,Cartoon,22,Tablet,19.38,2023-11-17,2026-03-01,43,No
451,Timothy Wilson,62,Adult,Male,Canada,Basic,Fantasy,32,Laptop,17.79,2023-07-06,2026-02-09,30,No
452,Jonathan Mendoza,6,Kids,Male,India,Standard,Sci-Fi,6,Tablet,10.2,2023-02-11,2026-06-08,36,Yes
453,Eddie Tucker,12,Kids,Male,France,Standard,Comedy,12,Smart TV,19.09,2023-11-06,2026-04-21,41,No
454,Jonathan Mendoza,10,Kids,Female,Australia,Standard,Horror,39,Tablet,19.69,2021-04-21,2026-04-09,18,No
455,Mark Miller,6,Kids,Female,Australia,Basic,Comedy,33,Tablet,6.3,2023-05-18,2026-06-03,41,Yes
456,Jo Tucker,33,Adult,Male,USA,Standard,Thriller,45,Smart TV,19.98,2023-12-11,2026-01-05,46,No
457,Mark Sherman,23,Adult,Female,Australia,Basic,Drama,33,Laptop,5.69,2025-01-09,2026-04-03,38,Yes
458,Timothy Wilson,36,Adult,Female,Canada,Standard,Action,23,Laptop,7.13,2021-06-28,2026-04-23,31,Yes
459,Eddie Tucker,50,Adult,Female,India,Standard,Comedy,26,Smart TV,19.77,2021-07-29,2026-05-10,8,Yes
460,Courtney Garza,7,Kids,Male,UK,Basic,Cartoon,41,Tablet,12.72,2024-07-16,2026-03-14,45,Yes
461,David Tucker,40,Adult,Male,Germany,Premium,Animation,9,Tablet,9.73,2022-08-17,2026-05-07,27,No
462,Jonathan Wood,59,Adult,Female,India,Basic,Thriller,7,Smart TV,12.03,2023-03-07,2026-02-24,30,No
463,Erik Mendoza,69,Adult,Male,Australia,Premium,Cartoon,43,Laptop,19.68,2021-11-09,2026-05-11,30,No
464,Eddie Miller,29,Adult,Male,Germany,Basic,Cartoon,36,Smart TV,5.71,2021-11-19,2026-03-31,39,Yes
465,Mark Mendoza,34,Adult,Female,Canada,Basic,Thriller,48,Smart TV,14.3,2023-12-17,2026-03-07,35,No
466,James Wood,67,Adult,Male,Australia,Standard,Comedy,43,Mobile,9.06,2022-11-27,2026-02-07,50,Yes
467,Eddie Clark,57,Adult,Male,UK,Standard,Cartoon,49,Smart TV,10.83,2021-03-03,2026-01-19,44,Yes
468,Jo Miller,61,Adult,Female,Germany,Basic,Family,36,Mobile,17.34,2023-01-23,2026-04-19,20,Yes
469,Jo Curtis,55,Adult,Female,UK,Standard,Drama,9,Tablet,8.31,2021-07-03,2026-01-06,18,Yes
470,James Mendoza,43,Adult,Female,France,Basic,Comedy,18,Tablet,9.28,2023-12-21,2026-03-11,36,No
471,Courtney Wood,16,Kids,Male,Australia,Premium,Romance,29,Tablet,13.88,2021-09-15,2026-02-15,44,No
472,Jonathan Miller,46,Adult,Female,USA,Premium,Animation,38,Smart TV,19.21,2025-01-18,2026-05-15,32,No
473,Jo Garza,6,Kids,Female,Canada,Standard,Romance,37,Laptop,13.05,2022-08-10,2026-03-10,24,No
474,Kimberly Wilson,23,Adult,Female,Germany,Basic,Action,10,Laptop,13.53,2024-04-18,2026-02-09,41,Yes
475,Erik Miller,69,Adult,Female,France,Standard,Fantasy,48,Tablet,14.23,2024-07-14,2026-02-22,5,Yes
476,Jo Sherman,23,Adult,Female,USA,Basic,Animation,16,Laptop,19.72,2024-11-08,2026-05-16,39,Yes
477,Courtney Curtis,44,Adult,Male,Canada,Standard,Romance,16,Mobile,5.4,2024-10-20,2026-04-23,38,Yes
478,Mark Clark,60,Adult,Female,Australia,Basic,Horror,25,Smart TV,12.84,2023-08-22,2026-04-26,29,No
479,Mark Kramer,55,Adult,Female,USA,Standard,Family,29,Mobile,9.78,2021-02-08,2026-01-07,24,Yes
480,Jonathan Curtis,57,Adult,Male,UK,Premium,Horror,21,Smart TV,10.23,2022-04-29,2026-05-15,38,Yes
481,Eddie Wood,56,Adult,Female,Australia,Premium,Fantasy,26,Mobile,9.96,2021-02-18,2026-05-10,15,Yes
482,Timothy Miller,43,Adult,Female,France,Standard,Action,50,Laptop,13.12,2021-02-04,2026-06-05,32,No
483,Eddie Kramer,19,Adult,Male,UK,Basic,Animation,50,Laptop,18.12,2022-07-07,2026-03-26,10,No
484,Mark Kramer,10,Kids,Female,Germany,Standard,Romance,33,Mobile,14.86,2024-02-19,2026-04-03,32,Yes
485,David Miller,33,Adult,Male,India,Standard,Comedy,25,Laptop,12.4,2021-02-01,2026-05-23,19,No
486,Mark Curtis,27,Adult,Female,France,Standard,Horror,44,Laptop,13.47,2021-03-13,2026-03-08,32,Yes
487,Mark Wilson,8,Kids,Female,USA,Standard,Sci-Fi,22,Mobile,10.91,2024-01-29,2026-03-25,46,No
488,Mark Sherman,16,Kids,Male,France,Standard,Family,50,Laptop,11.15,2022-10-04,2026-01-10,37,Yes
489,Mark Garza,13,Kids,Male,France,Basic,Family,34,Tablet,15.21,2021-10-03,2026-01-03,32,Yes
490,Courtney Wood,42,Adult,Male,UK,Premium,Drama,19,Laptop,11.02,2022-11-26,2026-03-25,31,No
491,Jo Curtis,66,Adult,Female,Germany,Standard,Sci-Fi,32,Mobile,8.45,2024-04-16,2026-01-15,38,Yes
492,Jonathan Garza,22,Adult,Male,USA,Basic,Comedy,14,Laptop,9.38,2021-12-28,2026-01-06,18,Yes
493,James Mendoza,14,Kids,Female,France,Basic,Comedy,41,Laptop,17.29,2022-02-06,2026-05-06,15,No
494,Kimberly Miller,37,Adult,Male,Germany,Basic,Fantasy,44,Smart TV,18.98,2022-06-03,2026-01-28,39,No
495,Timothy Sherman,44,Adult,Female,India,Standard,Comedy,31,Tablet,19.95,2021-07-13,2026-03-09,40,No
496,Courtney Sherman,20,Adult,Female,Canada,Standard,Drama,25,Laptop,5.05,2024-01-17,2026-04-23,47,Yes
497,Jonathan Miller,53,Adult,Male,Germany,Premium,Horror,26,Laptop,16.53,2023-04-26,2026-01-05,44,Yes
498,Eddie Wilson,60,Adult,Male,India,Premium,Animation,42,Mobile,17.95,2021-12-28,2026-03-08,18,No
499,Eddie Sherman,22,Adult,Female,France,Basic,Documentary,45,Smart TV,8.68,2024-06-09,2026-03-05,19,Yes
500,Jonathan Sherman,26,Adult,Female,France,Premium,Comedy,17,Mobile,19.28,2021-05-20,2026-04-03,44,No
501,Jonathan Garza,47,Adult,Female,France,Premium,Comedy,49,Tablet,19.66,2023-04-22,2026-02-18,20,Yes
502,Jo Tucker,17,Kids,Male,India,Premium,Animation,35,Mobile,18.13,2021-09-30,2026-03-19,8,Yes
503,Courtney Kramer,58,Adult,Male,Australia,Basic,Horror,18,Mobile,19.19,2022-12-05,2026-04-05,16,No
504,Courtney Wood,54,Adult,Female,USA,Standard,Fantasy,5,Tablet,17.26,2023-02-27,2026-04-26,42,Yes
505,James Kramer,28,Adult,Female,Canada,Basic,Documentary,35,Smart TV,16.2,2021-10-02,2026-02-03,18,No
506,Mark Wilson,19,Adult,Male,UK,Standard,Comedy,28,Tablet,18.2,2023-05-25,2026-04-15,44,No
507,James Mendoza,37,Adult,Male,USA,Premium,Drama,22,Tablet,9.13,2022-09-24,2026-01-12,20,No
508,Courtney Sherman,21,Adult,Female,USA,Standard,Fantasy,47,Mobile,18.22,2022-09-14,2026-03-28,15,Yes
509,Courtney Tucker,21,Adult,Male,Australia,Standard,Animation,6,Laptop,18.75,2022-11-01,2026-01-11,12,Yes
510,Courtney Curtis,30,Adult,Male,France,Premium,Action,37,Laptop,8.3,2024-06-07,2026-06-07,10,No
511,David Wood,48,Adult,Male,France,Premium,Fantasy,19,Tablet,16.53,2024-01-02,2026-03-02,5,No
512,Courtney Mendoza,8,Kids,Male,USA,Premium,Animation,49,Smart TV,6.27,2023-02-19,2026-01-24,39,No
513,Timothy Clark,38,Adult,Female,Germany,Basic,Comedy,31,Smart TV,7.78,2023-08-08,2026-03-28,17,No
514,David Mendoza,27,Adult,Male,France,Standard,Action,10,Tablet,19.7,2021-06-22,2026-02-07,19,Yes
515,Timothy Mendoza,38,Adult,Male,Canada,Standard,Romance,33,Smart TV,15.18,2021-03-16,2026-03-07,48,Yes
516,David Mendoza,27,Adult,Female,UK,Premium,Drama,8,Smart TV,5.27,2022-02-17,2026-03-17,40,Yes
517,James Mendoza,19,Adult,Female,Canada,Premium,Sci-Fi,29,Tablet,10.42,2021-10-03,2026-03-28,7,Yes
518,Timothy Wilson,47,Adult,Female,Australia,Basic,Fantasy,28,Mobile,13.03,2023-08-19,2026-02-19,5,Yes
519,Erik Tucker,64,Adult,Male,Australia,Basic,Sci-Fi,38,Mobile,13.95,2022-11-02,2026-05-02,12,Yes
520,David Mendoza,37,Adult,Male,Germany,Premium,Fantasy,38,Laptop,11.78,2022-06-26,2026-01-14,39,Yes
521,Kimberly Mendoza,34,Adult,Male,UK,Premium,Family,39,Tablet,8.83,2024-02-18,2026-05-21,6,Yes
522,Jo Clark,36,Adult,Male,Australia,Basic,Fantasy,50,Mobile,15.23,2024-09-15,2026-04-30,14,No
523,Jo Wood,16,Kids,Female,Australia,Standard,Drama,10,Laptop,11.88,2024-03-29,2026-04-27,22,Yes
524,David Mendoza,70,Adult,Male,France,Standard,Sci-Fi,17,Smart TV,5.81,2022-08-02,2026-02-28,32,Yes
525,Eddie Curtis,32,Adult,Female,Canada,Standard,Documentary,48,Mobile,9.21,2021-04-02,2026-06-10,34,No
526,Eddie Clark,29,Adult,Female,India,Basic,Action,49,Laptop,17.95,2024-09-08,2026-03-07,36,Yes
527,Timothy Sherman,31,Adult,Male,France,Standard,Horror,26,Laptop,18.72,2022-12-15,2026-02-03,14,Yes
528,Mark Mendoza,32,Adult,Female,UK,Basic,Horror,35,Tablet,9.52,2025-01-14,2026-02-20,36,No
529,David Garza,33,Adult,Male,India,Premium,Drama,31,Mobile,16.28,2024-02-07,2026-03-01,4,Yes
530,Erik Mendoza,28,Adult,Female,Canada,Standard,Sci-Fi,23,Smart TV,15.85,2022-04-08,2026-05-17,31,Yes
531,Timothy Curtis,23,Adult,Female,India,Premium,Documentary,19,Mobile,11.69,2023-08-23,2026-01-23,33,Yes
532,Mark Garza,70,Adult,Male,USA,Standard,Animation,22,Mobile,9.57,2023-07-08,2026-03-26,30,No
533,Eddie Garza,9,Kids,Female,UK,Basic,Horror,48,Laptop,8.63,2021-06-05,2026-01-08,9,Yes
534,Erik Tucker,5,Kids,Male,Germany,Basic,Cartoon,23,Tablet,12.76,2021-03-31,2026-01-06,4,No
535,Jonathan Garza,36,Adult,Female,Canada,Premium,Animation,47,Mobile,8.58,2022-10-20,2026-04-01,35,Yes
536,Jo Wilson,51,Adult,Male,Canada,Standard,Animation,50,Laptop,6.94,2024-12-01,2026-04-23,38,No
537,Timothy Miller,54,Adult,Male,Australia,Premium,Family,11,Mobile,14.27,2022-07-02,2026-04-12,14,No
538,David Miller,15,Kids,Female,Canada,Standard,Action,31,Tablet,8.95,2023-04-07,2026-05-03,26,Yes
539,Courtney Mendoza,61,Adult,Male,UK,Basic,Horror,8,Tablet,5.13,2024-11-01,2026-02-24,23,No
540,James Garza,49,Adult,Male,UK,Premium,Animation,17,Smart TV,11.93,2024-01-15,2026-04-20,35,Yes
541,Timothy Garza,52,Adult,Male,Germany,Basic,Horror,8,Tablet,18.26,2023-01-08,2026-01-18,9,No
542,Erik Sherman,67,Adult,Female,Canada,Basic,Comedy,23,Mobile,17.58,2024-12-03,2026-04-12,7,No
543,David Curtis,38,Adult,Male,Germany,Basic,Family,30,Smart TV,9.04,2024-07-22,2026-03-12,9,Yes
544,David Tucker,29,Adult,Male,France,Basic,Documentary,17,Smart TV,11.56,2024-09-04,2026-01-13,1,No
545,Jonathan Wilson,59,Adult,Male,Canada,Basic,Documentary,34,Smart TV,15.58,2024-12-29,2026-06-04,6,Yes
546,Timothy Tucker,47,Adult,Male,France,Basic,Comedy,29,Tablet,12.19,2024-12-15,2026-05-18,46,Yes
547,Timothy Kramer,52,Adult,Male,Germany,Standard,Animation,8,Laptop,10.46,2023-06-12,2026-04-21,22,No
548,Mark Sherman,15,Kids,Female,UK,Premium,Cartoon,23,Tablet,17.2,2022-12-02,2026-03-29,20,Yes
549,Erik Tucker,7,Kids,Male,UK,Basic,Comedy,35,Tablet,19.82,2021-02-25,2026-03-08,32,No
550,Jo Sherman,58,Adult,Male,France,Standard,Cartoon,20,Mobile,17.73,2024-05-22,2026-06-04,50,Yes
551,Timothy Mendoza,17,Kids,Female,UK,Premium,Horror,47,Smart TV,16.35,2022-04-17,2026-04-15,40,No
552,David Garza,35,Adult,Male,Australia,Basic,Sci-Fi,17,Mobile,5.85,2021-03-13,2026-03-30,16,No
553,David Kramer,70,Adult,Male,USA,Standard,Animation,28,Tablet,11.25,2021-07-16,2026-05-24,3,No
554,Eddie Mendoza,29,Adult,Male,UK,Premium,Thriller,44,Smart TV,11.88,2024-03-07,2026-04-10,21,No
555,David Sherman,25,Adult,Female,France,Premium,Documentary,40,Tablet,19.08,2023-11-05,2026-04-15,11,No
556,David Kramer,45,Adult,Female,India,Standard,Sci-Fi,47,Mobile,19.94,2023-03-05,2026-05-31,46,No
557,Jonathan Curtis,24,Adult,Female,Germany,Standard,Romance,37,Mobile,7.52,2022-02-08,2026-02-25,15,No
558,Jo Wood,14,Kids,Male,Australia,Premium,Cartoon,16,Smart TV,19.02,2022-04-10,2026-02-06,30,No
559,Jonathan Tucker,36,Adult,Female,India,Basic,Action,10,Smart TV,11.48,2024-08-24,2026-04-19,32,No
560,James Wilson,13,Kids,Female,Germany,Premium,Romance,16,Tablet,5.95,2022-06-25,2026-02-26,13,Yes
561,Courtney Wood,19,Adult,Male,USA,Standard,Action,33,Tablet,11.52,2022-07-04,2026-03-29,31,Yes
562,Courtney Garza,43,Adult,Male,Germany,Basic,Horror,18,Tablet,8.01,2024-08-09,2026-04-27,1,Yes
563,Eddie Sherman,55,Adult,Male,India,Basic,Documentary,30,Laptop,11.23,2022-03-07,2026-02-14,8,No
564,Courtney Wood,14,Kids,Female,Australia,Standard,Sci-Fi,31,Tablet,14.96,2022-05-29,2026-05-31,30,Yes
565,Eddie Garza,38,Adult,Male,Germany,Basic,Animation,18,Laptop,18.84,2022-01-09,2026-01-23,28,No
566,James Mendoza,10,Kids,Female,Germany,Standard,Documentary,38,Tablet,7.49,2022-01-16,2026-04-21,50,Yes
567,Courtney Kramer,7,Kids,Female,Canada,Basic,Action,38,Laptop,7.72,2022-04-01,2026-05-10,35,No
568,Courtney Tucker,17,Kids,Male,France,Premium,Thriller,12,Laptop,12.18,2024-06-09,2026-04-27,39,Yes
569,Erik Clark,70,Adult,Male,Germany,Standard,Comedy,22,Laptop,14.69,2021-09-09,2026-02-05,45,No
570,Erik Mendoza,15,Kids,Female,Canada,Premium,Documentary,36,Mobile,15.51,2021-11-19,2026-03-06,18,No
571,Kimberly Wilson,28,Adult,Male,USA,Basic,Drama,30,Tablet,7.24,2024-12-07,2026-01-24,12,Yes
572,James Miller,45,Adult,Female,UK,Premium,Cartoon,27,Laptop,19.9,2025-02-03,2026-05-01,46,Yes
573,Jonathan Kramer,16,Kids,Female,Australia,Premium,Action,50,Laptop,15.59,2021-11-27,2026-01-03,38,No
574,Kimberly Curtis,32,Adult,Male,UK,Basic,Fantasy,23,Mobile,5.06,2022-07-09,2026-05-11,16,Yes
575,James Wilson,60,Adult,Male,Germany,Basic,Thriller,46,Smart TV,6.82,2024-03-09,2026-05-21,42,No
576,Courtney Wood,28,Adult,Female,France,Premium,Drama,38,Tablet,16.56,2023-11-09,2026-04-05,15,No
577,James Wilson,41,Adult,Male,Canada,Standard,Documentary,41,Smart TV,17.99,2024-10-29,2026-04-10,34,No
578,Erik Kramer,42,Adult,Female,France,Basic,Sci-Fi,37,Laptop,19.61,2023-02-27,2026-02-22,37,No
579,Jonathan Wood,42,Adult,Female,USA,Standard,Romance,28,Mobile,9.98,2024-09-18,2026-05-21,37,No
580,David Mendoza,31,Adult,Female,USA,Standard,Sci-Fi,22,Tablet,5.6,2024-06-25,2026-05-25,40,No
581,David Sherman,25,Adult,Male,UK,Basic,Animation,41,Smart TV,9.85,2024-11-26,2026-03-23,38,No
582,Jo Clark,24,Adult,Male,UK,Basic,Action,42,Laptop,7.8,2024-11-08,2026-05-10,47,Yes
583,David Sherman,9,Kids,Female,France,Premium,Action,12,Tablet,15.73,2024-04-19,2026-04-11,16,Yes
584,Eddie Sherman,38,Adult,Female,Australia,Basic,Romance,21,Tablet,18.92,2024-01-17,2026-05-28,47,Yes
585,Mark Mendoza,44,Adult,Female,USA,Basic,Drama,48,Smart TV,6.85,2022-08-14,2026-04-20,29,No
586,Jonathan Curtis,65,Adult,Male,Canada,Standard,Cartoon,16,Tablet,16.94,2024-12-08,2026-01-10,17,No
587,Kimberly Miller,6,Kids,Male,Germany,Premium,Cartoon,15,Mobile,5.51,2022-10-08,2026-04-10,37,Yes
588,James Curtis,53,Adult,Female,Canada,Basic,Animation,22,Smart TV,9.16,2022-07-26,2026-05-21,20,No
589,Eddie Sherman,40,Adult,Male,France,Standard,Thriller,33,Smart TV,11.03,2021-11-05,2026-05-17,38,No
590,Jonathan Mendoza,6,Kids,Female,Canada,Basic,Fantasy,31,Smart TV,14.44,2022-05-29,2026-03-24,27,Yes
591,James Garza,66,Adult,Female,India,Premium,Action,28,Tablet,15.1,2022-06-03,2026-03-05,26,Yes
592,Eddie Wilson,11,Kids,Male,UK,Standard,Cartoon,16,Tablet,12.83,2024-06-16,2026-03-06,48,No
593,Eddie Clark,22,Adult,Female,France,Premium,Horror,49,Tablet,14.75,2024-11-17,2026-05-05,19,No
594,Timothy Clark,49,Adult,Female,UK,Premium,Thriller,14,Tablet,11.08,2024-04-03,2026-06-01,41,Yes
595,Mark Kramer,43,Adult,Female,USA,Premium,Thriller,16,Tablet,14.33,2025-02-04,2026-02-21,9,No
596,Courtney Garza,56,Adult,Male,India,Basic,Animation,16,Mobile,9.86,2022-01-08,2026-05-25,29,Yes
597,Mark Clark,54,Adult,Male,Canada,Premium,Cartoon,34,Laptop,18.32,2022-04-08,2026-03-18,33,No
598,Timothy Wood,14,Kids,Female,USA,Premium,Sci-Fi,30,Mobile,13.95,2024-10-29,2026-04-13,48,Yes
599,Jo Curtis,25,Adult,Female,Australia,Premium,Sci-Fi,10,Smart TV,13.65,2023-08-29,2026-06-08,24,Yes
600,David Garza,53,Adult,Female,Australia,Basic,Documentary,40,Tablet,12.34,2021-12-09,2026-03-16,38,Yes
601,Jonathan Tucker,7,Kids,Male,Australia,Standard,Comedy,9,Tablet,14.47,2024-09-18,2026-01-04,50,Yes
602,Jonathan Mendoza,26,Adult,Male,Australia,Basic,Drama,26,Mobile,12.48,2022-10-03,2026-04-29,18,Yes
603,Courtney Sherman,13,Kids,Female,Canada,Standard,Family,17,Laptop,7.06,2023-01-10,2026-05-23,46,No
604,David Curtis,60,Adult,Male,UK,Basic,Drama,10,Laptop,16.78,2024-11-12,2026-04-22,8,Yes
605,Timothy Wood,5,Kids,Female,Canada,Basic,Fantasy,13,Mobile,14.86,2024-01-22,2026-03-28,24,No
606,David Wilson,12,Kids,Male,India,Standard,Thriller,41,Smart TV,15.95,2021-11-24,2026-04-20,33,No
607,Kimberly Curtis,26,Adult,Female,Germany,Basic,Documentary,16,Smart TV,18.61,2021-02-11,2026-04-04,42,No
608,Courtney Kramer,63,Adult,Male,India,Premium,Thriller,24,Tablet,14.82,2023-10-26,2026-06-07,27,Yes
609,Timothy Wilson,66,Adult,Female,USA,Basic,Action,28,Laptop,17.73,2023-03-13,2026-02-02,33,No
610,Eddie Sherman,15,Kids,Male,France,Basic,Sci-Fi,22,Tablet,8.72,2025-01-08,2026-04-15,21,No
611,Eddie Miller,47,Adult,Male,Australia,Premium,Documentary,41,Mobile,6.12,2024-05-27,2026-04-11,34,Yes
612,James Wilson,12,Kids,Male,Australia,Standard,Comedy,24,Smart TV,18.25,2023-01-25,2026-01-16,49,Yes
613,Timothy Curtis,51,Adult,Male,Canada,Premium,Sci-Fi,41,Tablet,17.03,2021-12-01,2026-01-13,10,Yes
614,Jonathan Mendoza,8,Kids,Male,Australia,Basic,Family,6,Tablet,11.21,2023-11-27,2026-05-09,17,Yes
615,Kimberly Miller,51,Adult,Female,Canada,Premium,Cartoon,20,Laptop,5.47,2021-05-29,2026-05-02,22,No
616,Jo Mendoza,50,Adult,Female,France,Standard,Animation,34,Smart TV,12.25,2024-01-14,2026-01-27,41,No
617,Erik Tucker,49,Adult,Male,USA,Basic,Romance,5,Smart TV,16.03,2021-09-08,2026-01-16,50,No
618,Kimberly Garza,28,Adult,Male,UK,Standard,Sci-Fi,48,Mobile,19.69,2024-10-07,2026-05-29,42,Yes
619,Eddie Miller,14,Kids,Male,France,Standard,Romance,31,Mobile,15.58,2022-08-21,2026-01-29,45,No
620,Timothy Miller,66,Adult,Male,India,Basic,Drama,48,Laptop,15.01,2022-12-25,2026-01-14,5,Yes
621,Courtney Mendoza,11,Kids,Male,UK,Standard,Romance,32,Smart TV,10.56,2024-05-13,2026-01-06,38,No
622,James Garza,48,Adult,Female,UK,Standard,Animation,50,Mobile,11.83,2024-01-29,2026-05-04,33,Yes
623,Jonathan Miller,38,Adult,Male,UK,Basic,Documentary,43,Laptop,12.64,2021-11-04,2026-01-31,11,Yes
624,Courtney Clark,70,Adult,Female,Australia,Standard,Sci-Fi,43,Tablet,6.21,2024-08-26,2026-03-18,35,No
625,Jo Mendoza,56,Adult,Male,Canada,Basic,Comedy,20,Smart TV,12.77,2023-06-22,2026-04-08,44,No
626,Kimberly Curtis,35,Adult,Male,India,Standard,Romance,9,Smart TV,6.41,2024-02-25,2026-01-08,11,No
627,James Kramer,31,Adult,Female,Canada,Basic,Romance,29,Tablet,5.97,2022-05-08,2026-02-22,18,Yes
628,Eddie Garza,60,Adult,Male,Germany,Standard,Sci-Fi,11,Smart TV,13.16,2022-08-08,2026-01-30,13,Yes
629,Mark Sherman,12,Kids,Female,Canada,Standard,Romance,7,Mobile,16.99,2022-10-06,2026-06-10,23,Yes
630,Timothy Tucker,50,Adult,Female,Germany,Standard,Cartoon,31,Smart TV,17.97,2021-01-15,2026-01-18,21,No
631,Timothy Kramer,6,Kids,Male,India,Premium,Romance,38,Smart TV,16.09,2021-09-21,2026-06-08,33,Yes
632,Mark Miller,52,Adult,Female,USA,Premium,Family,16,Laptop,19.06,2024-09-25,2026-02-13,11,No
633,David Clark,9,Kids,Male,India,Standard,Cartoon,33,Tablet,14.61,2021-11-30,2026-03-30,12,Yes
634,Eddie Miller,35,Adult,Male,Germany,Premium,Family,27,Smart TV,11.61,2021-06-23,2026-02-01,23,No
635,Kimberly Kramer,50,Adult,Female,USA,Premium,Romance,30,Mobile,17.36,2022-06-18,2026-03-04,24,No
636,Erik Curtis,65,Adult,Male,Germany,Basic,Fantasy,26,Laptop,15.01,2024-07-18,2026-02-20,1,Yes
637,Jonathan Wood,13,Kids,Female,Australia,Premium,Cartoon,34,Tablet,14.08,2024-12-15,2026-01-11,2,Yes
638,Jonathan Sherman,54,Adult,Female,India,Premium,Action,19,Smart TV,6.52,2023-07-20,2026-01-31,1,No
639,David Curtis,56,Adult,Female,Australia,Basic,Thriller,40,Tablet,14.2,2022-01-06,2026-04-17,41,Yes
640,Timothy Wilson,63,Adult,Female,USA,Standard,Horror,27,Laptop,10.42,2022-12-22,2026-03-22,1,No
641,Erik Kramer,58,Adult,Female,India,Premium,Documentary,49,Laptop,15.4,2023-12-24,2026-04-03,1,Yes
642,Kimberly Kramer,48,Adult,Female,USA,Standard,Action,24,Tablet,9.92,2024-05-04,2026-03-10,3,Yes
643,Jonathan Clark,70,Adult,Female,Germany,Premium,Animation,16,Tablet,17.68,2022-12-12,2026-05-10,15,No
644,Courtney Wood,37,Adult,Female,France,Basic,Cartoon,22,Tablet,18.77,2021-09-23,2026-02-20,26,Yes
645,Courtney Wilson,10,Kids,Male,Australia,Premium,Action,28,Laptop,13.5,2021-04-27,2026-04-30,26,No
646,Jonathan Miller,12,Kids,Female,India,Premium,Animation,31,Smart TV,17.94,2023-02-08,2026-01-11,31,No
647,Kimberly Kramer,22,Adult,Female,USA,Standard,Family,32,Laptop,8.92,2024-05-08,2026-04-21,19,Yes
648,James Kramer,35,Adult,Female,France,Basic,Fantasy,11,Laptop,16.13,2021-08-03,2026-04-13,37,No
649,Erik Curtis,25,Adult,Female,Australia,Standard,Horror,15,Smart TV,16.61,2022-12-28,2026-03-14,45,No
650,Jo Miller,45,Adult,Male,Australia,Premium,Comedy,21,Tablet,15.9,2022-07-31,2026-02-21,40,No
651,Erik Wood,59,Adult,Male,India,Standard,Documentary,23,Smart TV,9.17,2024-10-11,2026-04-29,12,No
652,James Garza,35,Adult,Female,Australia,Basic,Family,22,Laptop,8.29,2022-07-22,2026-02-12,44,Yes
653,Jo Wilson,49,Adult,Female,France,Premium,Action,11,Mobile,11.55,2022-06-23,2026-02-17,48,No
654,Mark Wilson,27,Adult,Female,UK,Standard,Horror,33,Smart TV,13.98,2021-06-04,2026-05-08,38,Yes
655,Kimberly Clark,32,Adult,Male,France,Basic,Thriller,12,Laptop,16.82,2022-09-06,2026-01-16,6,Yes
656,James Wilson,44,Adult,Male,Germany,Basic,Sci-Fi,39,Mobile,5.37,2021-05-27,2026-05-27,6,No
657,James Miller,32,Adult,Female,USA,Basic,Documentary,32,Tablet,12.7,2024-08-20,2026-05-05,23,Yes
658,Jonathan Kramer,25,Adult,Female,USA,Basic,Thriller,40,Tablet,9.6,2024-02-11,2026-05-03,35,Yes
659,Timothy Wood,22,Adult,Female,UK,Basic,Horror,16,Laptop,7,2024-06-25,2026-01-09,28,Yes
660,Eddie Kramer,66,Adult,Female,Canada,Premium,Sci-Fi,46,Mobile,17.3,2021-05-22,2026-02-14,7,Yes
661,Courtney Clark,37,Adult,Female,Australia,Premium,Comedy,24,Mobile,9.23,2022-02-08,2026-03-03,26,No
662,Eddie Kramer,54,Adult,Female,France,Standard,Fantasy,21,Laptop,13.71,2023-02-07,2026-04-24,43,Yes
663,Jonathan Miller,25,Adult,Male,Germany,Standard,Documentary,39,Smart TV,12.3,2022-08-07,2026-02-16,22,No
664,Jonathan Clark,52,Adult,Female,Canada,Premium,Drama,38,Mobile,18.18,2024-03-31,2026-03-02,50,Yes
665,David Miller,67,Adult,Male,France,Premium,Cartoon,13,Tablet,19.01,2021-09-13,2026-06-10,37,Yes
666,Courtney Tucker,53,Adult,Female,Australia,Standard,Animation,25,Smart TV,15.12,2022-11-02,2026-04-17,34,Yes
667,Timothy Tucker,33,Adult,Male,Australia,Basic,Family,14,Smart TV,14.83,2021-08-21,2026-03-23,13,Yes
668,Mark Wood,50,Adult,Male,Australia,Standard,Action,43,Smart TV,17.92,2023-10-08,2026-05-30,45,No
669,Erik Sherman,69,Adult,Male,Australia,Standard,Action,42,Laptop,8.74,2021-10-26,2026-04-13,29,Yes
670,Jonathan Kramer,23,Adult,Male,India,Basic,Cartoon,18,Laptop,7.75,2021-11-29,2026-05-18,46,Yes
671,Eddie Garza,42,Adult,Male,Germany,Premium,Cartoon,34,Mobile,10.55,2022-08-03,2026-02-16,43,Yes
672,Erik Mendoza,45,Adult,Male,USA,Standard,Sci-Fi,8,Laptop,11.8,2022-04-01,2026-05-16,29,Yes
673,James Clark,34,Adult,Male,Germany,Standard,Horror,28,Tablet,12.98,2024-12-16,2026-03-17,49,Yes
674,Mark Clark,10,Kids,Male,UK,Basic,Family,9,Smart TV,15.36,2023-04-01,2026-05-12,32,Yes
675,Jo Wood,31,Adult,Female,USA,Basic,Thriller,6,Smart TV,12.22,2023-08-16,2026-05-24,11,Yes
676,Jonathan Mendoza,45,Adult,Female,Australia,Standard,Romance,26,Laptop,14.66,2022-11-18,2026-03-14,26,Yes
677,Jonathan Sherman,57,Adult,Male,Germany,Basic,Romance,43,Mobile,9.26,2021-04-01,2026-03-24,8,No
678,David Tucker,28,Adult,Male,Canada,Standard,Comedy,29,Smart TV,18.93,2024-01-27,2026-04-14,31,No
679,Kimberly Wood,8,Kids,Female,Australia,Premium,Cartoon,39,Smart TV,14.83,2021-08-19,2026-04-17,9,No
680,Kimberly Garza,16,Kids,Male,UK,Premium,Sci-Fi,47,Laptop,11.57,2023-02-15,2026-01-14,50,Yes
681,Courtney Wilson,56,Adult,Female,Australia,Standard,Horror,35,Mobile,18.46,2025-01-01,2026-03-14,14,Yes
682,James Tucker,37,Adult,Female,France,Premium,Horror,16,Tablet,19.73,2021-03-20,2026-02-22,19,Yes
683,Kimberly Tucker,50,Adult,Female,USA,Basic,Drama,15,Tablet,16.13,2021-08-23,2026-02-09,49,No
684,Kimberly Mendoza,67,Adult,Female,USA,Standard,Fantasy,34,Tablet,6.4,2024-10-25,2026-02-07,15,No
685,David Wilson,7,Kids,Male,Germany,Basic,Cartoon,22,Mobile,10.53,2024-02-20,2026-04-30,2,No
686,Jo Wood,37,Adult,Female,France,Basic,Sci-Fi,24,Smart TV,16.58,2023-01-30,2026-04-07,48,No
687,Kimberly Mendoza,19,Adult,Male,Canada,Premium,Horror,17,Mobile,6.11,2023-10-24,2026-04-26,39,Yes
688,David Curtis,26,Adult,Male,Australia,Premium,Comedy,30,Tablet,12.91,2023-06-02,2026-03-29,22,Yes
689,Jo Wood,17,Kids,Male,France,Standard,Documentary,29,Laptop,6.21,2024-08-15,2026-04-12,4,Yes
690,James Tucker,20,Adult,Male,Australia,Standard,Family,34,Tablet,14.58,2022-08-27,2026-01-27,19,Yes
691,Erik Mendoza,61,Adult,Female,UK,Standard,Documentary,35,Tablet,18.46,2021-05-19,2026-04-12,30,Yes
692,James Miller,66,Adult,Male,Germany,Standard,Family,41,Laptop,7.59,2024-09-03,2026-02-10,31,No
693,Erik Miller,28,Adult,Female,France,Premium,Animation,16,Tablet,18.72,2022-10-15,2026-05-01,24,No
694,Courtney Curtis,32,Adult,Male,Germany,Basic,Action,5,Tablet,19.31,2023-10-01,2026-04-13,9,Yes
695,Erik Garza,9,Kids,Female,Germany,Premium,Action,47,Tablet,5.82,2024-05-12,2026-05-29,15,No
696,James Mendoza,23,Adult,Female,UK,Premium,Sci-Fi,11,Tablet,9.91,2023-02-15,2026-04-15,41,No
697,David Wilson,12,Kids,Female,UK,Premium,Romance,30,Laptop,7.18,2023-10-21,2026-05-24,3,No
698,Mark Wilson,28,Adult,Female,Germany,Standard,Fantasy,41,Mobile,11.51,2024-07-27,2026-01-26,25,Yes
699,Jonathan Clark,40,Adult,Male,Australia,Standard,Thriller,34,Laptop,9.96,2023-08-01,2026-05-28,16,Yes
700,Kimberly Mendoza,69,Adult,Male,Australia,Premium,Cartoon,29,Smart TV,5.21,2022-04-19,2026-03-01,12,Yes
701,James Mendoza,65,Adult,Male,USA,Basic,Cartoon,42,Laptop,16.64,2023-11-09,2026-03-01,44,No
702,Courtney Miller,40,Adult,Female,USA,Basic,Fantasy,24,Mobile,8.13,2021-10-08,2026-03-09,24,No
703,James Wood,56,Adult,Female,France,Premium,Cartoon,29,Tablet,13.35,2023-09-28,2026-04-16,25,Yes
704,Erik Garza,7,Kids,Female,Canada,Standard,Thriller,30,Smart TV,14.08,2024-05-10,2026-05-22,7,Yes
705,Eddie Mendoza,52,Adult,Male,Germany,Premium,Cartoon,31,Smart TV,16.35,2024-01-17,2026-02-24,16,No
706,David Miller,7,Kids,Female,USA,Basic,Fantasy,28,Smart TV,16.47,2022-05-30,2026-03-08,46,No
707,Jo Curtis,63,Adult,Female,India,Basic,Sci-Fi,17,Tablet,17.48,2021-11-25,2026-01-01,27,No
708,Kimberly Garza,40,Adult,Female,India,Premium,Action,6,Mobile,8.91,2023-10-31,2026-03-02,16,Yes
709,David Kramer,39,Adult,Female,India,Standard,Documentary,25,Mobile,14.47,2021-11-12,2026-01-30,15,Yes
710,Jonathan Miller,34,Adult,Male,Australia,Standard,Cartoon,40,Mobile,19.49,2022-03-16,2026-03-20,30,No
711,Eddie Curtis,70,Adult,Male,USA,Standard,Romance,28,Mobile,6.97,2024-12-10,2026-03-26,5,Yes
712,David Wood,27,Adult,Female,India,Standard,Comedy,6,Tablet,8.34,2021-10-29,2026-03-02,44,No
713,Jo Curtis,62,Adult,Male,Canada,Basic,Horror,11,Mobile,14.35,2023-10-21,2026-04-02,15,Yes
714,Erik Wilson,9,Kids,Male,Germany,Basic,Romance,5,Smart TV,7.01,2024-11-25,2026-06-07,30,No
715,David Clark,9,Kids,Male,UK,Basic,Animation,23,Smart TV,15.86,2024-10-15,2026-06-05,25,Yes
716,Timothy Kramer,56,Adult,Male,India,Standard,Drama,17,Mobile,6.9,2024-04-01,2026-03-29,24,Yes
717,Mark Wilson,31,Adult,Male,Australia,Standard,Animation,40,Laptop,13.49,2021-08-19,2026-05-20,39,No
718,Eddie Curtis,37,Adult,Male,India,Premium,Documentary,26,Smart TV,8.41,2022-07-13,2026-05-01,4,Yes
719,Erik Miller,65,Adult,Male,France,Premium,Romance,5,Smart TV,10.51,2022-02-25,2026-01-10,40,No
720,Kimberly Miller,52,Adult,Male,Germany,Standard,Horror,47,Mobile,17.72,2023-11-16,2026-04-30,2,No
721,Eddie Miller,63,Adult,Female,Australia,Premium,Documentary,30,Mobile,7.98,2024-12-04,2026-04-09,9,Yes
722,Kimberly Clark,5,Kids,Male,Australia,Premium,Documentary,41,Mobile,17.78,2023-01-15,2026-04-06,15,Yes
723,Timothy Tucker,57,Adult,Female,Canada,Premium,Thriller,43,Laptop,10.95,2021-04-03,2026-03-16,28,No
724,James Clark,37,Adult,Male,Australia,Basic,Documentary,16,Laptop,12.84,2021-01-25,2026-03-11,47,No
725,Eddie Kramer,24,Adult,Female,USA,Basic,Comedy,6,Laptop,12.15,2022-11-16,2026-04-29,2,No
726,Jo Sherman,60,Adult,Male,Canada,Standard,Thriller,39,Smart TV,12.74,2021-11-07,2026-03-27,31,Yes
727,Jonathan Sherman,39,Adult,Female,UK,Basic,Comedy,46,Smart TV,15.3,2021-12-25,2026-02-10,49,Yes
728,James Wood,31,Adult,Female,UK,Standard,Fantasy,32,Laptop,19.88,2023-07-27,2026-02-17,37,Yes
729,Kimberly Miller,30,Adult,Male,France,Standard,Horror,15,Tablet,14.97,2021-03-20,2026-06-07,41,No
730,James Garza,44,Adult,Female,USA,Basic,Cartoon,35,Tablet,13.94,2024-12-11,2026-03-28,30,Yes
731,Mark Curtis,45,Adult,Male,USA,Standard,Horror,16,Laptop,5.19,2024-07-06,2026-01-09,38,Yes
732,Jonathan Curtis,23,Adult,Male,UK,Premium,Horror,44,Tablet,12.33,2023-09-10,2026-04-06,15,Yes
733,Jonathan Kramer,23,Adult,Female,Canada,Standard,Romance,20,Mobile,8.78,2021-12-01,2026-05-08,29,Yes
734,Jonathan Wood,47,Adult,Female,Canada,Standard,Drama,50,Smart TV,6.43,2023-03-20,2026-05-06,1,No
735,Courtney Sherman,15,Kids,Female,Australia,Premium,Family,15,Tablet,19.01,2021-01-20,2026-04-28,32,Yes
736,James Sherman,64,Adult,Male,UK,Premium,Sci-Fi,28,Tablet,16.11,2023-04-16,2026-02-04,13,Yes
737,David Clark,50,Adult,Female,India,Standard,Horror,13,Tablet,8.99,2021-04-02,2026-05-10,38,Yes
738,James Wood,52,Adult,Female,Germany,Premium,Fantasy,44,Tablet,5.61,2024-07-13,2026-05-08,41,Yes
739,Eddie Garza,55,Adult,Male,Australia,Basic,Fantasy,23,Tablet,6.21,2022-08-17,2026-04-04,37,No
740,James Wood,34,Adult,Female,Germany,Standard,Drama,12,Mobile,16.54,2021-03-24,2026-02-25,49,No
741,James Miller,53,Adult,Male,Australia,Basic,Cartoon,5,Smart TV,18.75,2025-01-12,2026-04-20,12,Yes
742,David Wood,57,Adult,Female,France,Basic,Thriller,21,Mobile,18.61,2021-09-02,2026-04-12,13,Yes
743,Kimberly Kramer,17,Kids,Female,France,Premium,Animation,40,Smart TV,17.04,2024-04-10,2026-01-23,29,No
744,James Kramer,33,Adult,Female,Australia,Standard,Animation,48,Smart TV,12.06,2024-11-11,2026-05-01,47,Yes
745,Erik Miller,25,Adult,Male,India,Standard,Family,44,Smart TV,19.11,2022-09-07,2026-02-09,7,Yes
746,Mark Wood,54,Adult,Female,France,Basic,Fantasy,44,Laptop,16.7,2023-06-29,2026-04-09,43,No
747,David Sherman,50,Adult,Female,UK,Basic,Horror,40,Tablet,11.04,2021-11-23,2026-06-03,19,No
748,Courtney Wood,52,Adult,Female,Germany,Standard,Family,45,Mobile,18.7,2024-03-25,2026-02-26,38,No
749,David Miller,17,Kids,Male,UK,Premium,Documentary,41,Laptop,17.58,2024-07-16,2026-05-18,2,Yes
750,James Wood,8,Kids,Female,France,Basic,Animation,38,Laptop,17.47,2021-06-16,2026-01-24,27,No
751,David Clark,44,Adult,Female,Germany,Premium,Documentary,18,Tablet,15.5,2022-02-27,2026-02-01,8,Yes
752,Mark Clark,49,Adult,Male,UK,Standard,Animation,47,Mobile,13.18,2021-07-04,2026-02-21,2,Yes
753,Jonathan Clark,42,Adult,Female,India,Premium,Romance,24,Laptop,11.48,2024-08-29,2026-06-09,34,Yes
754,Eddie Clark,17,Kids,Female,India,Premium,Sci-Fi,14,Smart TV,9.13,2022-10-14,2026-04-08,19,No
755,Timothy Clark,12,Kids,Female,India,Standard,Sci-Fi,19,Tablet,16.45,2022-09-18,2026-01-19,10,No
756,Jo Clark,24,Adult,Female,France,Premium,Comedy,49,Smart TV,9.98,2023-10-19,2026-06-02,40,No
757,Kimberly Sherman,59,Adult,Female,Australia,Premium,Animation,44,Tablet,16.39,2024-06-09,2026-02-12,42,Yes
758,Courtney Tucker,9,Kids,Male,Canada,Premium,Documentary,8,Mobile,8.11,2022-03-23,2026-05-22,18,No
759,Timothy Mendoza,52,Adult,Male,Canada,Premium,Action,38,Smart TV,10.72,2024-09-21,2026-03-26,37,Yes
760,Eddie Miller,39,Adult,Female,Germany,Basic,Comedy,37,Mobile,8.67,2021-11-17,2026-03-12,26,Yes
761,James Kramer,22,Adult,Female,UK,Premium,Drama,27,Mobile,17.11,2024-08-16,2026-05-18,5,No
762,Eddie Wood,39,Adult,Male,USA,Basic,Animation,14,Smart TV,8.99,2024-01-26,2026-02-26,35,Yes
763,Jonathan Kramer,45,Adult,Male,Canada,Premium,Cartoon,22,Smart TV,16.6,2024-03-03,2026-04-16,1,No
764,Erik Wood,9,Kids,Male,UK,Standard,Sci-Fi,17,Smart TV,9.41,2024-10-17,2026-05-31,28,Yes
765,Mark Mendoza,15,Kids,Male,Germany,Standard,Animation,6,Tablet,18.2,2021-12-01,2026-01-05,5,Yes
766,Jo Curtis,68,Adult,Male,Germany,Premium,Horror,38,Tablet,5.89,2024-08-03,2026-02-09,23,No
767,Kimberly Kramer,68,Adult,Female,UK,Premium,Animation,39,Mobile,18.34,2023-12-01,2026-05-20,12,Yes
768,Kimberly Wilson,45,Adult,Female,UK,Premium,Comedy,25,Mobile,19.3,2023-06-06,2026-04-19,11,Yes
769,Jonathan Curtis,49,Adult,Female,France,Standard,Sci-Fi,13,Mobile,12.46,2023-07-14,2026-05-23,36,Yes
770,Eddie Clark,35,Adult,Female,Germany,Premium,Romance,44,Tablet,13.76,2023-08-08,2026-02-08,24,Yes
771,Jo Sherman,26,Adult,Female,France,Basic,Cartoon,35,Mobile,17.56,2022-08-17,2026-03-30,30,Yes
772,Eddie Wood,43,Adult,Female,France,Standard,Drama,19,Mobile,12.09,2024-10-12,2026-02-23,13,No
773,Jonathan Garza,67,Adult,Female,USA,Basic,Romance,28,Tablet,9.95,2022-06-03,2026-01-11,50,No
774,Timothy Sherman,51,Adult,Female,France,Premium,Comedy,31,Tablet,16.41,2023-06-03,2026-01-06,26,No
775,Kimberly Garza,64,Adult,Female,India,Premium,Thriller,6,Smart TV,5.21,2023-02-24,2026-02-16,7,Yes
776,Eddie Curtis,12,Kids,Female,USA,Basic,Horror,24,Smart TV,11.61,2023-07-28,2026-03-21,22,Yes
777,Jonathan Wilson,44,Adult,Male,France,Basic,Cartoon,15,Mobile,13.84,2024-03-27,2026-01-17,4,Yes
778,Jonathan Mendoza,57,Adult,Male,USA,Premium,Horror,45,Laptop,19.73,2021-11-15,2026-03-08,10,No
779,Eddie Wilson,57,Adult,Female,Australia,Standard,Cartoon,26,Mobile,16.28,2023-03-05,2026-05-30,19,Yes
780,Eddie Garza,13,Kids,Male,India,Premium,Horror,22,Laptop,17.25,2021-10-27,2026-03-24,41,No
781,Timothy Sherman,39,Adult,Male,Germany,Premium,Drama,41,Mobile,10.22,2022-05-13,2026-01-16,13,Yes
782,David Garza,30,Adult,Female,Canada,Basic,Drama,10,Mobile,19.29,2023-04-07,2026-02-03,20,Yes
783,Courtney Clark,64,Adult,Male,France,Basic,Animation,30,Laptop,5.63,2021-01-24,2026-05-08,18,Yes
784,Erik Kramer,51,Adult,Female,Germany,Basic,Animation,16,Mobile,7.91,2024-03-03,2026-01-26,38,No
785,Jo Wilson,9,Kids,Male,Germany,Basic,Documentary,6,Tablet,14.7,2023-09-28,2026-04-11,12,Yes
786,Eddie Miller,68,Adult,Female,USA,Basic,Comedy,45,Laptop,7.9,2024-09-15,2026-05-22,10,Yes
787,Courtney Mendoza,57,Adult,Female,UK,Premium,Fantasy,37,Smart TV,19.07,2022-07-26,2026-04-30,47,No
788,Mark Mendoza,43,Adult,Female,Australia,Basic,Drama,31,Tablet,12.95,2021-08-25,2026-01-06,10,No
789,Timothy Miller,39,Adult,Female,UK,Premium,Horror,38,Mobile,13.92,2021-02-07,2026-01-13,11,No
790,David Kramer,66,Adult,Female,USA,Premium,Comedy,18,Mobile,10.63,2022-04-15,2026-02-21,21,No
791,Jonathan Wilson,56,Adult,Male,Germany,Standard,Sci-Fi,39,Mobile,9.2,2024-05-01,2026-02-08,49,Yes
792,Jo Mendoza,54,Adult,Male,UK,Standard,Animation,40,Tablet,13.39,2021-11-12,2026-06-06,17,No
793,Eddie Wilson,56,Adult,Male,India,Standard,Thriller,19,Laptop,6.24,2022-12-10,2026-04-22,44,No
794,Jonathan Clark,63,Adult,Female,Germany,Premium,Documentary,23,Mobile,14.09,2024-04-10,2026-01-15,5,Yes
795,Mark Curtis,9,Kids,Male,Germany,Premium,Action,32,Mobile,5.6,2024-05-15,2026-03-28,22,No
796,James Clark,18,Adult,Male,UK,Premium,Romance,43,Mobile,12.41,2024-08-03,2026-01-09,34,Yes
797,Jo Miller,54,Adult,Male,UK,Premium,Documentary,37,Laptop,18.28,2021-02-20,2026-04-17,14,Yes
798,Kimberly Kramer,40,Adult,Male,India,Basic,Drama,16,Mobile,18.19,2025-02-09,2026-05-22,27,Yes
799,Kimberly Tucker,58,Adult,Female,France,Basic,Action,7,Laptop,15.09,2021-10-17,2026-02-25,27,No
800,Jo Wood,61,Adult,Male,Germany,Basic,Drama,6,Laptop,18.94,2022-04-01,2026-01-20,17,Yes
801,Jo Curtis,62,Adult,Male,India,Basic,Family,16,Tablet,10.56,2022-10-14,2026-03-26,2,Yes
802,David Wilson,65,Adult,Female,Australia,Premium,Action,16,Laptop,11.83,2023-07-17,2026-04-30,7,Yes
803,Erik Miller,42,Adult,Male,USA,Standard,Sci-Fi,26,Mobile,7.43,2023-01-28,2026-05-20,27,No
804,David Mendoza,67,Adult,Male,USA,Standard,Comedy,13,Tablet,16.17,2022-12-05,2026-04-20,24,No
805,Kimberly Garza,42,Adult,Male,USA,Standard,Drama,44,Laptop,11.77,2023-03-23,2026-03-20,35,Yes
806,Timothy Kramer,48,Adult,Male,France,Basic,Drama,48,Smart TV,9.07,2021-08-24,2026-04-10,37,Yes
807,Mark Sherman,58,Adult,Male,Australia,Standard,Fantasy,32,Tablet,14.9,2021-12-12,2026-02-09,38,Yes
808,Jonathan Miller,66,Adult,Female,USA,Basic,Family,13,Smart TV,16.85,2021-04-15,2026-03-17,27,No
809,Kimberly Tucker,66,Adult,Male,France,Basic,Action,43,Laptop,13.55,2022-09-25,2026-03-21,34,No
810,James Mendoza,46,Adult,Female,UK,Basic,Thriller,26,Smart TV,12.1,2021-11-25,2026-05-25,44,No
811,Eddie Clark,29,Adult,Male,UK,Basic,Thriller,10,Laptop,15.4,2022-12-19,2026-02-01,23,No
812,James Sherman,51,Adult,Male,USA,Standard,Documentary,45,Laptop,14.29,2023-03-10,2026-05-26,31,Yes
813,Mark Mendoza,59,Adult,Female,Germany,Premium,Drama,28,Tablet,12.83,2024-01-28,2026-04-04,22,Yes
814,Kimberly Kramer,29,Adult,Female,USA,Standard,Thriller,33,Mobile,19.98,2022-07-04,2026-06-04,33,No
815,Courtney Garza,15,Kids,Female,Canada,Standard,Action,5,Tablet,11.13,2022-02-07,2026-03-30,6,No
816,Jonathan Miller,30,Adult,Female,India,Basic,Thriller,15,Laptop,18.51,2023-07-23,2026-01-08,13,No
817,Courtney Miller,57,Adult,Male,India,Basic,Comedy,32,Tablet,19.49,2022-01-11,2026-04-19,20,Yes
818,Kimberly Miller,21,Adult,Female,Canada,Basic,Documentary,23,Laptop,13.15,2023-03-29,2026-01-09,28,No
819,Eddie Wilson,65,Adult,Female,France,Standard,Documentary,10,Laptop,5.82,2023-02-14,2026-05-29,11,No
820,Jo Clark,34,Adult,Female,France,Standard,Romance,24,Mobile,16.36,2021-08-02,2026-05-13,5,No
821,Timothy Garza,36,Adult,Female,USA,Premium,Sci-Fi,6,Laptop,17.54,2024-01-02,2026-05-04,39,Yes
822,David Mendoza,22,Adult,Female,Australia,Standard,Action,17,Laptop,11.95,2023-06-03,2026-02-02,44,No
823,Mark Miller,54,Adult,Female,Germany,Standard,Drama,15,Smart TV,8.57,2024-06-29,2026-03-19,39,Yes
824,Jo Wood,22,Adult,Female,Canada,Premium,Comedy,48,Tablet,13.47,2021-12-06,2026-01-13,22,Yes
825,Kimberly Curtis,36,Adult,Female,UK,Premium,Documentary,44,Smart TV,7.06,2024-09-19,2026-03-06,24,No
826,Eddie Mendoza,22,Adult,Male,USA,Basic,Romance,5,Smart TV,15.01,2023-11-24,2026-01-12,48,Yes
827,Courtney Mendoza,54,Adult,Female,France,Premium,Horror,34,Smart TV,16.48,2023-02-22,2026-01-17,44,Yes
828,Timothy Mendoza,55,Adult,Male,Germany,Basic,Horror,5,Tablet,18.42,2021-09-26,2026-04-01,24,No
829,Jo Clark,50,Adult,Male,UK,Basic,Thriller,49,Laptop,5.1,2021-01-02,2026-01-24,3,No
830,Kimberly Garza,38,Adult,Female,Canada,Basic,Documentary,18,Mobile,14.81,2022-07-25,2026-01-29,21,Yes
831,Eddie Wood,63,Adult,Female,Germany,Standard,Thriller,15,Tablet,5.1,2023-11-13,2026-05-06,48,No
832,David Miller,14,Kids,Female,Canada,Premium,Documentary,23,Mobile,13.61,2024-02-14,2026-03-20,38,No
833,Mark Mendoza,59,Adult,Female,UK,Basic,Drama,36,Laptop,16.92,2022-01-04,2026-02-27,19,No
834,Kimberly Sherman,17,Kids,Female,France,Standard,Romance,8,Tablet,7.08,2023-03-19,2026-02-26,42,Yes
835,Kimberly Tucker,7,Kids,Female,UK,Standard,Horror,41,Mobile,19.55,2021-01-04,2026-03-21,32,Yes
836,Courtney Wilson,22,Adult,Male,Germany,Basic,Fantasy,15,Tablet,12.29,2025-01-07,2026-01-16,44,No
837,Timothy Curtis,65,Adult,Female,UK,Standard,Comedy,36,Mobile,7.33,2024-08-05,2026-05-15,31,No
838,David Miller,16,Kids,Male,France,Basic,Drama,44,Tablet,14.69,2021-12-03,2026-03-27,15,No
839,Kimberly Sherman,57,Adult,Male,India,Standard,Cartoon,43,Mobile,15.69,2023-01-05,2026-06-04,10,No
840,Timothy Clark,20,Adult,Female,France,Basic,Thriller,39,Tablet,9.93,2021-02-25,2026-05-13,8,No
841,Eddie Sherman,42,Adult,Female,Canada,Basic,Cartoon,6,Tablet,7.05,2021-03-30,2026-03-19,22,Yes
842,David Wood,59,Adult,Female,Australia,Standard,Cartoon,14,Mobile,9.65,2021-07-12,2026-01-20,12,No
843,David Mendoza,68,Adult,Female,Australia,Premium,Animation,39,Laptop,11.29,2021-09-24,2026-03-02,29,No
844,Kimberly Sherman,43,Adult,Male,UK,Standard,Romance,46,Mobile,11.32,2024-02-14,2026-03-08,48,No
845,Eddie Kramer,58,Adult,Female,France,Premium,Cartoon,32,Laptop,17.61,2021-11-16,2026-01-13,31,No
846,David Kramer,32,Adult,Male,USA,Premium,Thriller,45,Tablet,10.41,2024-10-15,2026-03-09,36,Yes
847,Mark Wilson,43,Adult,Female,Canada,Premium,Cartoon,31,Laptop,7.11,2022-01-02,2026-02-02,7,No
848,James Mendoza,69,Adult,Female,UK,Premium,Sci-Fi,24,Tablet,18.41,2021-05-26,2026-02-13,38,Yes
849,David Sherman,53,Adult,Female,France,Standard,Fantasy,34,Laptop,17.72,2022-11-21,2026-01-23,35,Yes
850,Jonathan Clark,25,Adult,Male,UK,Premium,Cartoon,28,Mobile,11,2024-08-06,2026-01-31,25,Yes
851,Timothy Wilson,28,Adult,Female,UK,Standard,Action,28,Mobile,13.98,2022-08-27,2026-02-04,48,No
852,Eddie Tucker,19,Adult,Male,Germany,Premium,Sci-Fi,37,Laptop,15.61,2022-08-11,2026-02-10,28,Yes
853,Mark Kramer,12,Kids,Male,Germany,Standard,Comedy,37,Tablet,13.27,2021-08-24,2026-05-09,43,No
854,James Mendoza,32,Adult,Male,Australia,Standard,Action,34,Tablet,6.1,2021-10-30,2026-01-10,6,No
855,Erik Tucker,69,Adult,Female,Canada,Basic,Horror,25,Laptop,14.6,2021-05-11,2026-02-15,3,No
856,James Curtis,16,Kids,Male,Canada,Standard,Sci-Fi,9,Tablet,15.57,2021-12-25,2026-01-07,37,Yes
857,Kimberly Sherman,59,Adult,Female,Canada,Premium,Comedy,8,Laptop,13.42,2021-10-25,2026-01-17,32,No
858,Courtney Miller,11,Kids,Male,France,Standard,Cartoon,5,Tablet,6.47,2024-09-19,2026-04-01,9,Yes
859,Courtney Wood,5,Kids,Male,Canada,Premium,Sci-Fi,9,Tablet,9.48,2021-06-30,2026-04-05,41,Yes
860,Jonathan Tucker,15,Kids,Male,USA,Basic,Documentary,5,Mobile,11.53,2022-08-08,2026-05-08,50,No
861,David Wood,51,Adult,Male,USA,Premium,Documentary,8,Laptop,5.21,2024-05-28,2026-01-11,41,Yes
862,Eddie Wood,39,Adult,Male,India,Standard,Fantasy,15,Smart TV,5.68,2021-04-01,2026-05-31,15,Yes
863,Timothy Miller,5,Kids,Female,Germany,Basic,Documentary,16,Laptop,18.16,2022-06-11,2026-02-22,24,Yes
864,Erik Miller,39,Adult,Female,India,Basic,Fantasy,19,Laptop,9.96,2024-09-06,2026-04-13,40,Yes
865,Timothy Garza,41,Adult,Female,Australia,Standard,Horror,26,Laptop,8.35,2024-03-23,2026-05-16,18,Yes
866,James Curtis,31,Adult,Male,France,Standard,Comedy,25,Tablet,9.95,2024-07-09,2026-04-01,8,No
867,Jonathan Kramer,58,Adult,Male,UK,Standard,Action,35,Laptop,12.9,2023-10-21,2026-01-01,22,Yes
868,Courtney Miller,38,Adult,Female,Canada,Basic,Thriller,39,Mobile,18.43,2023-03-29,2026-02-23,32,No
869,Erik Sherman,48,Adult,Female,Germany,Standard,Family,35,Laptop,17.99,2024-08-24,2026-02-15,7,No
870,Kimberly Sherman,62,Adult,Female,France,Standard,Thriller,30,Mobile,12.94,2023-10-19,2026-01-08,38,Yes
871,James Wood,58,Adult,Female,Canada,Premium,Sci-Fi,12,Mobile,19.26,2022-01-04,2026-01-10,37,No
872,Timothy Mendoza,42,Adult,Male,India,Premium,Romance,22,Smart TV,18.45,2023-08-09,2026-02-17,19,Yes
873,Jo Mendoza,11,Kids,Female,India,Basic,Animation,33,Mobile,5.48,2024-10-25,2026-03-06,30,Yes
874,Kimberly Wood,55,Adult,Female,Germany,Premium,Thriller,29,Tablet,12.32,2024-03-16,2026-01-28,2,No
875,James Miller,53,Adult,Female,Australia,Premium,Horror,6,Mobile,6.05,2023-01-09,2026-01-22,4,No
876,Courtney Miller,31,Adult,Female,India,Standard,Fantasy,34,Laptop,5.63,2021-04-01,2026-03-16,30,Yes
877,James Clark,26,Adult,Female,UK,Premium,Thriller,31,Smart TV,7.5,2024-06-29,2026-05-02,32,No
878,Eddie Wilson,46,Adult,Female,India,Standard,Fantasy,32,Mobile,11.29,2024-01-04,2026-04-26,22,Yes
879,Mark Tucker,60,Adult,Female,Germany,Standard,Comedy,32,Mobile,14.96,2024-01-01,2026-02-13,49,No
880,Jonathan Wood,70,Adult,Male,Canada,Standard,Romance,15,Laptop,8.63,2023-07-20,2026-04-11,36,Yes
881,Courtney Mendoza,56,Adult,Female,USA,Basic,Animation,28,Smart TV,7.3,2021-01-14,2026-05-21,33,Yes
882,Kimberly Sherman,59,Adult,Male,USA,Basic,Drama,37,Laptop,8.8,2023-03-31,2026-06-04,9,Yes
883,David Mendoza,41,Adult,Female,Australia,Basic,Horror,40,Mobile,17.45,2021-06-28,2026-04-06,50,No
884,Kimberly Wood,36,Adult,Female,USA,Standard,Action,22,Tablet,8.95,2023-01-15,2026-04-07,27,No
885,Jo Curtis,28,Adult,Female,Australia,Basic,Thriller,39,Mobile,7.63,2021-06-23,2026-05-08,45,Yes
886,Kimberly Garza,19,Adult,Female,Australia,Basic,Sci-Fi,40,Laptop,10.05,2023-09-21,2026-03-01,30,Yes
887,James Wood,39,Adult,Male,France,Premium,Cartoon,23,Smart TV,18.18,2023-09-22,2026-02-14,20,Yes
888,Mark Clark,48,Adult,Female,India,Basic,Cartoon,7,Laptop,16.23,2024-03-06,2026-02-01,7,Yes
889,Timothy Curtis,7,Kids,Female,India,Standard,Horror,40,Smart TV,7.46,2021-05-24,2026-02-08,25,Yes
890,Eddie Curtis,63,Adult,Female,Germany,Basic,Thriller,11,Tablet,13.51,2024-04-21,2026-04-20,23,No
891,Jonathan Sherman,21,Adult,Female,India,Basic,Horror,18,Laptop,13.25,2023-02-12,2026-01-29,30,Yes
892,Eddie Clark,22,Adult,Male,Germany,Basic,Romance,29,Smart TV,7.8,2022-07-08,2026-01-28,42,No
893,David Mendoza,64,Adult,Male,France,Standard,Comedy,26,Laptop,19.7,2023-09-27,2026-01-28,8,No
894,Mark Wood,70,Adult,Male,USA,Basic,Family,9,Tablet,18.2,2023-10-24,2026-01-28,44,No
895,Jo Tucker,51,Adult,Female,India,Basic,Drama,21,Laptop,15.94,2022-10-09,2026-04-02,30,No
896,Timothy Curtis,49,Adult,Female,Australia,Basic,Fantasy,9,Laptop,14.08,2023-12-08,2026-01-19,44,No
897,Kimberly Wood,46,Adult,Male,Germany,Standard,Animation,50,Laptop,17.28,2022-06-08,2026-04-22,26,Yes
898,David Tucker,54,Adult,Male,Germany,Premium,Sci-Fi,38,Smart TV,16.24,2023-07-07,2026-03-03,37,Yes
899,Timothy Mendoza,48,Adult,Female,Australia,Premium,Thriller,32,Laptop,11.02,2023-11-26,2026-05-13,27,Yes
900,David Miller,52,Adult,Male,France,Basic,Family,26,Mobile,18.55,2022-04-12,2026-04-13,26,Yes
901,James Garza,14,Kids,Male,India,Premium,Action,36,Tablet,14.67,2024-12-07,2026-02-15,45,No
902,Erik Clark,6,Kids,Male,Australia,Basic,Horror,50,Smart TV,7.66,2022-03-03,2026-01-08,26,No
903,Jonathan Mendoza,46,Adult,Female,France,Premium,Animation,21,Smart TV,13.85,2022-02-08,2026-01-01,28,No
904,Eddie Kramer,48,Adult,Male,France,Premium,Drama,35,Tablet,18.05,2025-01-30,2026-04-07,28,No
905,James Wilson,53,Adult,Female,USA,Premium,Thriller,36,Laptop,14.49,2024-10-25,2026-04-20,11,Yes
906,Jo Garza,45,Adult,Male,Canada,Standard,Sci-Fi,39,Mobile,15.08,2024-07-19,2026-04-30,22,No
907,Erik Wood,52,Adult,Male,Canada,Premium,Thriller,34,Tablet,18.22,2023-08-01,2026-04-20,20,No
908,Kimberly Tucker,7,Kids,Female,Germany,Basic,Thriller,24,Tablet,18.81,2021-09-13,2026-04-01,35,Yes
909,Courtney Clark,12,Kids,Female,Germany,Standard,Family,21,Laptop,13.51,2023-12-19,2026-04-28,4,Yes
910,Erik Garza,17,Kids,Female,India,Basic,Horror,42,Mobile,8.62,2023-07-21,2026-01-01,6,Yes
911,Eddie Tucker,41,Adult,Male,USA,Basic,Drama,41,Tablet,16.55,2024-05-23,2026-02-17,41,No
912,Erik Sherman,70,Adult,Male,Germany,Basic,Documentary,17,Laptop,11.96,2021-10-03,2026-02-25,38,No
913,Erik Wilson,51,Adult,Female,Australia,Standard,Comedy,38,Mobile,5.8,2024-11-15,2026-02-17,40,No
914,Kimberly Garza,50,Adult,Male,Australia,Basic,Family,9,Laptop,10.09,2021-09-28,2026-03-04,11,No
915,Jo Garza,24,Adult,Male,USA,Premium,Comedy,27,Smart TV,19.14,2023-07-09,2026-03-04,43,No
916,James Curtis,61,Adult,Male,USA,Basic,Animation,9,Mobile,11.49,2024-12-10,2026-01-12,48,Yes
917,David Wood,11,Kids,Female,Australia,Premium,Comedy,36,Mobile,12.36,2021-06-18,2026-01-22,22,No
918,David Mendoza,41,Adult,Female,Australia,Premium,Sci-Fi,16,Mobile,6.77,2023-09-22,2026-04-01,50,No
919,Mark Curtis,52,Adult,Female,Germany,Premium,Animation,45,Laptop,18.3,2024-06-03,2026-02-03,4,No
920,Courtney Kramer,39,Adult,Female,France,Premium,Documentary,47,Laptop,13.11,2021-01-02,2026-01-24,23,No
921,James Tucker,10,Kids,Female,France,Basic,Sci-Fi,43,Laptop,15.95,2022-12-28,2026-02-26,12,Yes
922,James Wilson,19,Adult,Female,USA,Premium,Family,41,Mobile,12.94,2022-11-30,2026-03-14,14,No
923,Jo Miller,53,Adult,Male,UK,Premium,Comedy,50,Smart TV,6.46,2021-05-07,2026-02-18,20,No
924,Courtney Sherman,52,Adult,Female,Canada,Premium,Sci-Fi,32,Mobile,14.5,2021-12-22,2026-03-31,2,Yes
925,James Curtis,20,Adult,Female,Canada,Basic,Documentary,32,Mobile,5.85,2021-06-07,2026-05-13,35,No
926,Erik Tucker,17,Kids,Female,Canada,Standard,Drama,26,Tablet,14.43,2022-07-06,2026-03-13,32,No
927,James Garza,24,Adult,Female,Canada,Basic,Sci-Fi,47,Mobile,5.04,2024-09-07,2026-03-14,28,Yes
928,Erik Clark,24,Adult,Male,UK,Basic,Fantasy,31,Laptop,9.72,2024-02-26,2026-05-10,30,No
929,Eddie Garza,37,Adult,Female,Germany,Standard,Fantasy,24,Laptop,6.23,2021-04-20,2026-03-31,24,Yes
930,Eddie Clark,68,Adult,Male,Germany,Premium,Thriller,32,Mobile,8.01,2024-01-25,2026-02-11,42,No
931,Eddie Clark,14,Kids,Female,France,Basic,Comedy,15,Laptop,11.91,2022-10-13,2026-02-27,29,Yes
932,Jo Tucker,67,Adult,Female,Australia,Standard,Romance,12,Mobile,18.33,2022-09-26,2026-05-24,39,Yes
933,Erik Kramer,33,Adult,Female,Australia,Premium,Drama,12,Mobile,16.27,2021-09-01,2026-04-21,19,No
934,Jo Clark,38,Adult,Male,India,Premium,Thriller,37,Laptop,12.99,2022-04-09,2026-01-28,27,No
935,Jonathan Kramer,41,Adult,Female,France,Basic,Thriller,44,Smart TV,10.19,2023-02-20,2026-01-27,37,No
936,Erik Mendoza,41,Adult,Female,UK,Basic,Action,25,Tablet,8.41,2024-01-28,2026-06-01,10,Yes
937,Eddie Wilson,56,Adult,Female,USA,Standard,Action,17,Mobile,10.62,2021-08-19,2026-01-01,41,Yes
938,Eddie Sherman,51,Adult,Female,Australia,Standard,Documentary,29,Tablet,10.27,2022-02-11,2026-01-30,21,Yes
939,Timothy Garza,9,Kids,Female,France,Premium,Fantasy,17,Laptop,10.32,2022-10-28,2026-03-22,21,No
940,Mark Miller,31,Adult,Female,UK,Basic,Comedy,15,Laptop,17.18,2023-05-31,2026-01-31,3,No
941,Kimberly Kramer,57,Adult,Male,Canada,Basic,Drama,49,Smart TV,12.3,2022-09-01,2026-02-07,15,Yes
942,Erik Garza,49,Adult,Male,France,Premium,Comedy,41,Laptop,5.31,2023-04-21,2026-04-07,35,Yes
943,Mark Tucker,29,Adult,Female,Germany,Basic,Sci-Fi,14,Mobile,18.49,2023-06-24,2026-04-09,41,No
944,Jo Kramer,66,Adult,Female,France,Basic,Romance,38,Smart TV,12.01,2024-12-02,2026-03-17,41,No
945,Courtney Garza,68,Adult,Female,France,Premium,Horror,26,Smart TV,15.52,2021-11-11,2026-03-08,37,No
946,Eddie Tucker,15,Kids,Male,India,Basic,Action,11,Laptop,16.03,2024-05-04,2026-02-08,42,Yes
947,Timothy Garza,23,Adult,Male,France,Standard,Fantasy,14,Smart TV,14.98,2023-04-08,2026-03-28,35,No
948,Erik Garza,13,Kids,Female,France,Premium,Comedy,38,Smart TV,11.68,2022-09-10,2026-05-27,34,No
949,Courtney Kramer,55,Adult,Male,Australia,Standard,Drama,44,Smart TV,5.59,2023-02-13,2026-05-21,30,Yes
950,Jonathan Garza,12,Kids,Female,France,Basic,Romance,47,Laptop,6.86,2025-01-21,2026-01-27,39,Yes
951,Eddie Garza,54,Adult,Male,Canada,Basic,Thriller,46,Tablet,12.92,2024-02-03,2026-04-05,36,Yes
952,Timothy Garza,50,Adult,Male,Canada,Standard,Documentary,9,Smart TV,9.23,2021-04-16,2026-03-11,28,No
953,Jonathan Mendoza,50,Adult,Male,Germany,Premium,Sci-Fi,8,Laptop,19.6,2021-10-15,2026-01-23,2,No
954,Jo Wood,24,Adult,Male,UK,Basic,Thriller,22,Mobile,18.79,2023-04-21,2026-05-16,9,No
955,Jo Clark,48,Adult,Female,Germany,Standard,Documentary,21,Smart TV,8.69,2023-02-07,2026-02-25,43,No
956,David Wood,62,Adult,Male,Australia,Premium,Comedy,6,Smart TV,7.36,2021-09-09,2026-02-04,30,Yes
957,James Tucker,53,Adult,Female,UK,Basic,Documentary,11,Tablet,19.44,2024-06-11,2026-03-12,31,Yes
958,Kimberly Sherman,10,Kids,Female,USA,Basic,Animation,11,Tablet,12.01,2024-08-18,2026-01-19,2,No
959,Eddie Mendoza,67,Adult,Female,India,Premium,Family,45,Tablet,17.76,2023-10-08,2026-03-18,29,Yes
960,James Mendoza,15,Kids,Female,Canada,Premium,Horror,28,Smart TV,12.5,2023-10-08,2026-02-02,2,No
961,David Miller,18,Adult,Female,Canada,Basic,Drama,22,Laptop,11.35,2024-02-05,2026-03-15,31,Yes
962,Erik Garza,15,Kids,Male,USA,Standard,Animation,25,Mobile,14.21,2023-04-23,2026-03-20,36,Yes
963,Erik Garza,58,Adult,Female,Germany,Premium,Documentary,20,Laptop,12.38,2024-11-30,2026-02-23,29,No
964,James Tucker,65,Adult,Male,UK,Standard,Drama,50,Smart TV,12.32,2024-12-12,2026-03-26,43,No
965,Courtney Sherman,62,Adult,Female,UK,Premium,Documentary,32,Mobile,8.09,2022-04-27,2026-05-27,48,Yes
966,Erik Curtis,29,Adult,Female,India,Standard,Documentary,18,Laptop,17.39,2024-07-27,2026-06-01,3,No
967,Mark Sherman,69,Adult,Male,UK,Basic,Fantasy,41,Mobile,11.7,2022-04-02,2026-02-17,50,No
968,Jo Wood,25,Adult,Male,Australia,Standard,Romance,21,Tablet,12.48,2022-04-16,2026-01-05,4,No
969,Mark Curtis,20,Adult,Male,India,Standard,Comedy,27,Mobile,18.67,2022-02-03,2026-05-16,47,No
970,David Clark,38,Adult,Female,India,Premium,Sci-Fi,38,Smart TV,14.26,2022-03-03,2026-04-25,7,Yes
971,Mark Wood,44,Adult,Female,Australia,Standard,Thriller,37,Smart TV,12.88,2024-02-22,2026-04-25,39,No
972,Timothy Clark,61,Adult,Male,India,Premium,Thriller,48,Laptop,8.51,2023-09-18,2026-02-23,19,No
973,Jo Sherman,63,Adult,Female,Australia,Premium,Documentary,49,Laptop,10.01,2024-02-25,2026-03-21,24,No
974,Kimberly Wilson,46,Adult,Female,Australia,Standard,Romance,19,Tablet,19.89,2022-09-08,2026-02-01,38,Yes
975,Jo Sherman,33,Adult,Male,UK,Standard,Family,32,Mobile,16.87,2025-02-07,2026-03-06,17,No
976,Kimberly Mendoza,46,Adult,Female,USA,Basic,Fantasy,21,Smart TV,13.21,2021-07-10,2026-02-11,46,Yes
977,Jo Wilson,35,Adult,Female,Germany,Basic,Animation,34,Mobile,9.57,2025-01-23,2026-03-12,10,Yes
978,Timothy Kramer,70,Adult,Male,Australia,Standard,Comedy,47,Laptop,10.12,2023-10-09,2026-04-03,9,No
979,Courtney Mendoza,7,Kids,Female,Canada,Basic,Horror,24,Smart TV,9.13,2025-01-05,2026-06-02,1,No
980,Timothy Wilson,34,Adult,Female,USA,Standard,Sci-Fi,39,Mobile,19.38,2021-11-08,2026-02-27,45,Yes
981,Erik Garza,20,Adult,Female,France,Basic,Action,15,Tablet,19.2,2024-09-08,2026-03-24,42,No
982,David Garza,56,Adult,Male,Canada,Basic,Romance,7,Tablet,19.94,2022-01-12,2026-04-06,21,No
983,Kimberly Sherman,55,Adult,Male,Germany,Basic,Family,35,Smart TV,5.25,2021-11-05,2026-03-14,49,Yes
984,Kimberly Wilson,7,Kids,Male,USA,Standard,Horror,16,Mobile,5.39,2024-02-08,2026-05-11,39,No
985,Courtney Wilson,38,Adult,Male,Canada,Basic,Sci-Fi,49,Smart TV,16.99,2022-12-26,2026-05-16,13,No
986,David Wilson,48,Adult,Male,Germany,Basic,Cartoon,38,Smart TV,9.09,2022-11-26,2026-01-06,34,No
987,Jonathan Wood,13,Kids,Male,Germany,Basic,Horror,18,Tablet,8.1,2022-12-24,2026-04-24,30,No
988,Mark Sherman,59,Adult,Female,France,Standard,Family,50,Mobile,16.46,2022-12-05,2026-01-23,23,Yes
989,Courtney Garza,11,Kids,Female,India,Basic,Cartoon,8,Laptop,11.12,2021-09-11,2026-01-25,42,No
990,Courtney Curtis,45,Adult,Female,France,Standard,Family,38,Mobile,13.82,2022-11-03,2026-03-06,3,Yes
991,Jo Mendoza,29,Adult,Male,France,Premium,Animation,21,Laptop,5.63,2022-04-20,2026-02-21,43,No
992,Mark Sherman,5,Kids,Female,India,Standard,Family,49,Tablet,18.44,2024-09-17,2026-03-08,2,No
993,Erik Wilson,61,Adult,Female,USA,Premium,Fantasy,40,Tablet,6.96,2022-10-09,2026-04-05,18,No
994,David Garza,54,Adult,Male,Australia,Premium,Comedy,47,Mobile,10.52,2022-10-04,2026-03-18,18,No
995,Timothy Clark,41,Adult,Male,USA,Basic,Action,38,Tablet,17.8,2022-05-07,2026-05-17,4,No
996,James Wilson,27,Adult,Male,France,Standard,Comedy,5,Tablet,5.95,2022-04-17,2026-06-01,47,Yes
997,Kimberly Clark,14,Kids,Male,France,Standard,Animation,45,Smart TV,17.3,2022-08-24,2026-02-05,49,Yes
998,James Kramer,58,Adult,Female,Australia,Standard,Action,37,Smart TV,10.18,2023-11-20,2026-05-07,9,Yes
999,Courtney Garza,13,Kids,Male,USA,Premium,Action,21,Mobile,14.68,2024-07-11,2026-05-17,10,No
1000,Jonathan Garza,66,Adult,Male,France,Standard,Thriller,14,Laptop,6.42,2024-08-16,2026-04-09,13,No
1001,Jonathan Wilson,13,Kids,Male,France,Standard,Comedy,45,Smart TV,6.48,2023-11-13,2026-04-24,28,Yes
1002,Mark Tucker,30,Adult,Male,Germany,Standard,Horror,31,Laptop,9.21,2023-07-08,2026-01-01,29,No
1003,Mark Garza,13,Kids,Female,UK,Standard,Sci-Fi,11,Mobile,7.2,2021-06-28,2026-02-08,49,Yes
1004,Kimberly Wilson,33,Adult,Male,Germany,Premium,Thriller,44,Smart TV,10.84,2023-06-18,2026-05-20,30,No
1005,Mark Wilson,24,Adult,Female,Australia,Premium,Documentary,44,Tablet,15.09,2021-11-28,2026-05-06,3,No
1006,Erik Sherman,37,Adult,Female,Germany,Premium,Cartoon,9,Smart TV,19.73,2024-10-20,2026-03-24,34,No
1007,Erik Clark,62,Adult,Male,Australia,Standard,Animation,5,Laptop,6.65,2023-07-16,2026-04-29,8,No
1008,Mark Miller,6,Kids,Male,France,Standard,Horror,17,Laptop,13.25,2023-01-22,2026-03-09,7,No
1009,Erik Garza,40,Adult,Female,UK,Standard,Romance,45,Tablet,15.65,2022-10-24,2026-05-19,7,Yes
1010,Courtney Garza,53,Adult,Male,Australia,Standard,Comedy,48,Mobile,18.53,2022-12-21,2026-05-25,43,Yes
1011,Jo Wilson,68,Adult,Male,France,Standard,Documentary,22,Smart TV,5.34,2021-02-15,2026-02-18,30,No
1012,Eddie Curtis,54,Adult,Female,Canada,Premium,Thriller,47,Tablet,13.32,2024-08-18,2026-04-25,3,No
1013,James Miller,52,Adult,Male,France,Basic,Animation,30,Tablet,16.94,2024-08-19,2026-05-08,31,Yes
1014,James Kramer,11,Kids,Male,France,Premium,Cartoon,23,Tablet,13.91,2022-08-23,2026-02-13,4,Yes
1015,Courtney Mendoza,66,Adult,Male,Australia,Basic,Fantasy,22,Laptop,15.55,2021-06-22,2026-05-24,35,No
1016,Jo Clark,6,Kids,Male,India,Standard,Horror,48,Mobile,17.86,2021-01-03,2026-05-10,10,Yes
1017,Eddie Wilson,53,Adult,Male,India,Premium,Fantasy,23,Tablet,9.14,2024-03-31,2026-04-05,9,Yes
1018,Erik Wood,13,Kids,Female,Germany,Premium,Action,49,Mobile,19.54,2023-02-26,2026-03-05,37,Yes
1019,Mark Tucker,46,Adult,Male,India,Basic,Animation,50,Laptop,11.02,2021-12-07,2026-03-20,18,Yes
1020,Jonathan Curtis,67,Adult,Female,UK,Standard,Family,48,Laptop,10.68,2025-01-18,2026-02-21,17,No
1021,Kimberly Curtis,63,Adult,Female,UK,Basic,Cartoon,8,Laptop,19.36,2022-10-05,2026-06-01,42,No
1022,Eddie Wilson,20,Adult,Male,Australia,Standard,Drama,13,Mobile,10.01,2024-06-22,2026-05-28,46,Yes
1023,James Garza,43,Adult,Male,UK,Standard,Sci-Fi,26,Smart TV,10.55,2022-08-12,2026-01-13,39,No
1024,David Miller,39,Adult,Male,France,Basic,Documentary,26,Mobile,9.38,2024-12-28,2026-03-28,49,Yes
1025,Jo Wood,62,Adult,Female,UK,Basic,Thriller,26,Laptop,7.79,2024-04-15,2026-05-03,29,Yes
1026,Erik Mendoza,44,Adult,Female,Australia,Basic,Drama,31,Laptop,10.49,2023-03-10,2026-02-06,3,No
1027,Kimberly Wilson,49,Adult,Female,Australia,Premium,Drama,42,Tablet,10.79,2023-01-05,2026-05-21,42,No
1028,Erik Sherman,58,Adult,Female,Germany,Standard,Horror,41,Mobile,15.43,2022-04-13,2026-05-02,47,Yes
1029,David Wilson,55,Adult,Male,Canada,Standard,Drama,10,Laptop,6.68,2024-08-15,2026-05-10,11,No
1030,Jo Curtis,39,Adult,Female,USA,Standard,Cartoon,40,Laptop,9.64,2024-09-14,2026-02-09,13,No
1031,Erik Sherman,7,Kids,Male,Australia,Basic,Horror,8,Smart TV,19.15,2021-02-24,2026-05-14,43,Yes
1032,Mark Kramer,25,Adult,Female,UK,Premium,Fantasy,19,Mobile,11.01,2024-02-25,2026-02-06,5,Yes
1033,Eddie Curtis,63,Adult,Male,Australia,Premium,Family,37,Laptop,19.74,2024-05-18,2026-01-04,13,No
1034,Courtney Wilson,5,Kids,Female,Germany,Basic,Family,29,Smart TV,8.09,2022-08-06,2026-04-12,45,No
1035,Jonathan Garza,42,Adult,Female,India,Basic,Animation,8,Tablet,13.11,2022-11-29,2026-06-02,27,Yes
1036,Mark Sherman,66,Adult,Female,India,Basic,Family,30,Smart TV,11.67,2023-07-23,2026-04-23,4,Yes
1037,Jonathan Mendoza,19,Adult,Male,USA,Premium,Action,10,Mobile,18.17,2024-10-05,2026-05-15,47,Yes
1038,Eddie Wilson,47,Adult,Male,India,Premium,Comedy,40,Laptop,11.08,2024-03-24,2026-01-27,28,No
1039,Jonathan Garza,65,Adult,Male,India,Basic,Thriller,26,Laptop,5.68,2024-05-23,2026-06-04,46,No
1040,Jo Curtis,63,Adult,Male,France,Premium,Fantasy,48,Mobile,9.9,2024-10-21,2026-02-01,35,Yes
1041,Courtney Miller,64,Adult,Female,Canada,Standard,Fantasy,24,Tablet,5.29,2021-04-17,2026-03-29,23,No
1042,Eddie Wilson,45,Adult,Male,Germany,Standard,Horror,10,Tablet,15.54,2021-06-03,2026-01-03,24,Yes
1043,Timothy Tucker,40,Adult,Female,India,Basic,Sci-Fi,43,Laptop,13.01,2024-03-09,2026-03-29,44,No
1044,Timothy Clark,15,Kids,Male,USA,Premium,Cartoon,44,Smart TV,12.68,2023-01-28,2026-04-23,4,Yes
1045,Jonathan Wood,11,Kids,Female,France,Premium,Cartoon,10,Smart TV,14.57,2021-01-03,2026-05-23,25,Yes
1046,Jonathan Kramer,60,Adult,Male,UK,Basic,Animation,6,Laptop,11.36,2024-01-22,2026-04-02,39,No
1047,Kimberly Clark,37,Adult,Female,Canada,Standard,Family,20,Tablet,5.3,2023-01-23,2026-05-29,30,Yes
1048,David Tucker,44,Adult,Female,India,Basic,Documentary,5,Mobile,8.64,2021-01-06,2026-04-28,31,Yes
1049,James Clark,10,Kids,Female,UK,Standard,Thriller,37,Laptop,17.69,2021-04-23,2026-03-29,29,Yes
1050,David Kramer,38,Adult,Male,Australia,Standard,Fantasy,36,Laptop,16.4,2024-11-30,2026-03-07,13,Yes
1051,Jo Wilson,34,Adult,Male,USA,Premium,Action,48,Tablet,6.86,2024-04-07,2026-03-02,13,Yes
1052,Erik Miller,10,Kids,Male,France,Premium,Sci-Fi,24,Tablet,8.32,2022-10-20,2026-04-10,22,Yes
1053,Kimberly Garza,17,Kids,Male,Australia,Premium,Action,42,Smart TV,7.07,2022-04-25,2026-02-27,30,No
1054,Jo Clark,52,Adult,Male,France,Premium,Documentary,37,Tablet,13.58,2023-03-17,2026-01-06,50,No
1055,Jonathan Sherman,49,Adult,Male,India,Premium,Fantasy,18,Tablet,17.31,2022-01-19,2026-03-10,29,No
1056,Courtney Wood,48,Adult,Male,Australia,Standard,Documentary,29,Laptop,7.31,2024-08-20,2026-03-05,25,Yes
1057,Erik Garza,69,Adult,Female,UK,Premium,Drama,25,Mobile,11.31,2021-09-16,2026-03-13,22,No
1058,David Miller,58,Adult,Male,UK,Premium,Action,21,Tablet,12.08,2021-06-22,2026-05-19,33,Yes
1059,Kimberly Wood,14,Kids,Male,India,Standard,Comedy,15,Laptop,19.68,2022-04-01,2026-03-28,31,No
1060,David Wilson,8,Kids,Female,Germany,Premium,Thriller,43,Smart TV,11.04,2022-02-18,2026-05-27,4,Yes
1061,Jonathan Tucker,64,Adult,Male,Germany,Premium,Action,33,Tablet,17.17,2021-09-28,2026-01-08,41,Yes
1062,Erik Sherman,9,Kids,Male,Canada,Premium,Romance,16,Tablet,12.39,2021-07-01,2026-03-14,2,No
1063,Jonathan Clark,7,Kids,Male,Germany,Standard,Animation,31,Smart TV,10.67,2024-03-04,2026-03-05,36,No
1064,Courtney Sherman,56,Adult,Male,Canada,Basic,Documentary,8,Smart TV,17.24,2023-05-26,2026-01-16,1,No
1065,Courtney Garza,37,Adult,Male,France,Basic,Cartoon,31,Laptop,16.3,2023-10-30,2026-03-11,18,No
1066,Mark Wood,45,Adult,Female,Australia,Standard,Documentary,21,Smart TV,6.73,2021-12-23,2026-01-28,49,No
1067,Timothy Sherman,50,Adult,Female,Germany,Premium,Animation,10,Smart TV,10.87,2021-01-09,2026-01-15,1,Yes
1068,Courtney Kramer,37,Adult,Female,Canada,Standard,Action,43,Smart TV,8.12,2024-12-19,2026-01-25,23,No
1069,Jonathan Clark,21,Adult,Female,Germany,Basic,Fantasy,43,Tablet,16.37,2022-06-02,2026-05-16,11,No
1070,David Miller,19,Adult,Female,Canada,Standard,Sci-Fi,22,Mobile,13.53,2024-11-26,2026-01-20,27,No
1071,Jonathan Miller,69,Adult,Male,France,Standard,Thriller,25,Mobile,7.43,2021-10-19,2026-01-07,28,No
1072,Mark Miller,19,Adult,Male,USA,Basic,Family,50,Smart TV,12.63,2023-08-28,2026-04-29,1,No
1073,Timothy Curtis,19,Adult,Female,Canada,Premium,Documentary,26,Mobile,18.87,2022-01-11,2026-03-30,6,Yes
1074,James Wilson,68,Adult,Male,Canada,Basic,Romance,30,Laptop,5.91,2023-11-02,2026-02-26,14,No
1075,Mark Miller,21,Adult,Female,India,Basic,Comedy,13,Smart TV,6.28,2022-01-02,2026-03-27,48,No
1076,Eddie Sherman,43,Adult,Female,UK,Standard,Horror,41,Tablet,10.27,2021-05-16,2026-02-23,12,Yes
1077,Jonathan Wood,48,Adult,Female,Australia,Standard,Sci-Fi,22,Mobile,13.47,2023-12-14,2026-05-19,24,No
1078,Timothy Clark,39,Adult,Male,Germany,Standard,Sci-Fi,13,Laptop,10.18,2021-03-07,2026-01-05,25,No
1079,Jo Kramer,34,Adult,Female,USA,Standard,Family,29,Mobile,17.6,2023-01-14,2026-06-01,28,No
1080,Jonathan Wood,13,Kids,Female,India,Standard,Animation,45,Tablet,14.81,2021-09-25,2026-03-26,39,No
1081,Courtney Tucker,69,Adult,Female,Australia,Basic,Horror,39,Smart TV,12.67,2023-12-01,2026-03-20,2,No
1082,Mark Miller,16,Kids,Female,India,Standard,Sci-Fi,50,Smart TV,12.02,2021-12-30,2026-05-14,31,No
1083,Courtney Garza,67,Adult,Female,India,Basic,Comedy,33,Mobile,17.46,2021-12-30,2026-03-22,48,No
1084,Jo Wilson,35,Adult,Male,USA,Standard,Horror,31,Mobile,16.59,2021-02-03,2026-06-03,50,No
1085,James Sherman,10,Kids,Male,UK,Basic,Comedy,11,Tablet,12.49,2021-03-08,2026-01-18,40,No
1086,Jo Wood,33,Adult,Female,France,Basic,Thriller,40,Laptop,10.34,2021-03-22,2026-02-14,27,No
1087,Mark Mendoza,60,Adult,Male,USA,Basic,Cartoon,11,Smart TV,17.96,2021-08-12,2026-01-12,34,No
1088,Jo Garza,40,Adult,Male,UK,Premium,Documentary,38,Tablet,16.78,2021-05-30,2026-04-18,48,Yes
1089,James Mendoza,22,Adult,Male,Australia,Premium,Horror,14,Smart TV,6.39,2021-02-08,2026-02-02,32,Yes
1090,James Wood,17,Kids,Female,USA,Standard,Thriller,45,Smart TV,16.63,2024-12-10,2026-04-14,39,Yes
1091,Jonathan Clark,61,Adult,Female,UK,Standard,Romance,40,Tablet,5.65,2025-01-04,2026-04-13,9,Yes
1092,Kimberly Wilson,46,Adult,Male,USA,Premium,Cartoon,37,Laptop,5.43,2023-03-06,2026-06-02,28,Yes
1093,Timothy Mendoza,39,Adult,Male,USA,Basic,Comedy,27,Mobile,19.29,2023-02-19,2026-04-04,38,No
1094,James Miller,37,Adult,Male,UK,Standard,Sci-Fi,12,Mobile,12.37,2023-07-10,2026-04-14,25,Yes
1095,Kimberly Sherman,67,Adult,Female,France,Standard,Drama,48,Mobile,7.61,2023-10-08,2026-06-09,26,Yes
1096,Eddie Sherman,24,Adult,Male,UK,Premium,Family,26,Smart TV,10.95,2023-12-23,2026-02-14,16,Yes
1097,Courtney Wilson,17,Kids,Female,India,Standard,Animation,12,Laptop,13.88,2023-03-05,2026-04-19,9,No
1098,Timothy Tucker,70,Adult,Female,UK,Premium,Fantasy,41,Smart TV,19.9,2023-09-21,2026-03-16,22,Yes
1099,Eddie Sherman,8,Kids,Female,France,Basic,Horror,48,Laptop,17.78,2024-03-18,2026-03-26,46,No
1100,Eddie Miller,22,Adult,Female,USA,Standard,Animation,27,Tablet,10.53,2023-03-03,2026-04-10,39,No
1101,Erik Kramer,12,Kids,Male,India,Premium,Family,16,Mobile,18.94,2024-01-23,2026-05-16,37,Yes
1102,Mark Wilson,11,Kids,Male,Germany,Standard,Animation,7,Tablet,9.99,2024-08-20,2026-04-18,18,No
1103,Mark Garza,52,Adult,Female,France,Basic,Horror,12,Laptop,7.4,2022-07-10,2026-02-20,42,No
1104,Jonathan Mendoza,11,Kids,Male,Germany,Premium,Action,40,Smart TV,15.47,2023-08-27,2026-06-08,1,Yes
1105,Jo Kramer,54,Adult,Male,France,Standard,Cartoon,49,Mobile,6.48,2022-10-21,2026-03-09,32,Yes
1106,Mark Miller,14,Kids,Female,Germany,Premium,Comedy,25,Smart TV,17.26,2023-06-19,2026-06-08,44,No
1107,Eddie Clark,43,Adult,Male,UK,Premium,Drama,43,Laptop,12.95,2022-09-03,2026-03-23,38,No
1108,Jonathan Sherman,18,Adult,Male,Canada,Standard,Documentary,38,Mobile,15.29,2024-04-21,2026-02-01,50,No
1109,Eddie Kramer,58,Adult,Female,USA,Standard,Documentary,36,Laptop,11.69,2021-03-24,2026-01-21,39,No
1110,Timothy Mendoza,45,Adult,Male,USA,Basic,Drama,5,Mobile,17.63,2023-06-29,2026-03-11,22,No
1111,Jonathan Curtis,33,Adult,Female,France,Standard,Animation,46,Tablet,9.08,2024-12-17,2026-04-04,43,No
1112,David Wilson,38,Adult,Female,France,Basic,Romance,8,Laptop,8.96,2022-07-03,2026-05-12,49,Yes
1113,Jonathan Curtis,13,Kids,Male,Australia,Premium,Animation,8,Laptop,9.86,2024-09-13,2026-02-28,24,No
1114,Jo Miller,36,Adult,Female,France,Premium,Sci-Fi,23,Tablet,11.69,2023-04-09,2026-01-04,39,Yes
1115,David Clark,44,Adult,Female,Australia,Standard,Cartoon,47,Mobile,10.18,2021-11-24,2026-04-27,4,Yes
1116,Jo Garza,48,Adult,Female,Germany,Basic,Animation,19,Laptop,17.95,2021-09-15,2026-04-21,47,Yes
1117,Courtney Garza,11,Kids,Female,UK,Basic,Fantasy,49,Tablet,8.84,2023-11-26,2026-04-09,8,Yes
1118,Jonathan Mendoza,18,Adult,Male,USA,Standard,Romance,18,Tablet,9.49,2021-07-03,2026-03-03,40,Yes
1119,Erik Wilson,21,Adult,Male,UK,Basic,Comedy,27,Smart TV,11.43,2024-06-08,2026-03-31,19,Yes
1120,Mark Miller,58,Adult,Male,India,Standard,Documentary,16,Tablet,12.39,2022-03-20,2026-05-19,35,No
1121,David Wood,43,Adult,Male,USA,Premium,Cartoon,19,Laptop,18.69,2023-11-07,2026-01-14,24,No
1122,Eddie Curtis,30,Adult,Male,USA,Basic,Comedy,46,Laptop,7.24,2022-11-13,2026-01-24,22,No
1123,David Miller,46,Adult,Male,UK,Basic,Drama,13,Mobile,7.37,2024-03-24,2026-03-12,18,No
1124,Eddie Garza,23,Adult,Female,USA,Basic,Romance,19,Tablet,18.49,2023-05-19,2026-03-17,49,Yes
1125,Erik Kramer,34,Adult,Male,Germany,Basic,Romance,17,Smart TV,6.96,2023-10-23,2026-01-18,40,No
1126,Jonathan Clark,65,Adult,Male,USA,Premium,Comedy,50,Tablet,12.78,2022-11-29,2026-03-04,24,No
1127,Mark Miller,57,Adult,Male,UK,Premium,Family,48,Smart TV,15.23,2023-08-05,2026-03-07,46,Yes
1128,Jo Sherman,44,Adult,Female,Canada,Basic,Comedy,39,Tablet,9.29,2021-11-18,2026-02-08,34,Yes
1129,Jonathan Miller,6,Kids,Male,France,Standard,Documentary,12,Smart TV,18.07,2023-03-23,2026-03-29,8,Yes
1130,Jo Curtis,47,Adult,Male,France,Standard,Fantasy,19,Tablet,18.51,2022-01-19,2026-03-20,40,No
1131,Erik Tucker,15,Kids,Male,Australia,Basic,Family,34,Tablet,13.44,2023-01-10,2026-05-11,26,No
1132,Mark Miller,12,Kids,Female,UK,Standard,Action,29,Smart TV,7.46,2024-08-30,2026-05-14,30,Yes
1133,Jo Tucker,19,Adult,Female,Germany,Premium,Sci-Fi,19,Smart TV,11.08,2021-01-20,2026-03-18,45,Yes
1134,Courtney Mendoza,32,Adult,Male,Germany,Standard,Documentary,37,Laptop,15.36,2023-03-27,2026-02-24,30,Yes
1135,Eddie Mendoza,58,Adult,Female,Australia,Premium,Family,9,Laptop,9.57,2023-03-08,2026-01-28,11,No
1136,Mark Sherman,42,Adult,Male,UK,Basic,Romance,27,Laptop,5.94,2022-08-15,2026-02-07,17,No
1137,Jonathan Sherman,22,Adult,Male,France,Standard,Fantasy,45,Smart TV,17.41,2023-08-26,2026-03-28,26,No
1138,Eddie Wilson,60,Adult,Female,UK,Premium,Animation,15,Laptop,13.2,2021-07-02,2026-04-12,31,No
1139,Timothy Wood,45,Adult,Male,Canada,Basic,Comedy,28,Smart TV,13.8,2024-02-07,2026-01-01,41,Yes
1140,Mark Wilson,14,Kids,Male,Germany,Standard,Romance,50,Tablet,11.62,2021-04-05,2026-02-05,5,No
1141,Kimberly Tucker,63,Adult,Female,Australia,Basic,Sci-Fi,47,Mobile,15.81,2021-06-19,2026-02-11,42,No
1142,Erik Sherman,12,Kids,Female,Germany,Standard,Documentary,42,Mobile,10.74,2023-02-20,2026-05-04,5,Yes
1143,Courtney Mendoza,27,Adult,Female,UK,Premium,Thriller,13,Smart TV,12.77,2021-06-27,2026-01-06,49,Yes
1144,Jo Garza,24,Adult,Male,France,Basic,Action,36,Mobile,5.81,2023-07-26,2026-05-30,10,Yes
1145,James Miller,38,Adult,Female,UK,Standard,Family,49,Laptop,9.38,2025-02-05,2026-03-22,33,No
1146,Erik Curtis,36,Adult,Male,Germany,Standard,Action,11,Mobile,13.48,2024-11-01,2026-04-10,5,No
1147,Courtney Curtis,32,Adult,Male,Germany,Standard,Thriller,27,Smart TV,6.22,2023-12-12,2026-02-10,17,Yes
1148,Erik Garza,22,Adult,Male,UK,Standard,Romance,16,Mobile,16.53,2022-07-12,2026-04-20,13,Yes
1149,Erik Miller,37,Adult,Male,Australia,Premium,Horror,35,Tablet,12.68,2021-09-20,2026-06-09,25,No
1150,Timothy Wilson,65,Adult,Male,India,Premium,Action,5,Mobile,18.72,2021-06-19,2026-03-20,9,Yes
1151,Jo Mendoza,25,Adult,Female,Canada,Premium,Thriller,34,Tablet,8.92,2021-08-30,2026-01-04,18,No
1152,Timothy Curtis,15,Kids,Male,India,Standard,Fantasy,24,Mobile,12.25,2021-07-13,2026-02-24,16,No
1153,Jonathan Mendoza,43,Adult,Male,Canada,Basic,Thriller,34,Smart TV,7.98,2024-10-30,2026-04-06,13,Yes
1154,Courtney Garza,42,Adult,Male,France,Standard,Thriller,22,Smart TV,19.11,2021-02-03,2026-02-05,14,Yes
1155,David Miller,36,Adult,Female,Germany,Basic,Horror,29,Smart TV,8.89,2024-06-11,2026-02-02,29,Yes
1156,Eddie Miller,29,Adult,Female,Canada,Standard,Family,8,Mobile,12.03,2021-05-13,2026-01-05,36,No
1157,Courtney Wood,51,Adult,Male,UK,Standard,Family,23,Laptop,14.08,2021-10-07,2026-02-14,30,Yes
1158,Erik Wilson,50,Adult,Female,France,Standard,Cartoon,23,Tablet,13.09,2022-08-26,2026-02-18,13,Yes
1159,Erik Tucker,30,Adult,Female,UK,Premium,Romance,19,Smart TV,18.03,2024-04-02,2026-01-12,19,Yes
1160,David Garza,35,Adult,Female,India,Premium,Family,41,Mobile,15.47,2023-01-30,2026-03-08,29,No
1161,Erik Garza,24,Adult,Male,Australia,Standard,Horror,13,Mobile,19.98,2021-05-02,2026-02-13,39,No
1162,Jo Clark,63,Adult,Male,UK,Basic,Fantasy,20,Mobile,7.37,2024-05-20,2026-02-23,33,No
1163,Erik Garza,64,Adult,Male,India,Standard,Drama,21,Tablet,11.67,2021-04-25,2026-03-15,19,Yes
1164,Mark Kramer,18,Adult,Female,Australia,Standard,Family,22,Laptop,6.76,2023-10-03,2026-04-29,5,No
1165,Eddie Mendoza,43,Adult,Male,France,Basic,Horror,15,Mobile,16.02,2022-06-25,2026-05-07,23,Yes
1166,Mark Garza,17,Kids,Male,USA,Basic,Horror,25,Smart TV,12.28,2022-09-10,2026-01-09,39,No
1167,Jonathan Kramer,45,Adult,Male,Germany,Standard,Comedy,10,Mobile,14.58,2021-06-29,2026-04-30,16,No
1168,Jonathan Curtis,27,Adult,Female,India,Basic,Cartoon,16,Mobile,17.91,2024-10-28,2026-03-01,39,Yes
1169,Jo Garza,38,Adult,Male,USA,Premium,Cartoon,38,Smart TV,12.94,2024-09-21,2026-05-22,4,No
1170,Courtney Sherman,46,Adult,Female,Germany,Premium,Family,45,Laptop,9.81,2021-09-15,2026-01-06,1,Yes
1171,Kimberly Mendoza,63,Adult,Male,Australia,Premium,Horror,35,Smart TV,9.34,2023-06-20,2026-02-01,25,Yes
1172,Jo Tucker,38,Adult,Male,India,Premium,Romance,45,Mobile,14.28,2022-07-15,2026-03-04,18,No
1173,David Tucker,43,Adult,Male,UK,Premium,Thriller,27,Laptop,7.05,2021-10-13,2026-01-30,50,No
1174,James Curtis,32,Adult,Female,Australia,Basic,Documentary,8,Mobile,14.44,2022-02-09,2026-02-27,1,Yes
1175,Erik Mendoza,33,Adult,Male,France,Standard,Action,41,Smart TV,5.96,2022-10-14,2026-04-18,38,No
1176,Courtney Wilson,66,Adult,Male,Canada,Basic,Family,35,Laptop,8.63,2024-07-24,2026-03-16,14,No
1177,James Tucker,69,Adult,Female,Germany,Premium,Horror,14,Smart TV,7.87,2024-06-24,2026-03-16,22,Yes
1178,Erik Wood,64,Adult,Male,USA,Premium,Horror,33,Tablet,11.73,2022-12-01,2026-02-28,10,Yes
1179,Erik Miller,17,Kids,Male,Australia,Premium,Thriller,36,Mobile,17.04,2024-10-17,2026-05-11,30,Yes
1180,Jo Wood,19,Adult,Female,France,Basic,Action,40,Laptop,10.53,2024-11-19,2026-01-01,5,No
1181,Jonathan Garza,58,Adult,Female,France,Premium,Action,25,Laptop,14.4,2023-04-13,2026-04-20,16,Yes
1182,Kimberly Clark,52,Adult,Female,France,Standard,Drama,26,Smart TV,8.96,2023-01-08,2026-05-04,15,No
1183,Eddie Garza,35,Adult,Male,USA,Premium,Fantasy,38,Tablet,6.32,2024-06-20,2026-01-24,10,Yes
1184,Eddie Wood,34,Adult,Female,USA,Standard,Drama,43,Laptop,10.66,2024-08-29,2026-02-15,14,Yes
1185,Kimberly Wood,63,Adult,Female,Canada,Basic,Animation,15,Smart TV,10.77,2021-06-06,2026-03-26,20,Yes
1186,Jonathan Kramer,21,Adult,Male,India,Basic,Horror,48,Tablet,19,2023-07-17,2026-02-14,34,Yes
1187,Mark Kramer,16,Kids,Female,UK,Premium,Sci-Fi,37,Tablet,14.76,2024-02-08,2026-01-11,29,No
1188,David Wilson,35,Adult,Female,UK,Basic,Action,25,Tablet,17.97,2021-02-05,2026-01-08,43,No
1189,David Miller,63,Adult,Female,Germany,Premium,Documentary,12,Tablet,10.34,2021-12-28,2026-02-05,2,Yes
1190,David Sherman,44,Adult,Female,Australia,Premium,Family,44,Smart TV,12.68,2024-01-31,2026-03-24,49,Yes
1191,Kimberly Mendoza,63,Adult,Male,Australia,Premium,Cartoon,45,Mobile,9.78,2024-07-09,2026-04-26,14,Yes
1192,Kimberly Tucker,20,Adult,Female,USA,Premium,Fantasy,25,Tablet,16.95,2024-12-06,2026-03-01,17,Yes
1193,Timothy Clark,39,Adult,Female,Canada,Basic,Comedy,18,Tablet,15.85,2023-10-29,2026-05-15,3,No
1194,David Kramer,54,Adult,Female,USA,Premium,Action,18,Tablet,7.21,2023-10-30,2026-02-16,42,Yes
1195,David Wilson,26,Adult,Male,Canada,Standard,Action,17,Laptop,8.07,2024-05-13,2026-02-06,38,No
1196,David Tucker,47,Adult,Female,UK,Premium,Documentary,38,Laptop,11.37,2024-01-29,2026-03-28,22,Yes
1197,Timothy Clark,62,Adult,Male,Canada,Basic,Thriller,20,Smart TV,9.12,2023-11-29,2026-02-17,37,Yes
1198,Eddie Sherman,41,Adult,Female,UK,Standard,Action,30,Mobile,7.09,2021-05-04,2026-05-18,47,No
1199,Mark Wood,36,Adult,Male,Germany,Basic,Animation,13,Tablet,16.16,2023-06-07,2026-02-16,26,No
1200,Jonathan Garza,39,Adult,Female,UK,Standard,Sci-Fi,36,Mobile,5.6,2021-01-13,2026-04-15,12,No
1201,Jo Sherman,39,Adult,Male,Germany,Standard,Drama,41,Smart TV,12.62,2021-09-01,2026-05-07,2,Yes
1202,Kimberly Garza,55,Adult,Female,UK,Premium,Animation,40,Tablet,5.57,2021-08-27,2026-02-10,49,No
1203,James Tucker,10,Kids,Male,USA,Basic,Animation,21,Tablet,11.45,2024-04-24,2026-06-10,45,No
1204,Mark Wilson,49,Adult,Male,India,Standard,Animation,13,Mobile,13.76,2022-06-18,2026-01-08,43,No
1205,James Miller,57,Adult,Female,France,Standard,Sci-Fi,14,Laptop,11.57,2021-12-26,2026-02-13,22,No
1206,Kimberly Sherman,21,Adult,Male,France,Standard,Romance,24,Mobile,18.22,2022-09-23,2026-04-15,18,No
1207,Eddie Garza,55,Adult,Male,UK,Basic,Sci-Fi,15,Laptop,15.84,2022-10-23,2026-05-04,46,No
1208,Jonathan Sherman,48,Adult,Female,Germany,Standard,Cartoon,21,Tablet,10.1,2021-06-15,2026-02-24,35,No
1209,Mark Mendoza,13,Kids,Male,Australia,Standard,Family,9,Mobile,10.4,2022-10-29,2026-04-24,49,Yes
1210,Courtney Clark,58,Adult,Female,Canada,Basic,Fantasy,41,Mobile,7.54,2024-01-30,2026-06-10,12,Yes
1211,Timothy Kramer,14,Kids,Female,Australia,Basic,Family,34,Laptop,9.16,2024-11-27,2026-05-18,17,No
1212,Courtney Clark,20,Adult,Female,Australia,Basic,Fantasy,47,Mobile,15.81,2022-07-18,2026-05-28,10,No
1213,Erik Mendoza,34,Adult,Male,Australia,Basic,Cartoon,37,Smart TV,11.82,2023-12-16,2026-02-10,25,No
1214,Courtney Clark,31,Adult,Female,UK,Standard,Horror,32,Laptop,8.59,2021-08-18,2026-05-16,13,Yes
1215,Mark Clark,68,Adult,Female,UK,Premium,Horror,13,Tablet,13.29,2023-06-18,2026-05-17,30,Yes
1216,Eddie Kramer,19,Adult,Female,Canada,Standard,Documentary,32,Smart TV,16.53,2023-05-17,2026-05-17,12,Yes
1217,Erik Kramer,11,Kids,Female,Canada,Standard,Comedy,23,Tablet,19.33,2022-02-19,2026-01-08,31,No
1218,Kimberly Garza,67,Adult,Male,USA,Standard,Drama,14,Mobile,6.91,2022-04-29,2026-05-29,20,No
1219,Timothy Garza,53,Adult,Female,UK,Premium,Romance,10,Mobile,11.45,2021-03-28,2026-02-13,2,Yes
1220,Courtney Kramer,42,Adult,Female,Australia,Standard,Documentary,19,Tablet,7.95,2021-10-06,2026-03-23,32,Yes
1221,Jo Kramer,24,Adult,Female,France,Standard,Thriller,21,Mobile,17.28,2023-07-03,2026-05-17,2,Yes
1222,Erik Curtis,65,Adult,Male,France,Basic,Horror,27,Laptop,7.74,2021-10-22,2026-01-03,28,Yes
1223,James Tucker,27,Adult,Male,India,Basic,Sci-Fi,33,Tablet,10.56,2023-08-27,2026-05-29,48,Yes
1224,Courtney Curtis,27,Adult,Female,USA,Standard,Documentary,31,Tablet,8.96,2022-08-11,2026-06-05,17,No
1225,Kimberly Garza,26,Adult,Male,France,Basic,Family,45,Smart TV,18.18,2022-01-02,2026-03-24,47,Yes
1226,Erik Mendoza,57,Adult,Female,Germany,Standard,Thriller,43,Mobile,11.57,2025-02-02,2026-02-16,12,Yes
1227,James Wilson,49,Adult,Male,Canada,Basic,Fantasy,11,Tablet,10.01,2024-03-08,2026-01-21,12,Yes
1228,Mark Miller,24,Adult,Male,UK,Premium,Documentary,34,Laptop,14.12,2022-06-26,2026-05-05,20,Yes
1229,Jo Miller,44,Adult,Male,USA,Basic,Sci-Fi,17,Laptop,6.59,2021-07-27,2026-06-03,50,Yes
1230,Jonathan Tucker,24,Adult,Female,Canada,Standard,Animation,20,Laptop,7.25,2024-12-04,2026-02-27,43,No
1231,Eddie Clark,18,Adult,Male,USA,Basic,Animation,50,Smart TV,10.95,2024-08-16,2026-02-19,11,Yes
1232,Kimberly Wood,18,Adult,Male,Germany,Premium,Romance,24,Tablet,11.68,2024-02-04,2026-01-26,34,No
1233,Courtney Sherman,67,Adult,Male,Canada,Premium,Drama,43,Tablet,5.11,2023-01-12,2026-02-06,5,No
1234,Mark Curtis,22,Adult,Male,India,Standard,Cartoon,27,Smart TV,5.62,2021-08-14,2026-05-31,36,No
1235,James Garza,40,Adult,Female,UK,Premium,Horror,28,Smart TV,6.54,2021-03-12,2026-04-08,17,No
1236,James Miller,47,Adult,Male,UK,Basic,Romance,32,Tablet,19.91,2024-09-08,2026-05-21,3,No
1237,Eddie Miller,29,Adult,Female,India,Standard,Sci-Fi,43,Smart TV,6.14,2023-04-22,2026-01-18,48,Yes
1238,James Curtis,19,Adult,Male,India,Basic,Sci-Fi,38,Smart TV,12.94,2024-06-14,2026-03-23,4,Yes
1239,Timothy Garza,10,Kids,Male,UK,Standard,Animation,33,Laptop,5.95,2021-08-29,2026-06-10,11,No
1240,Jo Wood,37,Adult,Female,India,Standard,Documentary,17,Mobile,8.09,2023-11-28,2026-03-04,32,Yes
1241,Jo Miller,22,Adult,Male,France,Premium,Sci-Fi,21,Mobile,8.99,2023-10-07,2026-06-07,3,Yes
1242,Timothy Sherman,45,Adult,Female,Australia,Standard,Romance,14,Mobile,14.39,2021-10-14,2026-01-25,10,No
1243,Erik Miller,38,Adult,Female,UK,Premium,Action,46,Tablet,10.18,2021-04-01,2026-05-08,35,Yes
1244,Jonathan Tucker,60,Adult,Female,Canada,Basic,Horror,37,Tablet,10.58,2024-09-09,2026-01-19,24,Yes
1245,Courtney Tucker,45,Adult,Male,UK,Basic,Fantasy,48,Smart TV,18.31,2024-04-05,2026-06-02,25,Yes
1246,Courtney Wilson,43,Adult,Male,USA,Basic,Drama,30,Mobile,5.11,2024-03-02,2026-05-10,5,Yes
1247,Mark Curtis,57,Adult,Female,USA,Premium,Drama,10,Laptop,16.88,2023-01-19,2026-05-01,46,Yes
1248,Jonathan Wood,47,Adult,Female,UK,Premium,Documentary,30,Tablet,8.71,2021-05-03,2026-05-08,45,No
1249,David Mendoza,51,Adult,Female,France,Premium,Horror,6,Tablet,18.52,2021-01-18,2026-03-14,7,No
1250,Mark Sherman,10,Kids,Male,Canada,Basic,Fantasy,25,Mobile,18.33,2022-07-04,2026-02-06,30,Yes
1251,David Garza,11,Kids,Female,India,Standard,Sci-Fi,26,Mobile,10.66,2024-04-18,2026-01-05,36,No
1252,Jonathan Garza,10,Kids,Male,Canada,Basic,Comedy,37,Smart TV,19.56,2024-04-01,2026-05-27,49,No
1253,Kimberly Kramer,7,Kids,Male,France,Standard,Drama,47,Laptop,18.2,2023-11-03,2026-05-18,43,No
1254,Jonathan Sherman,64,Adult,Female,Germany,Standard,Family,18,Mobile,14.33,2022-07-19,2026-02-08,27,Yes
1255,James Mendoza,41,Adult,Male,France,Basic,Sci-Fi,19,Tablet,5.75,2023-05-24,2026-05-20,47,Yes
1256,Jo Garza,39,Adult,Male,Germany,Standard,Thriller,31,Laptop,5.16,2023-02-22,2026-04-02,5,No
1257,Mark Curtis,29,Adult,Female,Germany,Standard,Sci-Fi,35,Tablet,18.84,2022-04-06,2026-01-02,9,Yes
1258,Eddie Sherman,27,Adult,Female,Canada,Standard,Animation,39,Mobile,16.91,2021-02-14,2026-03-17,35,Yes
1259,Jonathan Tucker,69,Adult,Female,Australia,Basic,Drama,49,Tablet,6.04,2023-05-09,2026-03-18,36,No
1260,Courtney Garza,27,Adult,Female,France,Premium,Romance,11,Mobile,9.93,2023-07-25,2026-03-14,43,No
1261,David Garza,45,Adult,Male,USA,Premium,Action,15,Mobile,15.96,2021-03-29,2026-02-23,6,No
1262,Mark Sherman,15,Kids,Male,Canada,Basic,Documentary,31,Smart TV,7.77,2022-10-18,2026-02-20,18,Yes
1263,Mark Tucker,64,Adult,Female,France,Basic,Sci-Fi,45,Smart TV,18.25,2022-10-23,2026-02-02,15,Yes
1264,David Wood,68,Adult,Male,India,Standard,Thriller,9,Smart TV,19.41,2023-03-13,2026-02-05,41,Yes
1265,David Garza,70,Adult,Male,Australia,Basic,Documentary,13,Mobile,8.15,2024-09-15,2026-02-16,29,Yes
1266,Mark Sherman,67,Adult,Female,UK,Standard,Action,37,Mobile,15.62,2021-08-30,2026-04-10,7,No
1267,Erik Wood,66,Adult,Female,France,Premium,Animation,18,Smart TV,8.98,2024-10-26,2026-02-02,38,Yes
1268,Erik Wood,58,Adult,Male,UK,Premium,Romance,11,Mobile,15.24,2023-08-15,2026-04-26,35,No
1269,James Miller,67,Adult,Male,USA,Premium,Horror,16,Smart TV,14.51,2023-06-10,2026-05-01,15,No
1270,Jonathan Garza,66,Adult,Male,Australia,Basic,Action,33,Tablet,9.74,2022-12-20,2026-05-10,27,No
1271,David Tucker,46,Adult,Male,Germany,Standard,Comedy,44,Mobile,18.35,2024-11-13,2026-03-15,2,No
1272,David Sherman,24,Adult,Female,India,Premium,Romance,39,Smart TV,13.23,2023-09-18,2026-03-25,20,No
1273,Courtney Wilson,19,Adult,Female,France,Standard,Drama,20,Laptop,17.49,2024-07-29,2026-05-11,4,No
1274,Courtney Miller,53,Adult,Male,Germany,Standard,Action,46,Laptop,15.26,2022-08-28,2026-05-05,48,Yes
1275,Timothy Tucker,41,Adult,Male,France,Basic,Romance,35,Laptop,10.19,2023-10-19,2026-05-01,47,No
1276,James Mendoza,12,Kids,Female,Germany,Basic,Action,10,Mobile,12.07,2023-04-22,2026-05-07,27,Yes
1277,James Kramer,61,Adult,Female,USA,Premium,Action,20,Smart TV,8.7,2023-10-05,2026-03-17,40,Yes
1278,Eddie Miller,43,Adult,Male,USA,Basic,Family,44,Smart TV,13.49,2022-05-03,2026-01-20,8,Yes
1279,Jonathan Mendoza,42,Adult,Male,USA,Basic,Cartoon,30,Mobile,18.74,2023-02-16,2026-01-29,26,No
1280,Timothy Garza,70,Adult,Male,USA,Basic,Fantasy,43,Laptop,11.5,2023-01-08,2026-05-05,4,No
1281,Erik Mendoza,50,Adult,Male,France,Basic,Family,12,Tablet,12.29,2021-09-11,2026-03-31,4,No
1282,David Wood,10,Kids,Male,Canada,Premium,Documentary,21,Smart TV,13.23,2021-08-30,2026-03-29,30,No
1283,James Tucker,69,Adult,Female,France,Standard,Sci-Fi,29,Smart TV,17.17,2021-10-04,2026-02-25,16,No
1284,David Sherman,10,Kids,Male,Germany,Basic,Fantasy,49,Mobile,9.14,2023-08-11,2026-01-10,7,Yes
1285,David Mendoza,42,Adult,Female,Germany,Standard,Documentary,44,Mobile,10.24,2024-04-19,2026-05-19,25,Yes
1286,David Miller,30,Adult,Male,UK,Premium,Romance,13,Mobile,10.82,2022-06-12,2026-02-12,8,Yes
1287,David Clark,35,Adult,Female,Australia,Basic,Fantasy,34,Laptop,10.06,2024-12-29,2026-03-17,48,Yes
1288,Jo Sherman,17,Kids,Male,France,Premium,Family,45,Mobile,5.38,2024-12-11,2026-03-10,26,Yes
1289,Erik Kramer,44,Adult,Male,UK,Basic,Romance,6,Smart TV,5.72,2023-11-12,2026-06-10,32,No
1290,Kimberly Curtis,36,Adult,Female,Australia,Premium,Fantasy,17,Mobile,13.05,2023-06-24,2026-04-29,49,No
1291,Erik Tucker,29,Adult,Male,France,Premium,Cartoon,27,Mobile,6.75,2023-10-12,2026-01-16,6,No
1292,Jonathan Kramer,31,Adult,Female,Germany,Premium,Action,37,Mobile,13.18,2023-09-17,2026-02-02,6,Yes
1293,Kimberly Wood,26,Adult,Male,Australia,Standard,Sci-Fi,11,Tablet,8.03,2021-04-23,2026-05-03,8,No
1294,Kimberly Sherman,22,Adult,Female,USA,Standard,Action,35,Mobile,5.24,2022-10-26,2026-02-13,46,Yes
1295,Erik Garza,24,Adult,Female,France,Premium,Comedy,24,Laptop,5.74,2021-03-25,2026-04-06,32,Yes
1296,Jo Garza,56,Adult,Female,Germany,Basic,Action,29,Tablet,15.64,2024-05-20,2026-04-06,21,Yes
1297,James Garza,45,Adult,Male,Canada,Premium,Family,21,Smart TV,14.64,2023-09-27,2026-03-22,48,Yes
1298,Courtney Tucker,22,Adult,Male,Canada,Basic,Animation,46,Smart TV,17.35,2021-11-19,2026-05-29,43,Yes
1299,Jonathan Sherman,28,Adult,Male,Australia,Standard,Sci-Fi,20,Smart TV,12.64,2023-01-23,2026-02-20,35,No
1300,David Tucker,14,Kids,Male,Germany,Basic,Drama,45,Smart TV,10.6,2021-11-20,2026-03-29,4,Yes
1301,Timothy Wood,68,Adult,Male,France,Basic,Fantasy,24,Mobile,6.94,2021-05-16,2026-01-10,49,No
1302,James Wood,49,Adult,Female,USA,Premium,Horror,6,Tablet,18.1,2022-09-08,2026-03-17,19,Yes
1303,Jo Clark,25,Adult,Male,Canada,Premium,Comedy,10,Smart TV,13.19,2024-03-20,2026-05-29,34,No
1304,James Garza,21,Adult,Male,Australia,Standard,Cartoon,12,Tablet,11.13,2023-06-16,2026-01-17,2,No
1305,Jonathan Miller,28,Adult,Female,Canada,Standard,Romance,21,Laptop,17.43,2024-01-09,2026-03-13,5,No
1306,David Miller,66,Adult,Male,Australia,Basic,Horror,29,Tablet,14.13,2024-11-29,2026-06-09,19,Yes
1307,James Mendoza,50,Adult,Male,USA,Standard,Horror,23,Smart TV,11.46,2024-09-06,2026-02-15,2,No
1308,James Mendoza,10,Kids,Female,UK,Premium,Family,6,Laptop,18.08,2022-08-17,2026-04-02,14,Yes
1309,James Miller,61,Adult,Male,USA,Standard,Sci-Fi,48,Tablet,9.35,2025-01-15,2026-04-03,2,No
1310,Mark Garza,61,Adult,Male,USA,Standard,Thriller,37,Tablet,17.39,2023-10-05,2026-02-20,26,Yes
1311,Jo Mendoza,12,Kids,Male,France,Basic,Thriller,30,Tablet,19.55,2021-06-08,2026-03-04,33,No
1312,Kimberly Mendoza,11,Kids,Male,UK,Standard,Sci-Fi,14,Tablet,8.53,2024-08-01,2026-05-22,3,No
1313,David Wilson,51,Adult,Male,UK,Basic,Animation,11,Tablet,7.01,2024-06-02,2026-04-08,43,Yes
1314,Mark Sherman,21,Adult,Female,Germany,Standard,Cartoon,27,Mobile,15.38,2024-11-19,2026-01-08,14,Yes
1315,Erik Wood,68,Adult,Female,Australia,Standard,Sci-Fi,39,Smart TV,18.46,2021-09-15,2026-01-28,41,No
1316,Kimberly Sherman,20,Adult,Male,UK,Basic,Horror,18,Tablet,18,2025-01-20,2026-05-20,47,Yes
1317,Courtney Curtis,66,Adult,Female,Australia,Standard,Drama,33,Smart TV,8.04,2024-03-27,2026-05-31,43,Yes
1318,Erik Mendoza,56,Adult,Male,India,Basic,Documentary,38,Tablet,9.16,2022-10-04,2026-04-03,17,No
1319,Erik Sherman,48,Adult,Female,Germany,Standard,Romance,33,Laptop,9.92,2024-10-27,2026-01-19,30,No
1320,David Clark,6,Kids,Male,Germany,Premium,Fantasy,40,Mobile,16.04,2021-10-08,2026-04-29,3,Yes
1321,Courtney Curtis,46,Adult,Male,France,Premium,Romance,50,Mobile,8.74,2025-01-14,2026-03-18,38,Yes
1322,Courtney Garza,39,Adult,Female,USA,Basic,Thriller,21,Tablet,14.78,2021-06-01,2026-04-11,29,Yes
1323,Mark Wilson,19,Adult,Male,Canada,Premium,Documentary,14,Mobile,8.23,2022-05-26,2026-05-11,46,Yes
1324,James Wood,64,Adult,Male,UK,Standard,Documentary,13,Mobile,10.25,2023-03-18,2026-03-31,33,Yes
1325,Erik Garza,13,Kids,Female,Germany,Premium,Sci-Fi,13,Mobile,12.69,2021-08-17,2026-04-02,18,No
1326,Timothy Miller,34,Adult,Female,Germany,Standard,Thriller,39,Laptop,5.02,2021-10-05,2026-03-25,26,No
1327,Courtney Curtis,19,Adult,Male,UK,Standard,Documentary,7,Tablet,13.83,2022-12-06,2026-02-18,2,No
1328,Jo Clark,61,Adult,Male,UK,Standard,Action,34,Laptop,13.71,2024-08-04,2026-01-28,30,No
1329,Jo Kramer,58,Adult,Male,Australia,Standard,Comedy,12,Smart TV,15.82,2021-06-07,2026-02-23,5,No
1330,Mark Kramer,8,Kids,Female,Canada,Standard,Horror,11,Tablet,17.34,2023-12-30,2026-02-07,7,Yes
1331,Courtney Wood,20,Adult,Male,Canada,Standard,Animation,33,Laptop,13.67,2024-06-01,2026-01-31,23,No
1332,Timothy Sherman,50,Adult,Female,Australia,Standard,Cartoon,28,Mobile,7.12,2023-12-25,2026-01-23,11,Yes
1333,Timothy Miller,40,Adult,Male,UK,Basic,Family,39,Mobile,7.37,2024-04-12,2026-01-19,22,No
1334,Kimberly Clark,30,Adult,Female,Australia,Premium,Documentary,21,Mobile,15.18,2022-02-07,2026-03-24,17,Yes
1335,James Wood,30,Adult,Female,UK,Standard,Action,18,Laptop,18.91,2022-10-10,2026-01-17,16,No
1336,David Clark,22,Adult,Male,Germany,Premium,Thriller,25,Mobile,9.99,2022-12-20,2026-06-03,23,No
1337,Kimberly Kramer,19,Adult,Male,Germany,Basic,Action,38,Laptop,10.67,2025-01-27,2026-01-20,36,Yes
1338,Eddie Sherman,45,Adult,Female,Australia,Premium,Cartoon,45,Laptop,11.92,2022-06-12,2026-05-17,2,No
1339,Eddie Sherman,56,Adult,Male,UK,Premium,Romance,20,Mobile,9.31,2022-12-07,2026-01-02,28,No
1340,Timothy Tucker,67,Adult,Male,Canada,Premium,Drama,27,Mobile,11.59,2022-02-26,2026-04-15,20,No
1341,James Wood,44,Adult,Female,Germany,Standard,Drama,34,Laptop,13.07,2023-09-10,2026-04-19,32,No
1342,Jo Wood,24,Adult,Male,Germany,Premium,Action,24,Smart TV,17.54,2022-01-27,2026-02-17,16,Yes
1343,Jonathan Kramer,5,Kids,Male,USA,Standard,Horror,16,Mobile,5.8,2021-05-14,2026-02-25,14,Yes
1344,Eddie Garza,28,Adult,Female,India,Standard,Fantasy,33,Smart TV,9.42,2023-08-23,2026-02-16,18,Yes
1345,James Tucker,66,Adult,Male,USA,Basic,Action,34,Tablet,5.54,2024-04-01,2026-03-06,40,No
1346,David Garza,67,Adult,Female,France,Premium,Romance,28,Tablet,14.08,2022-05-14,2026-04-26,31,No
1347,Jonathan Wood,34,Adult,Male,India,Premium,Documentary,10,Laptop,5.17,2021-11-11,2026-05-29,6,No
1348,Jonathan Clark,62,Adult,Female,Germany,Premium,Documentary,45,Smart TV,13.65,2021-02-01,2026-01-24,44,Yes
1349,Mark Kramer,38,Adult,Female,India,Standard,Documentary,39,Smart TV,6.02,2021-10-03,2026-05-05,21,No
1350,Courtney Garza,30,Adult,Male,Australia,Basic,Family,16,Mobile,16.83,2024-02-05,2026-03-20,50,Yes
1351,James Garza,12,Kids,Female,France,Premium,Action,25,Tablet,18.55,2023-03-08,2026-02-07,13,No
1352,Jo Kramer,52,Adult,Female,France,Basic,Family,23,Mobile,6.39,2021-12-09,2026-04-03,17,Yes
1353,Erik Mendoza,9,Kids,Male,USA,Standard,Romance,15,Tablet,8.92,2021-04-03,2026-04-11,46,No
1354,Eddie Sherman,65,Adult,Female,India,Basic,Documentary,43,Mobile,8.95,2023-04-09,2026-05-01,48,Yes
1355,David Miller,62,Adult,Male,USA,Basic,Animation,37,Tablet,11.22,2022-02-25,2026-04-21,17,No
1356,Courtney Kramer,59,Adult,Male,USA,Basic,Fantasy,5,Tablet,17.25,2022-07-23,2026-01-08,19,No
1357,Eddie Tucker,56,Adult,Female,India,Basic,Action,6,Laptop,6,2024-08-23,2026-04-20,13,No
1358,Courtney Mendoza,9,Kids,Male,Australia,Standard,Fantasy,26,Smart TV,12.93,2024-04-29,2026-06-06,23,No
1359,David Curtis,19,Adult,Female,UK,Standard,Thriller,5,Laptop,6.25,2021-04-09,2026-01-28,10,No
1360,Eddie Garza,27,Adult,Male,USA,Basic,Romance,7,Tablet,10.59,2021-03-18,2026-04-09,50,No
1361,Kimberly Wilson,66,Adult,Male,Canada,Basic,Romance,38,Laptop,13.76,2022-11-22,2026-04-02,25,No
1362,Mark Clark,17,Kids,Female,Australia,Basic,Fantasy,13,Mobile,6.81,2024-11-09,2026-02-08,45,Yes
1363,James Tucker,55,Adult,Male,France,Standard,Fantasy,17,Mobile,8.2,2024-02-16,2026-02-07,18,Yes
1364,Mark Kramer,63,Adult,Female,Germany,Basic,Thriller,14,Mobile,13.4,2021-07-28,2026-05-15,36,Yes
1365,Timothy Mendoza,60,Adult,Male,UK,Basic,Romance,43,Laptop,8.39,2022-08-29,2026-03-18,26,No
1366,Mark Tucker,54,Adult,Female,USA,Premium,Fantasy,28,Tablet,8.52,2024-11-22,2026-02-03,37,No
1367,David Sherman,66,Adult,Female,India,Standard,Animation,8,Mobile,7.57,2023-08-09,2026-02-15,44,No
1368,James Garza,63,Adult,Female,UK,Premium,Documentary,44,Laptop,13.22,2022-05-01,2026-01-28,37,Yes
1369,James Clark,16,Kids,Male,USA,Standard,Cartoon,40,Tablet,18.12,2022-08-28,2026-05-16,4,No
1370,David Kramer,38,Adult,Male,UK,Standard,Fantasy,12,Laptop,16.46,2025-01-06,2026-05-16,1,No
1371,Jo Garza,67,Adult,Male,India,Premium,Horror,42,Laptop,7.86,2021-08-04,2026-01-07,46,Yes
1372,James Kramer,33,Adult,Female,Canada,Premium,Fantasy,31,Smart TV,11.97,2023-02-20,2026-05-10,7,Yes
1373,David Mendoza,40,Adult,Female,Germany,Basic,Family,43,Tablet,7.9,2022-08-22,2026-04-06,29,No
1374,Erik Clark,45,Adult,Male,Germany,Premium,Comedy,33,Laptop,7.95,2021-05-21,2026-03-12,44,No
1375,Jo Clark,43,Adult,Male,France,Basic,Drama,17,Tablet,14.66,2024-05-22,2026-03-29,38,Yes
1376,James Curtis,12,Kids,Female,USA,Standard,Fantasy,30,Tablet,14.06,2023-09-08,2026-02-04,32,No
1377,Kimberly Tucker,53,Adult,Female,France,Basic,Documentary,29,Laptop,8.37,2023-01-25,2026-06-07,8,No
1378,Mark Wilson,54,Adult,Female,Canada,Premium,Drama,48,Mobile,10.61,2022-08-04,2026-04-12,49,No
1379,Jo Mendoza,39,Adult,Female,Canada,Standard,Family,34,Tablet,12.92,2023-02-17,2026-02-15,39,No
1380,Jo Garza,62,Adult,Female,Australia,Premium,Drama,8,Laptop,18.98,2022-09-24,2026-05-26,46,Yes
1381,Kimberly Miller,59,Adult,Male,India,Basic,Drama,42,Mobile,6.3,2021-06-30,2026-01-01,16,No
1382,Eddie Kramer,29,Adult,Female,Canada,Standard,Fantasy,33,Laptop,14.68,2023-01-19,2026-05-03,27,Yes
1383,Eddie Kramer,7,Kids,Female,USA,Standard,Family,14,Laptop,14.11,2021-01-12,2026-02-07,46,No
1384,Jo Miller,7,Kids,Male,USA,Standard,Documentary,43,Smart TV,5.92,2021-06-20,2026-06-01,23,No
1385,Erik Kramer,38,Adult,Male,Australia,Basic,Romance,42,Mobile,15.37,2024-05-31,2026-01-10,16,Yes
1386,Jonathan Wilson,33,Adult,Female,France,Premium,Action,21,Smart TV,16.79,2022-11-03,2026-03-15,16,Yes
1387,Kimberly Tucker,67,Adult,Male,Australia,Premium,Documentary,38,Mobile,8.22,2022-10-27,2026-04-13,37,Yes
1388,Jonathan Curtis,28,Adult,Female,Germany,Premium,Family,19,Tablet,8.24,2022-01-06,2026-06-10,2,Yes
1389,Eddie Garza,50,Adult,Female,UK,Basic,Action,40,Mobile,16.01,2024-10-10,2026-03-29,18,Yes
1390,Eddie Curtis,62,Adult,Male,Australia,Premium,Horror,49,Mobile,14.96,2023-07-05,2026-05-12,10,Yes
1391,Mark Tucker,60,Adult,Female,USA,Basic,Romance,7,Laptop,9.8,2022-01-17,2026-02-19,1,Yes
1392,Jonathan Mendoza,67,Adult,Female,USA,Standard,Drama,21,Smart TV,11.1,2023-07-20,2026-04-20,1,Yes
1393,Courtney Garza,39,Adult,Male,Australia,Standard,Romance,37,Mobile,15.69,2021-10-12,2026-06-01,22,No
1394,Courtney Garza,70,Adult,Male,India,Basic,Horror,8,Mobile,16.65,2021-10-10,2026-04-25,32,No
1395,Jonathan Kramer,27,Adult,Female,Germany,Standard,Comedy,15,Smart TV,17.68,2023-08-11,2026-02-12,42,Yes
1396,James Garza,60,Adult,Female,USA,Premium,Horror,45,Tablet,15.69,2023-08-06,2026-01-25,37,Yes
1397,Eddie Curtis,47,Adult,Female,Germany,Basic,Action,38,Laptop,5.04,2022-12-20,2026-05-30,4,Yes
1398,James Wood,15,Kids,Female,UK,Premium,Thriller,46,Mobile,5.7,2023-12-20,2026-02-27,17,No
1399,Courtney Wilson,61,Adult,Male,Australia,Standard,Horror,23,Smart TV,9.17,2024-03-19,2026-02-22,14,No
1400,David Kramer,35,Adult,Male,Canada,Standard,Cartoon,24,Tablet,9.67,2021-01-19,2026-04-01,25,No
1401,Courtney Kramer,43,Adult,Female,India,Standard,Sci-Fi,39,Tablet,11.06,2021-10-19,2026-03-27,31,No
1402,Erik Wood,59,Adult,Female,Germany,Basic,Romance,46,Mobile,5.54,2023-04-09,2026-04-17,8,No
1403,Mark Curtis,49,Adult,Female,UK,Premium,Drama,34,Smart TV,7.63,2024-03-29,2026-03-08,50,Yes
1404,Courtney Curtis,54,Adult,Female,UK,Standard,Thriller,36,Laptop,12.82,2024-08-30,2026-01-15,29,No
1405,Jo Miller,32,Adult,Female,Germany,Premium,Thriller,32,Tablet,6.07,2021-07-10,2026-01-03,19,Yes
1406,Courtney Tucker,56,Adult,Male,Australia,Premium,Action,20,Smart TV,9.82,2022-01-25,2026-06-06,28,No
1407,Eddie Mendoza,50,Adult,Female,Australia,Basic,Cartoon,24,Smart TV,6.64,2021-07-19,2026-01-13,19,Yes
1408,Courtney Clark,60,Adult,Male,USA,Premium,Documentary,36,Laptop,16.34,2021-12-15,2026-02-11,38,Yes
1409,James Sherman,52,Adult,Female,Canada,Premium,Animation,38,Laptop,14.33,2024-06-17,2026-04-22,28,No
1410,Eddie Wilson,9,Kids,Female,Australia,Basic,Action,19,Tablet,11.84,2022-11-02,2026-01-16,6,No
1411,Kimberly Tucker,29,Adult,Male,USA,Standard,Drama,20,Smart TV,6.58,2021-08-10,2026-01-05,36,No
1412,Erik Clark,46,Adult,Female,Canada,Standard,Thriller,8,Mobile,7.35,2024-05-30,2026-01-25,46,No
1413,Eddie Clark,50,Adult,Female,Australia,Premium,Cartoon,28,Mobile,5.45,2022-02-23,2026-01-03,22,No
1414,Eddie Clark,20,Adult,Male,USA,Standard,Drama,15,Smart TV,14.31,2024-11-27,2026-03-02,23,Yes
1415,Jonathan Clark,8,Kids,Female,France,Basic,Action,24,Smart TV,9.22,2023-07-01,2026-02-15,7,Yes
1416,Courtney Wood,51,Adult,Female,France,Basic,Animation,46,Tablet,14.55,2022-09-03,2026-05-02,36,No
1417,Courtney Tucker,51,Adult,Female,Australia,Premium,Drama,13,Mobile,9.76,2021-03-15,2026-01-23,28,No
1418,Jo Mendoza,66,Adult,Male,India,Basic,Documentary,10,Mobile,8.91,2022-11-11,2026-02-16,22,Yes
1419,Erik Sherman,47,Adult,Male,India,Premium,Horror,22,Tablet,7.56,2021-02-27,2026-03-16,27,Yes
1420,Eddie Wood,62,Adult,Female,USA,Basic,Animation,11,Mobile,14.38,2022-01-12,2026-03-26,32,Yes
1421,Mark Clark,21,Adult,Female,UK,Basic,Romance,32,Tablet,6.63,2023-08-18,2026-02-02,28,No
1422,David Kramer,42,Adult,Male,Australia,Basic,Fantasy,39,Laptop,7.45,2022-08-18,2026-05-12,22,Yes
1423,Jonathan Clark,67,Adult,Female,UK,Premium,Romance,12,Smart TV,9.98,2022-01-25,2026-06-04,30,Yes
1424,David Sherman,43,Adult,Male,Australia,Standard,Horror,22,Tablet,7.91,2023-08-20,2026-05-17,25,No
1425,Courtney Mendoza,7,Kids,Female,UK,Basic,Family,26,Tablet,7.41,2021-09-08,2026-01-09,31,Yes
1426,Timothy Mendoza,7,Kids,Female,India,Basic,Thriller,30,Tablet,18.08,2021-07-31,2026-04-17,9,No
1427,David Clark,26,Adult,Female,India,Basic,Horror,14,Mobile,10.92,2022-07-07,2026-03-14,44,Yes
1428,Kimberly Wood,64,Adult,Male,France,Standard,Sci-Fi,34,Laptop,13.15,2022-05-19,2026-04-11,45,No
1429,Jonathan Mendoza,55,Adult,Female,UK,Premium,Fantasy,19,Laptop,18.33,2021-09-04,2026-03-23,9,Yes
1430,Erik Wilson,12,Kids,Male,USA,Premium,Thriller,18,Tablet,12.13,2024-12-12,2026-01-07,20,Yes
1431,Kimberly Miller,5,Kids,Male,Germany,Basic,Comedy,13,Laptop,19.05,2022-02-15,2026-01-16,15,No
1432,Jo Kramer,21,Adult,Female,UK,Standard,Drama,18,Smart TV,9.93,2025-01-07,2026-05-06,28,No
1433,Kimberly Curtis,57,Adult,Female,USA,Premium,Sci-Fi,33,Mobile,15.88,2025-02-09,2026-04-21,13,Yes
1434,Jonathan Wilson,45,Adult,Female,USA,Basic,Comedy,13,Smart TV,6.25,2022-05-19,2026-04-03,2,Yes
1435,Eddie Wood,55,Adult,Female,Germany,Premium,Family,13,Smart TV,19.5,2024-06-26,2026-02-06,21,No
1436,Erik Mendoza,62,Adult,Female,USA,Basic,Documentary,17,Mobile,17.2,2021-04-06,2026-05-25,36,Yes
1437,Mark Wood,38,Adult,Male,France,Basic,Sci-Fi,18,Laptop,10.98,2022-05-02,2026-01-29,20,No
1438,Jonathan Clark,13,Kids,Female,UK,Premium,Thriller,17,Laptop,18.88,2022-07-19,2026-03-06,20,No
1439,Erik Tucker,18,Adult,Male,France,Premium,Action,21,Laptop,18.8,2021-12-23,2026-04-19,46,Yes
1440,Timothy Wilson,52,Adult,Female,India,Premium,Family,39,Tablet,14.99,2023-12-22,2026-05-18,2,No
1441,Mark Mendoza,65,Adult,Female,India,Basic,Comedy,40,Tablet,18.4,2023-05-10,2026-03-01,21,Yes
1442,Courtney Mendoza,45,Adult,Female,USA,Standard,Horror,50,Smart TV,19.3,2022-09-04,2026-03-11,13,Yes
1443,Courtney Clark,5,Kids,Male,Canada,Standard,Comedy,15,Mobile,5.05,2022-07-12,2026-03-11,20,No
1444,Eddie Curtis,41,Adult,Male,India,Standard,Family,40,Laptop,12.92,2022-05-24,2026-05-10,10,Yes
1445,Mark Mendoza,24,Adult,Female,UK,Basic,Horror,7,Smart TV,16,2022-08-05,2026-04-09,4,No
1446,David Kramer,32,Adult,Female,UK,Standard,Documentary,5,Tablet,16.65,2024-09-01,2026-02-06,38,Yes
1447,James Garza,5,Kids,Male,USA,Standard,Horror,20,Tablet,8.21,2021-08-03,2026-01-28,38,No
1448,Courtney Wilson,16,Kids,Female,UK,Standard,Comedy,10,Tablet,11.34,2021-09-18,2026-05-12,7,Yes
1449,James Sherman,54,Adult,Female,Canada,Standard,Fantasy,8,Tablet,9.51,2024-12-28,2026-02-13,24,Yes
1450,Timothy Mendoza,60,Adult,Female,UK,Basic,Sci-Fi,42,Tablet,8.76,2024-09-01,2026-05-16,31,No
1451,Jo Tucker,68,Adult,Female,Germany,Standard,Documentary,26,Laptop,18.48,2023-09-18,2026-04-24,50,No
1452,Jonathan Kramer,61,Adult,Male,India,Basic,Animation,35,Tablet,10.31,2022-04-19,2026-03-08,48,No
1453,Mark Sherman,61,Adult,Male,Canada,Basic,Family,41,Mobile,17.63,2024-08-29,2026-03-09,49,Yes
1454,Eddie Sherman,20,Adult,Male,India,Standard,Action,42,Tablet,10.84,2022-09-14,2026-05-10,3,No
1455,Jo Wilson,27,Adult,Female,UK,Premium,Action,36,Mobile,5.89,2022-08-06,2026-04-30,23,Yes
1456,Erik Clark,7,Kids,Male,USA,Premium,Animation,17,Tablet,16.92,2022-09-18,2026-05-18,49,Yes
1457,Erik Curtis,62,Adult,Male,India,Premium,Fantasy,15,Tablet,19.48,2022-01-14,2026-04-10,24,No
1458,Jo Garza,66,Adult,Male,Germany,Standard,Drama,44,Smart TV,16.39,2022-09-14,2026-04-07,24,No
1459,Timothy Garza,6,Kids,Male,UK,Standard,Sci-Fi,31,Mobile,12.56,2024-04-19,2026-04-10,48,No
1460,David Wilson,30,Adult,Female,France,Premium,Family,22,Smart TV,19.47,2023-10-04,2026-05-09,1,No
1461,Eddie Wood,58,Adult,Male,Australia,Standard,Sci-Fi,49,Mobile,15.9,2022-01-20,2026-04-08,50,No
1462,Erik Wood,14,Kids,Male,UK,Basic,Cartoon,17,Laptop,12.47,2022-04-30,2026-02-11,31,No
1463,Erik Sherman,12,Kids,Female,Canada,Standard,Horror,29,Laptop,18.41,2022-01-05,2026-01-19,20,Yes
1464,Eddie Mendoza,60,Adult,Male,Canada,Standard,Thriller,27,Mobile,5.18,2025-01-02,2026-03-10,26,Yes
1465,Erik Sherman,44,Adult,Male,Canada,Basic,Cartoon,26,Laptop,10.91,2021-12-17,2026-03-01,6,No
1466,Jo Garza,61,Adult,Female,UK,Basic,Thriller,27,Smart TV,14.84,2023-11-02,2026-03-01,47,No
1467,Kimberly Miller,20,Adult,Female,UK,Standard,Family,32,Mobile,7.52,2022-09-22,2026-03-09,47,Yes
1468,Kimberly Wood,15,Kids,Female,Canada,Basic,Action,50,Smart TV,16.56,2023-01-15,2026-04-18,43,No
1469,Timothy Wilson,6,Kids,Female,Germany,Standard,Horror,32,Mobile,7.68,2025-01-18,2026-05-24,35,Yes
1470,Jo Miller,15,Kids,Female,USA,Standard,Sci-Fi,14,Tablet,12.84,2021-10-08,2026-05-12,6,No
1471,David Wilson,31,Adult,Male,Canada,Standard,Horror,44,Smart TV,16.8,2021-04-09,2026-01-03,10,No
1472,Kimberly Wood,35,Adult,Female,UK,Standard,Romance,18,Laptop,9.5,2024-10-02,2026-05-17,27,No
1473,Timothy Mendoza,15,Kids,Male,France,Basic,Comedy,12,Tablet,16.71,2024-05-25,2026-04-23,50,Yes
1474,Mark Wilson,31,Adult,Female,USA,Standard,Animation,49,Tablet,14.88,2024-12-21,2026-03-09,4,Yes
1475,Kimberly Tucker,42,Adult,Female,Australia,Basic,Comedy,41,Tablet,9.2,2022-05-29,2026-05-17,8,No
1476,David Mendoza,62,Adult,Male,Germany,Basic,Horror,46,Laptop,18.59,2021-05-25,2026-05-22,40,No
1477,Erik Kramer,51,Adult,Male,Canada,Standard,Romance,49,Tablet,17.56,2024-11-24,2026-03-14,35,Yes
1478,David Wood,54,Adult,Female,Canada,Basic,Sci-Fi,44,Tablet,14.07,2023-05-19,2026-05-30,3,Yes
1479,Courtney Curtis,56,Adult,Male,UK,Premium,Drama,8,Laptop,16.28,2022-06-23,2026-03-31,6,No
1480,Mark Kramer,30,Adult,Male,India,Premium,Sci-Fi,13,Mobile,17.28,2022-08-05,2026-01-21,30,No
1481,Kimberly Garza,44,Adult,Female,Canada,Standard,Fantasy,50,Tablet,17.38,2023-05-29,2026-04-11,10,Yes
1482,Kimberly Garza,40,Adult,Male,Germany,Premium,Sci-Fi,46,Mobile,11.53,2022-04-21,2026-03-14,36,Yes
1483,David Curtis,11,Kids,Male,Germany,Standard,Action,42,Mobile,6.94,2022-06-26,2026-04-29,29,Yes
1484,Erik Garza,34,Adult,Male,India,Basic,Animation,48,Mobile,19.22,2024-10-19,2026-01-29,22,Yes
1485,David Wilson,44,Adult,Female,UK,Standard,Sci-Fi,43,Laptop,12.72,2024-09-03,2026-03-31,24,Yes
1486,Erik Kramer,64,Adult,Female,France,Basic,Action,33,Laptop,19.12,2024-05-20,2026-01-13,19,Yes
1487,James Kramer,62,Adult,Female,UK,Basic,Cartoon,25,Mobile,13.19,2021-04-26,2026-03-18,46,No
1488,Kimberly Curtis,19,Adult,Male,Canada,Basic,Horror,38,Tablet,6.85,2024-06-27,2026-02-15,34,No
1489,Courtney Sherman,37,Adult,Female,India,Premium,Romance,9,Smart TV,6.72,2022-06-17,2026-03-15,50,Yes
1490,Kimberly Garza,58,Adult,Female,France,Premium,Drama,17,Smart TV,14.55,2024-10-18,2026-05-08,17,No
1491,David Wood,31,Adult,Male,Canada,Basic,Cartoon,16,Mobile,13.55,2025-02-04,2026-05-12,32,No
1492,Eddie Garza,43,Adult,Female,Australia,Premium,Fantasy,18,Smart TV,18.36,2021-04-27,2026-06-02,11,No
1493,Jo Tucker,64,Adult,Female,USA,Premium,Drama,6,Mobile,7.01,2022-03-03,2026-03-09,45,Yes
1494,Jo Garza,69,Adult,Male,France,Basic,Fantasy,17,Mobile,16.62,2024-10-08,2026-02-07,29,No
1495,Mark Miller,10,Kids,Male,USA,Standard,Animation,9,Tablet,12.3,2022-04-23,2026-05-20,38,Yes
1496,Kimberly Miller,26,Adult,Female,France,Premium,Documentary,23,Smart TV,8.55,2025-02-03,2026-03-25,29,No
1497,Erik Wood,67,Adult,Female,Australia,Standard,Cartoon,34,Smart TV,8.95,2024-03-23,2026-03-09,10,No
1498,Jonathan Garza,23,Adult,Male,Australia,Standard,Action,26,Tablet,10.48,2022-05-15,2026-01-16,29,Yes
1499,Timothy Sherman,32,Adult,Male,France,Basic,Action,43,Smart TV,17.51,2023-08-04,2026-01-03,28,Yes
1500,James Mendoza,34,Adult,Female,Canada,Basic,Animation,24,Smart TV,9.2,2021-11-22,2026-05-01,12,No
1501,David Curtis,47,Adult,Male,Germany,Standard,Comedy,37,Mobile,19.15,2024-06-08,2026-01-26,6,Yes
1502,David Kramer,22,Adult,Female,India,Standard,Thriller,43,Smart TV,19.76,2023-09-23,2026-03-04,20,Yes
1503,Jonathan Wilson,6,Kids,Male,Australia,Basic,Fantasy,22,Smart TV,8.79,2023-11-13,2026-05-30,43,Yes
1504,Kimberly Curtis,70,Adult,Female,Germany,Standard,Action,6,Mobile,13.07,2021-03-05,2026-06-04,17,No
1505,Timothy Wood,35,Adult,Female,USA,Basic,Fantasy,44,Laptop,12.32,2021-05-26,2026-05-18,9,Yes
1506,Courtney Sherman,43,Adult,Female,France,Premium,Romance,25,Laptop,12.51,2022-06-14,2026-05-23,15,No
1507,Eddie Tucker,32,Adult,Female,USA,Premium,Horror,19,Smart TV,5.69,2023-03-28,2026-01-25,33,Yes
1508,David Curtis,11,Kids,Male,Australia,Basic,Fantasy,31,Mobile,15.72,2022-12-20,2026-03-28,6,Yes
1509,Courtney Kramer,49,Adult,Female,USA,Standard,Documentary,44,Mobile,10.27,2022-05-07,2026-02-02,39,Yes
1510,Jo Sherman,58,Adult,Male,India,Standard,Sci-Fi,38,Laptop,12,2021-11-05,2026-03-30,17,Yes
1511,Timothy Sherman,47,Adult,Male,UK,Standard,Comedy,48,Mobile,6.87,2024-10-31,2026-01-05,46,No
1512,Kimberly Miller,31,Adult,Male,Canada,Basic,Fantasy,17,Smart TV,14.83,2022-06-06,2026-05-30,25,Yes
1513,David Clark,46,Adult,Male,France,Premium,Thriller,41,Smart TV,10.08,2023-08-02,2026-04-13,28,Yes
1514,Jo Tucker,5,Kids,Male,USA,Basic,Cartoon,26,Laptop,19.7,2024-07-08,2026-05-06,41,Yes
1515,James Garza,46,Adult,Male,Canada,Premium,Documentary,40,Smart TV,7.74,2021-03-28,2026-02-16,32,No
1516,Courtney Kramer,66,Adult,Female,France,Standard,Sci-Fi,35,Smart TV,11.68,2022-09-29,2026-03-17,11,No
1517,Timothy Mendoza,13,Kids,Female,France,Standard,Fantasy,11,Laptop,18.78,2021-06-22,2026-05-11,46,No
1518,Eddie Miller,43,Adult,Male,Australia,Premium,Action,15,Laptop,11.74,2023-01-20,2026-05-15,11,Yes
1519,Eddie Garza,68,Adult,Female,UK,Standard,Documentary,20,Smart TV,11.13,2022-04-05,2026-01-18,3,Yes
1520,Courtney Sherman,46,Adult,Male,India,Standard,Cartoon,11,Smart TV,6.1,2024-11-28,2026-05-30,6,Yes
1521,David Tucker,36,Adult,Female,India,Standard,Horror,28,Tablet,9.18,2024-04-10,2026-01-15,5,No
1522,Eddie Kramer,57,Adult,Female,USA,Standard,Animation,23,Laptop,13.29,2022-12-20,2026-02-22,44,Yes
1523,Jo Garza,66,Adult,Male,France,Standard,Drama,36,Tablet,12.17,2021-03-31,2026-05-12,5,Yes
1524,David Clark,6,Kids,Male,Canada,Standard,Cartoon,12,Laptop,10.14,2022-09-26,2026-02-07,33,Yes
1525,Erik Wilson,66,Adult,Male,India,Standard,Cartoon,40,Tablet,11.98,2024-09-26,2026-01-05,41,Yes
1526,Kimberly Clark,36,Adult,Male,Australia,Standard,Romance,20,Smart TV,17.61,2022-12-20,2026-05-24,47,Yes
1527,Kimberly Wilson,13,Kids,Male,Canada,Basic,Cartoon,32,Tablet,12.89,2021-10-04,2026-05-22,41,Yes
1528,Jonathan Wilson,42,Adult,Male,UK,Premium,Horror,6,Mobile,14.14,2024-02-25,2026-04-27,5,No
1529,Timothy Tucker,59,Adult,Male,Germany,Premium,Comedy,26,Smart TV,9.85,2021-10-26,2026-03-06,49,No
1530,Jonathan Miller,14,Kids,Female,India,Standard,Cartoon,33,Tablet,6.31,2024-03-31,2026-04-02,18,Yes
1531,Kimberly Curtis,28,Adult,Female,Germany,Standard,Romance,34,Smart TV,5.79,2021-07-17,2026-01-01,30,Yes
1532,Timothy Miller,48,Adult,Male,UK,Basic,Romance,9,Mobile,17.06,2021-03-11,2026-05-13,26,Yes
1533,Timothy Sherman,46,Adult,Male,USA,Standard,Thriller,16,Mobile,14.25,2023-04-04,2026-05-12,11,No
1534,Mark Miller,5,Kids,Male,India,Basic,Sci-Fi,30,Laptop,18.25,2024-09-22,2026-05-10,3,Yes
1535,Erik Garza,28,Adult,Male,Canada,Basic,Animation,36,Mobile,16.88,2023-09-15,2026-05-28,26,No
1536,Mark Sherman,67,Adult,Male,Australia,Standard,Documentary,44,Mobile,10.33,2021-06-10,2026-03-03,47,Yes
1537,Kimberly Garza,61,Adult,Female,UK,Premium,Drama,44,Tablet,13.45,2024-01-03,2026-02-01,32,No
1538,Timothy Tucker,41,Adult,Female,India,Standard,Animation,13,Mobile,10.94,2023-05-27,2026-02-06,17,Yes
1539,Eddie Garza,55,Adult,Male,USA,Standard,Comedy,43,Smart TV,9.87,2023-03-17,2026-02-06,4,No
1540,James Miller,31,Adult,Female,France,Basic,Family,5,Laptop,16.52,2024-03-23,2026-03-03,47,No
1541,Erik Sherman,5,Kids,Male,Germany,Standard,Action,33,Mobile,19.52,2022-02-07,2026-01-31,33,Yes
1542,Mark Sherman,56,Adult,Male,Canada,Premium,Romance,32,Tablet,16.39,2024-12-07,2026-05-27,37,No
1543,Eddie Wilson,27,Adult,Female,Canada,Premium,Documentary,18,Tablet,15.23,2021-04-27,2026-01-08,14,Yes
1544,David Clark,45,Adult,Male,USA,Standard,Romance,19,Mobile,6.7,2024-04-25,2026-03-03,36,No
1545,Jonathan Curtis,19,Adult,Female,USA,Standard,Drama,50,Smart TV,8.02,2023-01-06,2026-02-15,9,Yes
1546,Timothy Mendoza,63,Adult,Female,Canada,Premium,Drama,20,Laptop,8.08,2021-10-02,2026-02-01,46,Yes
1547,David Wood,43,Adult,Male,Germany,Basic,Fantasy,42,Tablet,18.73,2021-08-12,2026-03-25,19,Yes
1548,James Kramer,18,Adult,Male,Canada,Premium,Action,47,Tablet,6.87,2025-01-19,2026-05-26,47,No
1549,David Wilson,47,Adult,Female,Australia,Premium,Romance,49,Tablet,14.54,2021-08-14,2026-01-18,20,No
1550,James Miller,65,Adult,Female,Australia,Premium,Action,27,Laptop,12.94,2021-01-05,2026-02-09,27,Yes
1551,James Clark,67,Adult,Male,Canada,Standard,Comedy,28,Smart TV,12.78,2024-01-12,2026-02-09,23,No
1552,Eddie Miller,27,Adult,Male,Germany,Basic,Fantasy,12,Mobile,14.04,2023-09-15,2026-02-19,44,Yes
1553,Eddie Tucker,61,Adult,Male,Germany,Standard,Romance,19,Mobile,8.09,2023-11-16,2026-01-16,31,Yes
1554,David Curtis,8,Kids,Female,France,Basic,Cartoon,33,Mobile,7.65,2024-09-03,2026-05-05,28,No
1555,James Mendoza,56,Adult,Female,France,Standard,Family,21,Tablet,19.92,2024-02-29,2026-02-06,36,Yes
1556,Eddie Clark,66,Adult,Female,India,Premium,Family,5,Smart TV,5.96,2022-04-09,2026-04-05,42,Yes
1557,Erik Curtis,20,Adult,Female,USA,Basic,Horror,5,Laptop,19.26,2024-04-07,2026-01-24,28,Yes
1558,Jonathan Curtis,46,Adult,Female,France,Basic,Animation,38,Mobile,8.75,2024-01-12,2026-01-31,12,Yes
1559,Eddie Wilson,36,Adult,Male,Australia,Premium,Drama,43,Laptop,9.17,2021-07-05,2026-05-20,35,Yes
1560,Jo Sherman,59,Adult,Male,India,Premium,Cartoon,37,Smart TV,7.07,2024-05-30,2026-05-10,33,No
1561,James Wood,22,Adult,Male,India,Standard,Comedy,48,Laptop,14.29,2022-04-04,2026-04-09,50,Yes
1562,Kimberly Wood,44,Adult,Male,Germany,Basic,Documentary,30,Smart TV,8.94,2024-03-27,2026-05-23,15,No
1563,Timothy Kramer,31,Adult,Female,France,Standard,Cartoon,47,Tablet,9.02,2023-06-25,2026-03-31,21,Yes
1564,Eddie Tucker,39,Adult,Female,USA,Basic,Horror,18,Laptop,18.05,2023-09-11,2026-03-08,10,No
1565,James Garza,42,Adult,Female,Germany,Basic,Romance,35,Tablet,19.41,2022-05-01,2026-03-15,27,Yes
1566,Erik Tucker,13,Kids,Male,India,Standard,Horror,20,Laptop,18.64,2021-01-23,2026-04-15,40,No
1567,Erik Kramer,39,Adult,Male,UK,Basic,Animation,20,Tablet,16.32,2021-10-26,2026-06-04,43,Yes
1568,Timothy Clark,53,Adult,Male,Canada,Basic,Documentary,25,Smart TV,14.06,2021-11-04,2026-05-12,30,No
1569,Mark Wood,16,Kids,Female,Australia,Premium,Drama,30,Smart TV,17.46,2024-09-17,2026-05-16,14,Yes
1570,Courtney Garza,7,Kids,Female,Canada,Standard,Comedy,38,Smart TV,5.41,2023-11-08,2026-01-03,37,Yes
1571,Eddie Wood,8,Kids,Male,UK,Premium,Comedy,19,Smart TV,16.26,2021-02-27,2026-02-07,20,Yes
1572,James Sherman,60,Adult,Female,Canada,Premium,Romance,15,Mobile,15.98,2021-06-22,2026-01-08,2,No
1573,Timothy Curtis,70,Adult,Male,Australia,Basic,Romance,39,Tablet,15.9,2021-11-03,2026-01-30,39,Yes
1574,Eddie Mendoza,38,Adult,Male,UK,Basic,Drama,14,Smart TV,5.42,2022-09-21,2026-02-22,21,Yes
1575,James Miller,57,Adult,Male,UK,Premium,Romance,14,Smart TV,19.61,2024-10-22,2026-01-10,15,Yes
1576,Kimberly Clark,10,Kids,Male,Australia,Premium,Fantasy,30,Laptop,7.93,2024-09-10,2026-02-21,37,No
1577,Jonathan Wilson,32,Adult,Female,Canada,Basic,Action,31,Tablet,6.17,2023-05-20,2026-05-22,24,Yes
1578,Mark Wilson,27,Adult,Male,Australia,Premium,Cartoon,42,Tablet,11.27,2023-06-20,2026-02-15,19,Yes
1579,Kimberly Kramer,7,Kids,Male,Canada,Premium,Action,37,Tablet,13.17,2021-04-14,2026-03-07,3,Yes
1580,Kimberly Garza,31,Adult,Male,USA,Basic,Drama,30,Smart TV,14.82,2022-06-06,2026-03-09,16,No
1581,Eddie Kramer,43,Adult,Female,Germany,Premium,Horror,15,Smart TV,6.17,2023-08-14,2026-06-06,5,No
1582,David Curtis,33,Adult,Male,USA,Standard,Documentary,11,Mobile,18.06,2022-08-04,2026-02-21,48,Yes
1583,Courtney Curtis,25,Adult,Female,Australia,Basic,Drama,44,Tablet,17.46,2023-06-06,2026-01-17,45,No
1584,Timothy Curtis,15,Kids,Female,India,Premium,Romance,8,Tablet,14.63,2022-12-05,2026-05-08,23,No
1585,Timothy Clark,57,Adult,Female,Canada,Premium,Documentary,35,Smart TV,14.01,2022-12-04,2026-02-17,16,No
1586,Timothy Garza,68,Adult,Female,USA,Basic,Drama,25,Smart TV,12.08,2021-02-10,2026-04-17,18,No
1587,Kimberly Mendoza,20,Adult,Female,Germany,Standard,Cartoon,13,Laptop,10.47,2023-08-29,2026-05-06,44,No
1588,David Clark,49,Adult,Male,Germany,Premium,Romance,49,Mobile,8.73,2022-03-11,2026-04-08,36,No
1589,Erik Wilson,68,Adult,Male,France,Basic,Documentary,21,Smart TV,13.36,2021-04-27,2026-02-10,42,Yes
1590,Kimberly Curtis,6,Kids,Male,Germany,Premium,Drama,35,Tablet,19.83,2022-09-19,2026-04-09,5,Yes
1591,Kimberly Wilson,45,Adult,Male,UK,Premium,Cartoon,48,Tablet,9.36,2024-06-19,2026-05-20,15,No
1592,James Wood,56,Adult,Female,Australia,Standard,Cartoon,6,Tablet,16.49,2023-11-05,2026-04-10,18,No
1593,Jonathan Tucker,70,Adult,Male,France,Premium,Horror,26,Mobile,11.83,2021-07-20,2026-04-10,17,Yes
1594,Kimberly Clark,19,Adult,Female,USA,Standard,Cartoon,43,Smart TV,11.43,2023-08-02,2026-02-20,24,No
1595,Erik Sherman,53,Adult,Female,Germany,Standard,Horror,42,Smart TV,11.42,2023-02-16,2026-06-10,47,Yes
1596,James Kramer,55,Adult,Female,France,Premium,Thriller,12,Mobile,15.12,2021-05-25,2026-04-12,24,Yes
1597,Erik Wilson,70,Adult,Male,USA,Premium,Romance,31,Smart TV,7.89,2023-08-09,2026-03-27,11,Yes
1598,Jo Clark,22,Adult,Female,UK,Standard,Cartoon,40,Mobile,19.58,2025-01-05,2026-01-02,43,Yes
1599,James Miller,52,Adult,Male,France,Standard,Comedy,14,Laptop,10.58,2023-02-15,2026-05-23,36,No
1600,Courtney Miller,56,Adult,Male,UK,Basic,Thriller,38,Laptop,5.15,2021-11-19,2026-01-22,37,No
1601,Timothy Sherman,36,Adult,Female,Germany,Basic,Cartoon,45,Tablet,19.59,2021-07-11,2026-01-28,21,No
1602,Mark Garza,28,Adult,Male,Australia,Standard,Horror,30,Smart TV,5.63,2022-03-07,2026-04-22,37,Yes
1603,Kimberly Curtis,48,Adult,Female,UK,Premium,Drama,17,Tablet,14,2022-09-20,2026-05-01,10,No
1604,Mark Wood,67,Adult,Female,France,Basic,Horror,41,Laptop,19.11,2022-07-20,2026-06-04,49,No
1605,James Tucker,67,Adult,Female,Canada,Standard,Action,35,Mobile,7.78,2023-07-14,2026-04-21,15,Yes
1606,James Mendoza,52,Adult,Male,Canada,Standard,Fantasy,12,Tablet,12.44,2024-03-24,2026-01-01,4,No
1607,David Clark,70,Adult,Male,UK,Premium,Action,15,Smart TV,16.52,2023-09-10,2026-05-17,1,Yes
1608,Jonathan Kramer,32,Adult,Female,France,Premium,Animation,29,Tablet,16.02,2022-11-16,2026-02-21,21,Yes
1609,James Garza,24,Adult,Female,Canada,Standard,Family,50,Mobile,10.15,2021-06-04,2026-01-29,18,No
1610,Mark Garza,9,Kids,Female,Germany,Premium,Romance,9,Tablet,13.1,2022-08-07,2026-05-15,2,No
1611,James Sherman,6,Kids,Female,USA,Premium,Thriller,9,Tablet,8.21,2024-04-11,2026-05-22,5,No
1612,David Mendoza,11,Kids,Female,UK,Premium,Fantasy,32,Tablet,16.89,2022-03-28,2026-04-17,41,No
1613,Jo Kramer,58,Adult,Female,Canada,Basic,Comedy,39,Mobile,12.34,2021-05-26,2026-03-23,11,No
1614,Jonathan Garza,70,Adult,Male,Canada,Basic,Family,44,Mobile,18,2022-11-25,2026-04-16,5,Yes
1615,Erik Miller,7,Kids,Male,UK,Standard,Romance,49,Smart TV,17.22,2021-10-04,2026-06-02,18,Yes
1616,James Garza,51,Adult,Male,Germany,Standard,Cartoon,48,Smart TV,18.6,2023-04-15,2026-01-06,21,No
1617,Erik Curtis,46,Adult,Female,UK,Standard,Animation,7,Tablet,8.99,2023-07-07,2026-05-21,20,No
1618,Timothy Curtis,52,Adult,Female,India,Basic,Horror,44,Smart TV,19.66,2024-01-12,2026-01-06,28,Yes
1619,Timothy Garza,48,Adult,Male,UK,Standard,Horror,27,Tablet,18.22,2021-10-18,2026-02-08,40,No
1620,Courtney Wilson,57,Adult,Female,India,Standard,Romance,28,Laptop,9.62,2021-02-27,2026-05-12,20,No
1621,Jo Sherman,21,Adult,Female,India,Basic,Fantasy,50,Smart TV,10.54,2021-08-15,2026-05-04,42,No
1622,James Curtis,28,Adult,Male,Canada,Basic,Family,7,Tablet,17.06,2024-06-19,2026-01-24,13,No
1623,Erik Wilson,50,Adult,Female,France,Basic,Animation,30,Mobile,17.81,2021-05-28,2026-05-09,49,No
1624,Jonathan Curtis,22,Adult,Female,India,Basic,Family,49,Mobile,17.98,2022-04-22,2026-02-14,32,No
1625,Jo Wilson,70,Adult,Male,France,Basic,Action,29,Tablet,14.76,2023-02-23,2026-03-18,8,No
1626,James Mendoza,55,Adult,Male,India,Premium,Romance,31,Smart TV,6.65,2022-05-17,2026-04-03,14,No
1627,Kimberly Tucker,70,Adult,Male,Canada,Basic,Drama,30,Mobile,13.41,2023-10-29,2026-04-05,47,Yes
1628,Eddie Garza,26,Adult,Male,France,Basic,Fantasy,15,Laptop,16.28,2024-02-19,2026-05-09,31,No
1629,Jo Tucker,49,Adult,Female,India,Standard,Fantasy,39,Tablet,6.08,2024-12-13,2026-03-16,24,Yes
1630,Erik Miller,20,Adult,Female,Germany,Premium,Horror,25,Laptop,11.55,2024-01-31,2026-04-28,38,Yes
1631,Jo Clark,17,Kids,Male,UK,Standard,Family,49,Laptop,19.9,2021-10-02,2026-03-01,22,No
1632,Kimberly Sherman,24,Adult,Male,Germany,Basic,Romance,44,Tablet,17.94,2021-07-17,2026-03-05,24,No
1633,Kimberly Mendoza,38,Adult,Female,UK,Basic,Animation,11,Laptop,19.98,2024-11-09,2026-05-10,37,Yes
1634,David Clark,64,Adult,Female,UK,Premium,Thriller,36,Tablet,18.82,2022-09-09,2026-01-17,45,No
1635,Timothy Kramer,12,Kids,Female,UK,Basic,Family,38,Mobile,9.21,2024-01-07,2026-04-15,13,Yes
1636,Jonathan Wood,68,Adult,Female,Australia,Basic,Sci-Fi,12,Laptop,11.59,2024-09-29,2026-02-26,33,No
1637,Jo Sherman,65,Adult,Male,USA,Standard,Thriller,32,Laptop,14,2022-02-26,2026-03-01,36,Yes
1638,James Tucker,59,Adult,Male,UK,Premium,Action,36,Smart TV,7.85,2023-02-27,2026-04-05,8,Yes
1639,Erik Tucker,8,Kids,Male,Germany,Premium,Sci-Fi,5,Mobile,11.65,2023-11-06,2026-02-18,2,No
1640,Erik Miller,55,Adult,Male,UK,Standard,Sci-Fi,5,Laptop,17.21,2021-06-24,2026-05-19,16,Yes
1641,James Tucker,27,Adult,Female,India,Premium,Cartoon,33,Mobile,6.58,2024-07-19,2026-05-06,23,Yes
1642,Timothy Kramer,10,Kids,Female,India,Premium,Horror,13,Mobile,5.74,2022-01-28,2026-01-12,9,No
1643,Kimberly Wilson,15,Kids,Male,France,Premium,Thriller,34,Mobile,13.42,2022-09-10,2026-02-04,17,No
1644,David Mendoza,66,Adult,Female,France,Premium,Family,44,Tablet,13.77,2023-05-30,2026-02-17,45,Yes
1645,Eddie Kramer,22,Adult,Female,Australia,Basic,Animation,48,Smart TV,7.06,2021-10-15,2026-05-29,21,Yes
1646,Courtney Wood,50,Adult,Female,Canada,Basic,Documentary,41,Laptop,16.14,2023-02-25,2026-05-04,11,Yes
1647,Timothy Clark,63,Adult,Female,France,Premium,Cartoon,23,Tablet,7.75,2023-04-25,2026-04-06,37,No
1648,Mark Kramer,66,Adult,Female,Canada,Premium,Thriller,18,Mobile,11.4,2024-06-15,2026-06-02,8,No
1649,Eddie Wood,54,Adult,Female,India,Basic,Fantasy,18,Mobile,6.17,2021-10-04,2026-04-07,8,No
1650,Jonathan Curtis,60,Adult,Female,Germany,Standard,Documentary,47,Laptop,6.31,2022-04-03,2026-03-20,47,No
1651,Mark Miller,37,Adult,Female,France,Standard,Sci-Fi,20,Mobile,19.34,2023-07-04,2026-05-22,45,Yes
1652,Timothy Wilson,49,Adult,Female,India,Basic,Animation,7,Laptop,9.69,2024-07-20,2026-02-10,37,No
1653,Mark Tucker,34,Adult,Female,UK,Standard,Horror,13,Mobile,6.95,2023-10-06,2026-02-01,33,Yes
1654,Timothy Wilson,56,Adult,Male,Australia,Basic,Cartoon,28,Smart TV,11.09,2023-08-22,2026-05-19,32,No
1655,Eddie Curtis,65,Adult,Female,Canada,Basic,Thriller,48,Smart TV,17.54,2021-05-28,2026-04-19,8,Yes
1656,James Garza,32,Adult,Male,France,Premium,Cartoon,12,Laptop,13.26,2025-01-22,2026-03-05,44,Yes
1657,Mark Mendoza,69,Adult,Female,Canada,Basic,Horror,6,Mobile,8.52,2024-10-20,2026-02-04,26,No
1658,Courtney Tucker,39,Adult,Male,UK,Standard,Drama,14,Mobile,6.43,2021-04-08,2026-04-14,44,Yes
1659,Jo Mendoza,64,Adult,Female,India,Basic,Romance,24,Smart TV,12.62,2023-09-22,2026-05-16,43,No
1660,Jonathan Miller,8,Kids,Male,India,Premium,Animation,38,Smart TV,10.17,2024-07-08,2026-03-19,8,Yes
1661,Jo Miller,45,Adult,Male,Germany,Standard,Romance,12,Laptop,8.27,2022-05-04,2026-02-22,43,No
1662,Courtney Clark,30,Adult,Female,India,Standard,Sci-Fi,46,Laptop,5.66,2024-10-10,2026-03-17,22,Yes
1663,Courtney Tucker,30,Adult,Male,Canada,Basic,Sci-Fi,10,Tablet,9.22,2024-11-20,2026-04-15,39,No
1664,James Mendoza,15,Kids,Female,Canada,Standard,Animation,26,Tablet,7.57,2024-05-07,2026-03-05,46,Yes
1665,Timothy Wood,43,Adult,Male,France,Premium,Animation,46,Mobile,16.69,2025-01-18,2026-05-03,8,Yes
1666,Jo Clark,55,Adult,Male,Germany,Premium,Animation,28,Tablet,7.06,2021-12-04,2026-04-22,50,No
1667,Eddie Wood,54,Adult,Male,Germany,Standard,Drama,14,Mobile,8.33,2022-03-28,2026-05-19,24,Yes
1668,Eddie Sherman,59,Adult,Male,UK,Basic,Fantasy,37,Laptop,14.75,2021-03-23,2026-04-20,24,Yes
1669,Eddie Wilson,68,Adult,Female,France,Premium,Animation,27,Smart TV,17.14,2021-06-11,2026-04-05,9,Yes
1670,Erik Curtis,7,Kids,Female,UK,Basic,Thriller,28,Tablet,7.23,2024-07-27,2026-03-31,21,No
1671,James Garza,65,Adult,Female,UK,Premium,Documentary,19,Laptop,6.7,2024-04-10,2026-04-10,22,No
1672,Courtney Curtis,8,Kids,Female,USA,Standard,Thriller,31,Tablet,19.99,2022-08-08,2026-06-06,22,Yes
1673,James Wood,55,Adult,Male,France,Premium,Horror,41,Tablet,17.47,2024-05-25,2026-01-20,47,No
1674,Mark Clark,61,Adult,Female,Canada,Basic,Drama,12,Mobile,16.73,2022-05-01,2026-04-11,18,Yes
1675,Timothy Curtis,41,Adult,Male,India,Basic,Sci-Fi,17,Tablet,5.33,2024-09-28,2026-03-01,41,No
1676,Courtney Wilson,36,Adult,Male,Australia,Standard,Sci-Fi,49,Laptop,14.83,2024-12-20,2026-02-01,33,Yes
1677,Erik Wilson,10,Kids,Female,France,Basic,Fantasy,32,Tablet,18.17,2024-01-18,2026-04-11,24,No
1678,David Miller,54,Adult,Male,USA,Basic,Fantasy,31,Smart TV,9.97,2024-01-25,2026-01-19,5,Yes
1679,Jonathan Wilson,24,Adult,Female,Canada,Basic,Drama,7,Laptop,9.19,2021-01-04,2026-01-15,5,No
1680,James Kramer,15,Kids,Female,USA,Standard,Animation,40,Smart TV,6.3,2023-10-28,2026-05-17,17,No
1681,Mark Garza,26,Adult,Female,France,Premium,Romance,19,Laptop,14.32,2021-07-24,2026-03-09,44,Yes
1682,James Garza,54,Adult,Male,Canada,Basic,Drama,23,Laptop,9.13,2023-11-21,2026-05-13,10,Yes
1683,Timothy Sherman,37,Adult,Male,Australia,Basic,Thriller,43,Laptop,8.17,2021-01-03,2026-05-19,35,No
1684,Timothy Garza,14,Kids,Male,UK,Premium,Action,35,Tablet,13.86,2021-05-06,2026-03-25,27,No
1685,James Wilson,16,Kids,Male,Germany,Standard,Thriller,41,Mobile,19.11,2023-12-30,2026-03-11,20,Yes
1686,Timothy Sherman,45,Adult,Male,USA,Basic,Cartoon,9,Tablet,10.31,2025-01-08,2026-05-21,6,No
1687,Jonathan Sherman,9,Kids,Female,USA,Premium,Animation,11,Smart TV,8.8,2023-10-11,2026-06-06,12,No
1688,Mark Wilson,54,Adult,Male,Germany,Basic,Drama,47,Tablet,19.65,2024-07-31,2026-02-03,36,Yes
1689,James Miller,10,Kids,Male,Canada,Standard,Sci-Fi,48,Mobile,10.42,2023-08-22,2026-05-27,7,Yes
1690,Jonathan Clark,34,Adult,Male,Canada,Premium,Cartoon,43,Mobile,13.08,2024-06-15,2026-02-19,35,No
1691,James Kramer,17,Kids,Male,India,Basic,Cartoon,18,Laptop,14.6,2023-10-09,2026-03-10,8,No
1692,Eddie Wilson,10,Kids,Female,India,Premium,Drama,41,Smart TV,19.4,2022-12-01,2026-03-09,46,Yes
1693,David Clark,30,Adult,Female,India,Premium,Drama,5,Laptop,20,2021-08-13,2026-01-12,32,No
1694,Jo Clark,24,Adult,Male,France,Standard,Thriller,15,Smart TV,5.2,2023-02-05,2026-04-01,26,Yes
1695,Eddie Wood,52,Adult,Female,USA,Premium,Cartoon,21,Laptop,6.72,2024-09-22,2026-05-04,1,No
1696,David Wilson,40,Adult,Male,France,Premium,Family,20,Mobile,8.78,2024-05-30,2026-03-19,21,No
1697,Timothy Wilson,16,Kids,Male,Canada,Standard,Animation,44,Smart TV,11.9,2022-05-15,2026-05-09,1,Yes
1698,Erik Wood,69,Adult,Male,Germany,Premium,Romance,42,Tablet,14.2,2022-04-04,2026-03-15,32,Yes
1699,David Wood,30,Adult,Male,Australia,Premium,Action,15,Laptop,6.98,2022-12-06,2026-01-22,42,Yes
1700,Erik Curtis,38,Adult,Male,Germany,Basic,Thriller,24,Tablet,6.58,2022-11-09,2026-01-17,46,Yes
1701,Erik Sherman,69,Adult,Female,UK,Premium,Horror,14,Tablet,10.65,2022-05-11,2026-01-22,35,No
1702,Eddie Curtis,57,Adult,Male,Germany,Basic,Romance,11,Tablet,19.94,2021-10-25,2026-03-22,4,No
1703,Courtney Kramer,20,Adult,Female,India,Standard,Sci-Fi,39,Laptop,6.93,2023-01-24,2026-03-22,16,No
1704,Erik Wilson,62,Adult,Female,Australia,Premium,Fantasy,35,Smart TV,5.29,2023-08-17,2026-03-04,4,Yes
1705,Jo Tucker,70,Adult,Male,Canada,Premium,Horror,50,Tablet,15.59,2023-03-12,2026-05-21,15,Yes
1706,Courtney Clark,23,Adult,Male,France,Standard,Documentary,45,Mobile,8.14,2022-05-04,2026-02-05,8,No
1707,Jo Garza,39,Adult,Female,France,Standard,Cartoon,44,Laptop,6.59,2022-09-22,2026-03-17,19,Yes
1708,Jonathan Tucker,48,Adult,Male,Germany,Standard,Fantasy,22,Mobile,18.3,2024-12-24,2026-02-08,10,No
1709,Courtney Miller,65,Adult,Male,France,Basic,Drama,43,Tablet,13.3,2024-10-28,2026-06-06,1,No
1710,James Sherman,30,Adult,Female,France,Premium,Sci-Fi,6,Smart TV,5.19,2023-05-29,2026-03-05,12,No
1711,Kimberly Curtis,33,Adult,Female,India,Premium,Action,41,Smart TV,14.11,2021-03-07,2026-01-01,43,No
1712,Erik Kramer,24,Adult,Male,India,Premium,Sci-Fi,7,Tablet,17.7,2022-07-16,2026-05-19,6,No
1713,David Kramer,56,Adult,Male,Australia,Premium,Documentary,13,Smart TV,13.73,2021-05-13,2026-01-23,9,No
1714,David Miller,44,Adult,Male,India,Premium,Action,24,Tablet,13.89,2024-10-06,2026-05-30,18,No
1715,David Kramer,65,Adult,Female,USA,Standard,Action,46,Tablet,9.75,2025-01-16,2026-03-04,18,Yes
1716,Jo Miller,52,Adult,Female,UK,Standard,Horror,38,Mobile,5.53,2022-03-12,2026-01-10,7,No
1717,Jonathan Clark,49,Adult,Female,UK,Standard,Family,8,Tablet,13.74,2022-12-30,2026-05-05,9,No
1718,Timothy Clark,67,Adult,Female,Canada,Standard,Documentary,44,Tablet,15.35,2024-12-18,2026-05-16,28,No
1719,David Curtis,68,Adult,Male,UK,Standard,Comedy,7,Tablet,12.07,2021-05-04,2026-05-20,14,Yes
1720,Jonathan Miller,17,Kids,Male,Germany,Basic,Animation,27,Smart TV,15.07,2023-11-22,2026-03-23,15,Yes
1721,Eddie Garza,19,Adult,Female,India,Basic,Animation,49,Tablet,5.68,2024-07-17,2026-05-01,8,No
1722,Mark Tucker,9,Kids,Male,India,Standard,Romance,31,Laptop,17.73,2024-02-14,2026-03-22,7,Yes
1723,James Garza,17,Kids,Female,UK,Basic,Thriller,27,Laptop,6.26,2023-01-29,2026-05-13,40,No
1724,Kimberly Kramer,20,Adult,Female,Canada,Premium,Family,47,Smart TV,13.96,2022-02-11,2026-05-13,35,No
1725,Courtney Miller,70,Adult,Male,Germany,Basic,Romance,12,Tablet,18.37,2022-01-04,2026-03-12,5,Yes
1726,Mark Sherman,11,Kids,Female,Canada,Premium,Cartoon,10,Mobile,9.37,2021-05-08,2026-04-20,26,No
1727,Mark Clark,54,Adult,Male,Australia,Standard,Documentary,23,Smart TV,5.5,2024-09-01,2026-03-14,46,Yes
1728,Courtney Garza,52,Adult,Female,UK,Standard,Animation,32,Laptop,6.16,2023-01-13,2026-03-04,22,No
1729,Kimberly Wilson,18,Adult,Male,France,Basic,Thriller,49,Laptop,15.26,2023-12-15,2026-05-14,31,Yes
1730,Jonathan Wilson,46,Adult,Male,Australia,Premium,Animation,39,Mobile,18.48,2023-03-22,2026-01-20,46,No
1731,David Wood,49,Adult,Male,Canada,Basic,Cartoon,38,Smart TV,17.73,2023-12-18,2026-03-21,42,No
1732,Kimberly Tucker,28,Adult,Male,Canada,Standard,Documentary,25,Mobile,5.58,2022-11-29,2026-04-02,17,Yes
1733,David Clark,27,Adult,Female,France,Basic,Family,40,Mobile,14.17,2021-05-10,2026-05-31,34,No
1734,Kimberly Garza,39,Adult,Male,Canada,Basic,Action,43,Mobile,13.52,2023-06-18,2026-04-28,10,Yes
1735,David Tucker,6,Kids,Female,France,Premium,Romance,45,Smart TV,13.86,2021-05-14,2026-02-04,12,Yes
1736,Kimberly Wilson,29,Adult,Female,Germany,Premium,Documentary,18,Tablet,8.63,2023-12-28,2026-03-08,41,No
1737,Timothy Kramer,54,Adult,Male,France,Standard,Fantasy,43,Laptop,12.68,2024-04-16,2026-04-25,47,No
1738,Erik Sherman,59,Adult,Female,India,Standard,Drama,16,Mobile,11.84,2023-12-20,2026-04-24,25,No
1739,Jo Miller,28,Adult,Male,Germany,Premium,Thriller,22,Laptop,8.62,2023-11-08,2026-05-20,3,No
1740,Mark Garza,35,Adult,Female,Canada,Basic,Action,6,Smart TV,16.26,2021-09-21,2026-01-08,48,No
1741,Erik Miller,23,Adult,Female,UK,Standard,Documentary,48,Smart TV,18.47,2023-08-08,2026-05-03,7,No
1742,Courtney Sherman,32,Adult,Female,Australia,Basic,Sci-Fi,22,Tablet,6.51,2023-10-21,2026-05-10,39,No
1743,Timothy Miller,41,Adult,Female,Australia,Basic,Horror,26,Tablet,7.57,2025-01-04,2026-02-07,24,No
1744,Jo Wood,50,Adult,Female,USA,Basic,Cartoon,13,Mobile,14.26,2023-08-28,2026-03-04,2,No
1745,James Clark,5,Kids,Male,UK,Basic,Fantasy,50,Smart TV,13.39,2024-07-03,2026-04-17,9,Yes
1746,Courtney Garza,6,Kids,Male,India,Standard,Romance,43,Laptop,19.46,2023-10-29,2026-01-05,32,Yes
1747,David Tucker,63,Adult,Female,UK,Basic,Fantasy,36,Smart TV,13.9,2023-07-24,2026-03-29,16,Yes
1748,Mark Tucker,19,Adult,Male,Germany,Standard,Action,22,Tablet,18.59,2021-02-06,2026-03-18,48,No
1749,David Clark,9,Kids,Female,Canada,Basic,Fantasy,40,Mobile,11.09,2023-08-14,2026-01-02,41,Yes
1750,James Kramer,65,Adult,Male,USA,Basic,Drama,39,Smart TV,11.32,2024-06-18,2026-03-05,28,Yes
1751,David Garza,20,Adult,Male,Australia,Standard,Documentary,23,Smart TV,12.03,2022-02-23,2026-02-22,30,Yes
1752,Eddie Wood,25,Adult,Male,France,Basic,Drama,6,Smart TV,10.93,2023-09-15,2026-03-04,3,Yes
1753,Jo Mendoza,21,Adult,Male,Australia,Standard,Family,44,Mobile,16.73,2021-06-19,2026-01-26,23,Yes
1754,Mark Kramer,59,Adult,Female,Germany,Standard,Drama,26,Laptop,9.68,2022-08-12,2026-03-27,17,No
1755,Jo Miller,28,Adult,Male,UK,Basic,Romance,38,Tablet,6.52,2021-02-20,2026-01-11,25,No
1756,Jo Miller,52,Adult,Male,France,Standard,Family,27,Smart TV,14.25,2023-06-22,2026-02-14,17,No
1757,James Kramer,33,Adult,Male,UK,Premium,Action,9,Laptop,16.39,2024-01-03,2026-01-11,23,Yes
1758,Kimberly Wood,11,Kids,Male,UK,Premium,Family,49,Mobile,6.7,2021-06-24,2026-06-03,15,No
1759,Timothy Tucker,37,Adult,Female,UK,Standard,Romance,43,Tablet,7.76,2021-07-18,2026-01-09,42,Yes
1760,Eddie Clark,13,Kids,Male,Australia,Premium,Drama,27,Laptop,19.44,2021-12-09,2026-02-20,20,Yes
1761,Erik Mendoza,20,Adult,Male,USA,Premium,Fantasy,8,Tablet,13.48,2024-01-16,2026-03-07,30,No
1762,Timothy Wood,50,Adult,Male,UK,Premium,Thriller,46,Mobile,15.15,2021-02-19,2026-04-04,33,Yes
1763,Kimberly Kramer,5,Kids,Female,USA,Premium,Action,33,Mobile,11.64,2023-08-10,2026-06-01,29,No
1764,Erik Tucker,58,Adult,Female,France,Premium,Documentary,15,Laptop,14.44,2021-03-02,2026-04-20,26,No
1765,James Garza,50,Adult,Female,Germany,Standard,Drama,49,Mobile,6.62,2024-05-11,2026-04-30,45,No
1766,James Kramer,18,Adult,Female,Canada,Standard,Romance,9,Mobile,10.63,2021-01-28,2026-04-06,32,No
1767,Erik Tucker,7,Kids,Female,Canada,Standard,Horror,44,Mobile,5.1,2022-01-13,2026-04-30,3,Yes
1768,Kimberly Clark,12,Kids,Female,USA,Premium,Romance,8,Smart TV,13.43,2024-07-03,2026-03-25,15,No
1769,Mark Curtis,33,Adult,Female,Australia,Premium,Fantasy,13,Smart TV,8.51,2022-01-15,2026-05-15,26,Yes
1770,David Curtis,58,Adult,Male,Australia,Standard,Fantasy,31,Mobile,17.11,2024-11-27,2026-05-23,11,No
1771,Kimberly Tucker,20,Adult,Male,Australia,Premium,Family,15,Smart TV,16.26,2024-11-27,2026-01-06,19,No
1772,David Curtis,38,Adult,Female,Australia,Premium,Comedy,22,Tablet,7.99,2024-07-25,2026-04-11,47,Yes
1773,David Wood,52,Adult,Male,Germany,Basic,Sci-Fi,22,Tablet,5.58,2024-11-30,2026-03-11,5,Yes
1774,Eddie Wood,23,Adult,Female,Australia,Basic,Documentary,22,Mobile,19.81,2022-01-28,2026-03-12,20,Yes
1775,Courtney Wood,47,Adult,Male,UK,Basic,Family,46,Tablet,10.46,2024-12-28,2026-04-15,40,Yes
1776,Kimberly Tucker,66,Adult,Female,Canada,Premium,Romance,15,Smart TV,18.3,2021-01-11,2026-03-09,43,No
1777,James Wood,64,Adult,Female,USA,Standard,Comedy,5,Laptop,19.14,2024-03-23,2026-01-08,13,Yes
1778,Timothy Sherman,6,Kids,Male,India,Premium,Animation,11,Laptop,5.38,2022-08-23,2026-05-20,36,No
1779,Courtney Wood,16,Kids,Male,USA,Standard,Romance,9,Smart TV,10.99,2024-07-13,2026-06-05,19,Yes
1780,Erik Clark,42,Adult,Male,France,Basic,Documentary,30,Tablet,13.98,2021-12-14,2026-02-24,12,Yes
1781,Timothy Wood,31,Adult,Male,Australia,Standard,Romance,16,Laptop,11.07,2022-07-11,2026-02-21,41,No
1782,Erik Clark,70,Adult,Female,France,Standard,Drama,50,Tablet,18.5,2022-05-23,2026-01-02,38,Yes
1783,Erik Clark,32,Adult,Female,Canada,Standard,Romance,46,Mobile,19.16,2022-03-12,2026-04-17,44,No
1784,Courtney Sherman,66,Adult,Female,Australia,Standard,Family,29,Laptop,18.13,2023-05-15,2026-05-07,40,No
1785,Jo Kramer,57,Adult,Male,India,Premium,Animation,23,Smart TV,6.18,2025-01-24,2026-05-25,2,Yes
1786,James Curtis,11,Kids,Male,France,Basic,Drama,48,Mobile,5.2,2021-04-25,2026-04-30,49,No
1787,Erik Curtis,44,Adult,Female,Germany,Premium,Drama,13,Laptop,18.96,2022-10-18,2026-02-24,46,No
1788,James Mendoza,7,Kids,Female,Germany,Basic,Romance,17,Tablet,6.48,2022-08-10,2026-05-01,40,No
1789,James Sherman,6,Kids,Male,Canada,Basic,Fantasy,12,Tablet,17.77,2021-01-26,2026-02-05,8,Yes
1790,Timothy Garza,33,Adult,Male,Germany,Premium,Family,29,Laptop,17.86,2024-11-09,2026-05-25,4,No
1791,Jo Curtis,67,Adult,Male,France,Standard,Family,17,Tablet,5.82,2024-06-01,2026-05-27,7,No
1792,Jonathan Kramer,22,Adult,Male,Australia,Standard,Comedy,12,Smart TV,18.59,2024-04-15,2026-04-06,19,Yes
1793,Jo Kramer,31,Adult,Female,France,Premium,Horror,19,Tablet,12.45,2024-06-12,2026-05-19,40,No
1794,James Wilson,38,Adult,Male,Australia,Basic,Horror,10,Tablet,14.55,2024-07-20,2026-03-13,33,Yes
1795,James Clark,70,Adult,Female,Canada,Basic,Action,48,Smart TV,9.25,2021-04-09,2026-01-04,48,Yes
1796,James Kramer,14,Kids,Male,India,Basic,Family,40,Mobile,18.82,2022-04-25,2026-03-15,29,No
1797,Erik Wilson,17,Kids,Male,Germany,Basic,Thriller,21,Laptop,8.86,2023-05-29,2026-02-03,4,No
1798,Timothy Tucker,39,Adult,Female,UK,Basic,Comedy,8,Smart TV,5.54,2024-12-11,2026-02-10,40,No
1799,Kimberly Clark,40,Adult,Female,France,Premium,Thriller,43,Mobile,6.91,2022-06-22,2026-03-11,20,No
1800,James Curtis,34,Adult,Female,USA,Basic,Animation,26,Smart TV,16.19,2025-01-10,2026-02-25,36,Yes
1801,Erik Miller,54,Adult,Male,Australia,Premium,Family,32,Mobile,14.08,2022-05-20,2026-03-19,16,Yes
1802,Eddie Curtis,7,Kids,Female,USA,Standard,Drama,22,Mobile,8.19,2022-06-19,2026-03-13,45,Yes
1803,Jonathan Mendoza,32,Adult,Female,USA,Standard,Cartoon,15,Laptop,8.82,2023-11-02,2026-02-27,16,No
1804,Eddie Tucker,16,Kids,Male,USA,Premium,Romance,48,Mobile,5.2,2022-03-03,2026-04-27,8,No
1805,Erik Kramer,42,Adult,Female,UK,Premium,Action,12,Mobile,5.7,2023-10-30,2026-06-04,30,Yes
1806,Mark Mendoza,56,Adult,Male,France,Standard,Family,12,Mobile,10.47,2022-07-11,2026-02-10,24,Yes
1807,Courtney Mendoza,39,Adult,Female,UK,Premium,Animation,16,Smart TV,18.2,2023-12-27,2026-01-18,32,No
1808,Mark Mendoza,51,Adult,Female,Canada,Premium,Thriller,32,Tablet,18.53,2022-09-19,2026-04-25,12,No
1809,Jo Wood,49,Adult,Male,USA,Basic,Romance,17,Smart TV,15.79,2022-01-04,2026-04-29,16,Yes
1810,Jo Mendoza,25,Adult,Female,Australia,Premium,Cartoon,35,Mobile,7.81,2022-10-14,2026-04-16,49,Yes
1811,Jonathan Curtis,5,Kids,Male,Australia,Standard,Animation,41,Tablet,6.75,2024-08-07,2026-06-01,38,No
1812,Jo Tucker,50,Adult,Male,France,Premium,Action,48,Tablet,7.81,2022-01-05,2026-01-31,44,No
1813,Courtney Garza,63,Adult,Female,France,Standard,Romance,50,Mobile,18.96,2024-10-21,2026-01-01,3,No
1814,Mark Sherman,65,Adult,Male,USA,Basic,Sci-Fi,22,Smart TV,9.94,2023-09-07,2026-02-26,26,Yes
1815,Mark Tucker,37,Adult,Male,Canada,Standard,Thriller,41,Smart TV,14.93,2024-01-27,2026-01-22,21,Yes
1816,Kimberly Wood,28,Adult,Female,UK,Basic,Drama,48,Mobile,6.05,2024-07-06,2026-01-19,35,No
1817,Courtney Sherman,33,Adult,Male,India,Basic,Horror,20,Laptop,19.05,2023-12-04,2026-01-19,50,No
1818,Timothy Mendoza,31,Adult,Male,France,Standard,Thriller,43,Laptop,7.74,2022-04-02,2026-05-15,37,No
1819,Erik Sherman,41,Adult,Female,Canada,Premium,Fantasy,6,Mobile,17.7,2022-06-11,2026-03-23,27,No
1820,Jo Garza,58,Adult,Female,France,Basic,Animation,18,Tablet,5.16,2021-11-24,2026-01-26,3,Yes
1821,Mark Wilson,69,Adult,Male,USA,Basic,Animation,30,Mobile,17,2025-02-01,2026-01-09,49,Yes
1822,Eddie Kramer,47,Adult,Male,India,Basic,Romance,34,Tablet,12.26,2023-01-06,2026-03-12,8,Yes
1823,Jonathan Mendoza,38,Adult,Female,USA,Basic,Romance,15,Tablet,14.81,2023-08-11,2026-01-15,5,No
1824,James Miller,30,Adult,Female,India,Basic,Action,15,Tablet,14.62,2024-02-16,2026-04-27,1,No
1825,Mark Sherman,58,Adult,Female,UK,Standard,Drama,23,Smart TV,17.75,2021-08-20,2026-05-31,3,No
1826,Timothy Sherman,66,Adult,Female,UK,Premium,Horror,12,Mobile,8.27,2023-01-03,2026-04-06,24,No
1827,Jonathan Mendoza,9,Kids,Female,India,Standard,Fantasy,45,Smart TV,16.57,2022-09-28,2026-03-12,35,Yes
1828,Jonathan Sherman,44,Adult,Male,UK,Premium,Sci-Fi,29,Tablet,9.37,2024-01-04,2026-03-29,22,No
1829,James Curtis,6,Kids,Male,USA,Premium,Cartoon,47,Tablet,16.03,2022-11-11,2026-05-16,6,No
1830,Erik Wood,62,Adult,Male,France,Standard,Sci-Fi,32,Laptop,7.06,2021-02-19,2026-06-06,42,Yes
1831,Mark Wood,49,Adult,Male,Germany,Standard,Animation,19,Smart TV,16.11,2021-04-25,2026-01-25,24,Yes
1832,Jonathan Kramer,60,Adult,Female,Australia,Standard,Family,35,Laptop,7.47,2023-01-26,2026-01-31,33,No
1833,Kimberly Garza,60,Adult,Male,USA,Standard,Fantasy,44,Smart TV,11.08,2023-03-06,2026-02-07,18,No
1834,David Kramer,70,Adult,Female,France,Basic,Romance,41,Mobile,7.93,2021-10-02,2026-01-30,10,Yes
1835,Timothy Mendoza,69,Adult,Male,France,Standard,Animation,14,Mobile,19.41,2024-11-11,2026-02-03,24,No
1836,Eddie Curtis,6,Kids,Female,India,Basic,Family,31,Smart TV,9.07,2022-02-28,2026-04-27,12,No
1837,Kimberly Mendoza,33,Adult,Female,France,Premium,Family,31,Smart TV,17.95,2021-12-14,2026-05-31,19,Yes
1838,Timothy Wilson,46,Adult,Female,Canada,Premium,Animation,47,Tablet,19.6,2022-07-15,2026-03-14,37,No
1839,Eddie Kramer,17,Kids,Female,Germany,Premium,Thriller,48,Tablet,7.79,2022-12-31,2026-03-20,45,No
1840,Kimberly Sherman,40,Adult,Female,UK,Premium,Cartoon,29,Laptop,13.27,2022-11-14,2026-04-14,8,No
1841,Mark Wilson,69,Adult,Female,India,Premium,Sci-Fi,16,Laptop,13.43,2024-12-18,2026-03-21,15,No
1842,James Wood,47,Adult,Female,USA,Standard,Romance,16,Smart TV,11.65,2022-06-18,2026-02-20,15,Yes
1843,David Sherman,66,Adult,Female,Canada,Standard,Action,29,Mobile,8.31,2021-03-16,2026-05-13,32,Yes
1844,James Mendoza,43,Adult,Female,Australia,Basic,Action,24,Mobile,6.28,2023-08-02,2026-06-10,2,No
1845,Kimberly Kramer,10,Kids,Male,Canada,Premium,Horror,39,Smart TV,10.21,2022-03-01,2026-03-12,10,No
1846,Mark Wood,56,Adult,Male,Canada,Standard,Fantasy,21,Smart TV,10.57,2023-06-30,2026-04-30,10,Yes
1847,Mark Kramer,67,Adult,Female,Germany,Standard,Drama,10,Mobile,6.63,2022-04-11,2026-01-31,18,No
1848,Erik Clark,14,Kids,Male,Germany,Premium,Thriller,8,Tablet,10.15,2024-03-08,2026-02-25,44,Yes
1849,Eddie Miller,12,Kids,Female,Germany,Standard,Animation,13,Laptop,8.66,2021-10-19,2026-03-11,18,No
1850,Jo Wood,36,Adult,Male,India,Premium,Cartoon,6,Laptop,16.51,2023-03-08,2026-03-08,9,No
1851,Timothy Miller,31,Adult,Female,India,Premium,Romance,8,Laptop,19.62,2023-12-12,2026-03-13,40,No
1852,Timothy Kramer,20,Adult,Female,India,Basic,Cartoon,50,Tablet,6.5,2024-04-24,2026-01-21,27,Yes
1853,Erik Garza,58,Adult,Female,France,Basic,Thriller,37,Tablet,17.37,2021-09-01,2026-02-07,13,No
1854,Jonathan Miller,22,Adult,Female,UK,Premium,Horror,20,Laptop,19.02,2021-08-05,2026-03-11,50,Yes
1855,Courtney Wood,24,Adult,Male,India,Premium,Drama,33,Mobile,16.18,2023-01-04,2026-02-12,22,Yes
1856,Jo Clark,65,Adult,Female,Canada,Premium,Comedy,27,Smart TV,5.82,2023-06-22,2026-04-09,41,Yes
1857,Jo Kramer,50,Adult,Female,USA,Basic,Thriller,35,Mobile,10.25,2022-08-17,2026-06-03,47,Yes
1858,David Tucker,52,Adult,Female,UK,Standard,Thriller,38,Laptop,11.35,2023-07-26,2026-04-16,1,No
1859,Jonathan Miller,62,Adult,Female,India,Basic,Action,13,Tablet,13.17,2024-11-19,2026-05-18,36,Yes
1860,Mark Miller,13,Kids,Female,France,Basic,Comedy,11,Smart TV,18.66,2024-09-07,2026-05-11,4,Yes
1861,Courtney Tucker,21,Adult,Male,Germany,Premium,Documentary,21,Smart TV,11.43,2025-01-10,2026-02-05,25,No
1862,Eddie Miller,54,Adult,Female,France,Standard,Horror,19,Mobile,16.03,2023-03-28,2026-01-22,25,No
1863,Jonathan Wilson,66,Adult,Male,Australia,Basic,Drama,25,Tablet,14.8,2021-10-29,2026-01-09,19,No
1864,Timothy Miller,21,Adult,Female,Canada,Basic,Comedy,48,Mobile,9.8,2021-02-04,2026-01-30,3,Yes
1865,Kimberly Wilson,32,Adult,Male,France,Basic,Family,38,Laptop,16.16,2023-02-13,2026-03-26,43,No
1866,Erik Sherman,42,Adult,Female,France,Standard,Sci-Fi,24,Laptop,7.43,2021-09-03,2026-04-03,40,Yes
1867,Courtney Miller,36,Adult,Male,UK,Premium,Cartoon,6,Laptop,6.36,2021-05-20,2026-03-06,10,Yes
1868,Kimberly Kramer,14,Kids,Male,Australia,Premium,Fantasy,42,Laptop,12.5,2021-06-23,2026-02-18,15,No
1869,Jonathan Sherman,62,Adult,Male,UK,Premium,Family,21,Smart TV,12.41,2022-05-15,2026-01-04,37,Yes
1870,Jonathan Wood,45,Adult,Female,India,Basic,Fantasy,12,Smart TV,19.86,2023-11-02,2026-05-26,36,No
1871,Courtney Wood,49,Adult,Female,India,Standard,Comedy,12,Smart TV,12.74,2022-01-01,2026-05-16,26,No
1872,Courtney Kramer,9,Kids,Female,Australia,Premium,Thriller,34,Tablet,11.4,2022-06-29,2026-05-12,13,No
1873,Timothy Clark,33,Adult,Female,Australia,Standard,Action,12,Tablet,11.08,2022-03-26,2026-04-15,25,No
1874,Jonathan Mendoza,36,Adult,Female,Canada,Basic,Family,7,Smart TV,15.67,2021-05-12,2026-05-30,7,No
1875,James Kramer,65,Adult,Male,UK,Premium,Fantasy,17,Mobile,15.06,2021-01-10,2026-01-01,20,No
1876,Jonathan Curtis,30,Adult,Male,Australia,Basic,Thriller,11,Laptop,6.64,2023-01-27,2026-03-21,32,Yes
1877,Jo Mendoza,45,Adult,Female,Australia,Premium,Family,16,Smart TV,10.21,2022-06-07,2026-02-21,44,No
1878,Erik Curtis,24,Adult,Male,Canada,Basic,Comedy,9,Mobile,18.8,2024-10-12,2026-01-19,50,Yes
1879,Jonathan Curtis,47,Adult,Female,UK,Basic,Animation,9,Tablet,10.85,2023-04-21,2026-05-07,14,Yes
1880,Timothy Garza,28,Adult,Female,USA,Standard,Documentary,42,Mobile,13.58,2023-06-06,2026-06-08,37,Yes
1881,Kimberly Clark,26,Adult,Male,USA,Standard,Sci-Fi,27,Tablet,15.85,2023-01-02,2026-04-16,3,No
1882,Kimberly Mendoza,26,Adult,Male,Canada,Basic,Horror,14,Tablet,11.05,2023-01-19,2026-01-09,21,No
1883,Jonathan Miller,17,Kids,Female,India,Premium,Action,46,Tablet,13.53,2024-05-02,2026-03-25,22,No
1884,Courtney Wilson,47,Adult,Male,USA,Standard,Comedy,20,Tablet,14.65,2025-01-09,2026-01-09,21,Yes
1885,Mark Garza,53,Adult,Female,UK,Premium,Cartoon,49,Tablet,11.02,2024-12-31,2026-03-21,36,Yes
1886,Jo Kramer,64,Adult,Female,UK,Standard,Documentary,18,Laptop,19.36,2021-02-02,2026-02-13,10,Yes
1887,David Wilson,59,Adult,Male,Germany,Standard,Drama,9,Mobile,9.81,2024-12-08,2026-04-26,19,No
1888,Jonathan Kramer,19,Adult,Female,Australia,Premium,Family,40,Smart TV,15.97,2023-02-09,2026-05-29,4,Yes
1889,James Kramer,38,Adult,Male,India,Premium,Horror,37,Laptop,14.29,2021-02-24,2026-02-25,37,No
1890,Erik Sherman,13,Kids,Female,Australia,Basic,Family,28,Tablet,8.5,2024-03-12,2026-03-03,31,No
1891,Mark Tucker,44,Adult,Male,USA,Standard,Fantasy,6,Mobile,11.34,2023-02-28,2026-06-05,36,Yes
1892,Courtney Clark,22,Adult,Female,UK,Standard,Horror,6,Mobile,7.89,2024-08-29,2026-01-22,20,Yes
1893,Jo Curtis,17,Kids,Female,UK,Basic,Romance,44,Mobile,5.42,2023-10-15,2026-02-02,46,No
1894,Timothy Garza,41,Adult,Male,Germany,Standard,Thriller,31,Smart TV,19.58,2022-05-21,2026-04-13,12,No
1895,David Tucker,65,Adult,Male,France,Standard,Sci-Fi,50,Smart TV,16.72,2022-04-08,2026-01-30,6,No
1896,Mark Garza,66,Adult,Male,Canada,Standard,Romance,10,Laptop,14.89,2024-04-05,2026-01-26,47,Yes
1897,Eddie Garza,38,Adult,Male,India,Basic,Sci-Fi,29,Smart TV,15.6,2021-12-04,2026-02-23,27,Yes
1898,Jo Curtis,18,Adult,Female,UK,Basic,Comedy,20,Tablet,6.28,2023-01-18,2026-05-06,37,No
1899,James Garza,32,Adult,Male,France,Basic,Comedy,17,Laptop,15.02,2021-09-02,2026-03-22,34,No
1900,Kimberly Sherman,9,Kids,Male,Canada,Basic,Thriller,45,Laptop,15.82,2025-01-20,2026-04-02,31,No
1901,Erik Curtis,28,Adult,Male,UK,Basic,Romance,27,Mobile,14.58,2022-10-29,2026-03-30,36,No
1902,Erik Miller,37,Adult,Female,UK,Standard,Cartoon,13,Mobile,16.95,2022-09-26,2026-05-13,26,No
1903,Erik Miller,30,Adult,Male,UK,Basic,Action,44,Laptop,11.97,2024-07-26,2026-01-03,11,No
1904,Timothy Tucker,28,Adult,Female,India,Standard,Fantasy,11,Tablet,10.56,2022-08-30,2026-02-25,44,No
1905,Mark Kramer,50,Adult,Female,UK,Standard,Horror,8,Tablet,9.63,2023-01-25,2026-05-22,3,No
1906,Mark Sherman,6,Kids,Male,Australia,Premium,Animation,21,Laptop,14.53,2023-05-15,2026-06-07,12,No
1907,Eddie Garza,19,Adult,Male,USA,Premium,Action,24,Tablet,17.5,2021-08-23,2026-04-13,2,No
1908,Mark Wilson,53,Adult,Male,India,Premium,Documentary,34,Smart TV,11.43,2023-12-26,2026-04-10,6,Yes
1909,Mark Wood,59,Adult,Male,Canada,Basic,Drama,14,Tablet,8.95,2023-07-10,2026-02-12,42,Yes
1910,Jonathan Mendoza,53,Adult,Male,UK,Standard,Documentary,20,Tablet,10.27,2023-02-03,2026-05-20,49,No
1911,David Curtis,34,Adult,Male,UK,Basic,Drama,8,Tablet,7.2,2023-06-13,2026-02-02,46,No
1912,Erik Kramer,13,Kids,Male,USA,Standard,Action,39,Tablet,18.63,2023-09-11,2026-05-14,34,No
1913,Jonathan Garza,58,Adult,Female,Germany,Basic,Fantasy,47,Tablet,8.76,2021-11-01,2026-02-12,50,No
1914,Timothy Tucker,42,Adult,Female,France,Standard,Comedy,49,Smart TV,17.23,2024-01-30,2026-02-03,13,No
1915,Mark Kramer,46,Adult,Female,Australia,Standard,Thriller,9,Tablet,5.82,2022-06-16,2026-02-21,10,Yes
1916,Erik Miller,42,Adult,Male,India,Premium,Fantasy,22,Mobile,6.38,2021-08-03,2026-05-19,32,Yes
1917,Courtney Wilson,8,Kids,Female,France,Standard,Thriller,30,Tablet,10.52,2023-02-16,2026-01-06,29,No
1918,Mark Wilson,34,Adult,Female,France,Standard,Family,22,Mobile,11.38,2024-12-06,2026-05-31,26,Yes
1919,Jonathan Wilson,35,Adult,Female,Australia,Premium,Fantasy,49,Tablet,16.28,2021-12-03,2026-03-20,4,No
1920,David Sherman,15,Kids,Female,India,Standard,Drama,39,Smart TV,11.85,2024-08-14,2026-03-23,40,Yes
1921,Erik Clark,33,Adult,Male,India,Standard,Sci-Fi,45,Smart TV,16.08,2024-04-23,2026-02-21,24,Yes
1922,Timothy Mendoza,47,Adult,Male,Canada,Premium,Fantasy,6,Smart TV,13.94,2024-04-22,2026-04-08,11,No
1923,Jo Curtis,54,Adult,Female,UK,Premium,Horror,15,Smart TV,15.84,2023-12-30,2026-05-13,2,No
1924,James Curtis,40,Adult,Male,Germany,Basic,Fantasy,50,Mobile,15.79,2023-12-19,2026-02-03,26,Yes
1925,Timothy Sherman,66,Adult,Female,UK,Basic,Action,25,Laptop,10.64,2022-02-21,2026-01-12,5,No
1926,Eddie Mendoza,33,Adult,Male,USA,Premium,Family,27,Mobile,10.03,2023-02-11,2026-04-18,2,Yes
1927,Jonathan Sherman,32,Adult,Female,USA,Premium,Fantasy,26,Smart TV,13.1,2021-05-18,2026-04-01,7,Yes
1928,Jonathan Clark,60,Adult,Female,Germany,Standard,Thriller,43,Laptop,16.99,2024-08-13,2026-01-23,29,Yes
1929,Jonathan Curtis,24,Adult,Female,India,Standard,Thriller,32,Smart TV,6.64,2023-05-16,2026-01-13,18,No
1930,Courtney Curtis,29,Adult,Female,France,Basic,Romance,10,Mobile,7.78,2022-03-04,2026-03-26,36,Yes
1931,Jo Mendoza,23,Adult,Female,Australia,Premium,Family,43,Smart TV,5.23,2024-07-06,2026-05-09,9,No
1932,Jonathan Mendoza,12,Kids,Male,USA,Premium,Family,10,Smart TV,19.56,2024-04-13,2026-05-23,43,No
1933,Courtney Garza,6,Kids,Female,Australia,Basic,Comedy,21,Tablet,16.42,2024-03-06,2026-05-07,27,Yes
1934,David Clark,24,Adult,Female,USA,Basic,Drama,23,Mobile,11.98,2021-01-01,2026-06-03,20,No
1935,Jo Wilson,67,Adult,Female,India,Premium,Fantasy,6,Tablet,8.26,2025-01-08,2026-04-08,43,Yes
1936,Jo Tucker,9,Kids,Female,UK,Premium,Animation,16,Mobile,12.12,2021-04-01,2026-04-16,50,Yes
1937,Eddie Clark,65,Adult,Male,USA,Basic,Documentary,21,Laptop,7.11,2023-03-15,2026-04-11,15,No
1938,Mark Curtis,13,Kids,Male,Germany,Standard,Animation,30,Mobile,7.76,2022-03-07,2026-04-14,20,No
1939,Eddie Wilson,50,Adult,Female,USA,Basic,Animation,10,Mobile,12.27,2024-11-08,2026-03-12,3,Yes
1940,David Mendoza,42,Adult,Male,UK,Premium,Family,34,Tablet,14.07,2023-03-26,2026-04-12,36,Yes
1941,Jo Mendoza,31,Adult,Male,India,Premium,Fantasy,31,Mobile,7.47,2022-10-25,2026-06-02,33,No
1942,Kimberly Wilson,19,Adult,Male,Australia,Standard,Horror,48,Smart TV,12.18,2024-05-05,2026-05-10,6,Yes
1943,Jo Kramer,47,Adult,Female,France,Premium,Sci-Fi,38,Tablet,15.45,2021-11-15,2026-03-28,44,Yes
1944,Mark Tucker,6,Kids,Female,UK,Basic,Comedy,30,Smart TV,19.65,2024-08-15,2026-05-12,32,No
1945,Courtney Wood,52,Adult,Female,Australia,Standard,Comedy,16,Smart TV,14.75,2023-12-10,2026-04-16,22,Yes
1946,David Wilson,40,Adult,Male,Germany,Premium,Documentary,48,Smart TV,17.56,2021-04-16,2026-04-29,16,Yes
1947,Eddie Wilson,40,Adult,Female,UK,Premium,Action,22,Laptop,9.11,2021-05-13,2026-03-06,9,No
1948,James Mendoza,43,Adult,Male,France,Basic,Drama,46,Tablet,16.56,2021-10-29,2026-02-05,32,Yes
1949,James Sherman,70,Adult,Male,France,Standard,Thriller,10,Tablet,18.7,2023-01-22,2026-01-16,19,No
1950,David Clark,69,Adult,Male,USA,Standard,Action,31,Laptop,16.03,2021-05-03,2026-02-23,8,No
1951,Courtney Tucker,39,Adult,Female,India,Basic,Romance,33,Mobile,6.62,2023-07-29,2026-06-09,36,No
1952,Timothy Curtis,23,Adult,Female,India,Basic,Action,22,Laptop,18.79,2021-04-16,2026-03-30,35,Yes
1953,Jonathan Sherman,34,Adult,Male,USA,Standard,Comedy,16,Smart TV,6.44,2024-09-30,2026-06-04,8,Yes
1954,David Miller,33,Adult,Female,India,Standard,Cartoon,15,Tablet,18.27,2023-08-05,2026-01-29,4,No
1955,Erik Garza,54,Adult,Male,Australia,Premium,Thriller,13,Tablet,6,2024-08-12,2026-02-16,14,No
1956,Timothy Curtis,57,Adult,Female,France,Premium,Documentary,8,Laptop,14.9,2024-02-05,2026-01-28,49,Yes
1957,Jonathan Mendoza,36,Adult,Male,Germany,Basic,Action,20,Laptop,6.17,2022-08-25,2026-06-03,34,Yes
1958,Mark Clark,60,Adult,Male,Germany,Premium,Comedy,8,Laptop,19.15,2021-12-31,2026-05-20,15,No
1959,James Miller,60,Adult,Female,Germany,Standard,Action,42,Laptop,13.61,2022-11-07,2026-04-15,17,Yes
1960,James Sherman,32,Adult,Female,Canada,Basic,Romance,35,Smart TV,15.25,2021-04-30,2026-03-14,41,Yes
1961,Jonathan Wood,28,Adult,Male,Germany,Basic,Romance,23,Smart TV,5.46,2022-01-26,2026-05-04,47,No
1962,Erik Sherman,40,Adult,Female,UK,Premium,Action,45,Laptop,19.35,2023-12-15,2026-04-10,23,No
1963,Mark Garza,32,Adult,Female,Australia,Basic,Family,46,Laptop,17.03,2023-04-18,2026-01-01,18,No
1964,Jonathan Clark,46,Adult,Male,India,Standard,Family,8,Smart TV,19.81,2023-05-10,2026-05-18,30,Yes
1965,David Tucker,43,Adult,Male,Australia,Premium,Action,23,Smart TV,5.13,2021-01-04,2026-03-04,13,No
1966,Jonathan Sherman,22,Adult,Female,USA,Premium,Horror,32,Smart TV,11.79,2021-12-01,2026-05-17,2,Yes
1967,Jonathan Clark,58,Adult,Male,Canada,Basic,Sci-Fi,44,Laptop,14.87,2024-10-19,2026-04-10,4,Yes
1968,James Curtis,37,Adult,Female,France,Basic,Comedy,44,Laptop,16.43,2023-01-23,2026-04-16,11,No
1969,Mark Curtis,67,Adult,Female,USA,Basic,Comedy,34,Mobile,10.24,2023-02-12,2026-02-07,50,No
1970,Mark Miller,21,Adult,Female,Australia,Basic,Drama,38,Smart TV,13.71,2022-07-03,2026-05-12,46,No
1971,Courtney Sherman,36,Adult,Male,Canada,Basic,Action,48,Mobile,9.27,2022-06-26,2026-03-24,41,No
1972,Courtney Curtis,65,Adult,Female,UK,Basic,Sci-Fi,41,Mobile,7.21,2021-04-19,2026-02-01,34,Yes
1973,James Sherman,20,Adult,Male,India,Premium,Fantasy,15,Laptop,18.94,2021-03-30,2026-03-22,35,Yes
1974,Mark Tucker,60,Adult,Female,UK,Basic,Sci-Fi,5,Tablet,16.01,2025-01-11,2026-06-05,12,No
1975,Kimberly Garza,56,Adult,Male,India,Premium,Thriller,26,Mobile,9.96,2021-07-10,2026-01-04,37,Yes
1976,Kimberly Tucker,60,Adult,Male,USA,Basic,Thriller,42,Smart TV,18.38,2024-07-12,2026-03-04,35,Yes
1977,Timothy Tucker,52,Adult,Female,UK,Standard,Comedy,5,Tablet,16.04,2023-04-26,2026-04-13,9,No
1978,David Tucker,14,Kids,Male,Canada,Basic,Animation,34,Tablet,17.15,2021-09-13,2026-05-12,31,Yes
1979,Kimberly Sherman,43,Adult,Male,France,Standard,Cartoon,43,Mobile,18.81,2023-09-07,2026-02-17,2,No
1980,Mark Mendoza,37,Adult,Female,Germany,Standard,Romance,43,Laptop,6.26,2025-01-30,2026-04-23,33,Yes
1981,James Wood,16,Kids,Male,USA,Standard,Horror,28,Smart TV,19.61,2022-11-26,2026-01-24,32,Yes
1982,James Miller,8,Kids,Female,India,Premium,Drama,5,Laptop,5,2021-02-15,2026-05-20,34,No
1983,Courtney Clark,10,Kids,Male,UK,Standard,Sci-Fi,30,Mobile,7.15,2022-04-19,2026-02-16,32,No
1984,David Clark,62,Adult,Female,USA,Basic,Drama,19,Tablet,13.69,2024-06-29,2026-05-28,1,Yes
1985,Courtney Tucker,40,Adult,Female,Germany,Premium,Documentary,9,Mobile,7.57,2021-06-28,2026-02-02,42,No
1986,David Tucker,56,Adult,Female,India,Premium,Family,17,Mobile,14.17,2023-06-11,2026-05-14,5,Yes
1987,Erik Curtis,29,Adult,Female,Australia,Basic,Action,41,Tablet,19,2023-07-21,2026-04-22,36,No
1988,Courtney Mendoza,17,Kids,Female,UK,Premium,Cartoon,32,Tablet,5.95,2021-06-03,2026-04-21,32,Yes
1989,Eddie Tucker,45,Adult,Male,India,Premium,Romance,50,Mobile,8.05,2023-11-02,2026-05-29,23,Yes
1990,James Sherman,20,Adult,Male,France,Standard,Documentary,16,Tablet,19.55,2024-01-15,2026-04-02,6,Yes
1991,Mark Tucker,39,Adult,Female,USA,Premium,Cartoon,37,Mobile,18.87,2023-01-16,2026-06-01,23,No
1992,Erik Miller,57,Adult,Female,Canada,Basic,Thriller,5,Tablet,17.21,2021-08-07,2026-05-11,7,No
1993,Jonathan Sherman,56,Adult,Male,India,Standard,Comedy,50,Laptop,9.92,2023-04-28,2026-02-27,31,Yes
1994,Timothy Tucker,67,Adult,Female,Australia,Standard,Family,38,Tablet,15.26,2023-07-11,2026-04-23,41,Yes
1995,Jo Garza,50,Adult,Male,India,Basic,Drama,48,Laptop,12.9,2022-07-28,2026-03-22,21,No
1996,James Curtis,21,Adult,Male,UK,Standard,Romance,37,Smart TV,18.23,2023-01-25,2026-01-08,26,No
1997,Jo Garza,19,Adult,Male,USA,Premium,Documentary,22,Smart TV,19.58,2022-12-24,2026-01-28,29,No
1998,Jo Tucker,62,Adult,Female,USA,Basic,Animation,50,Smart TV,6.33,2024-11-26,2026-04-24,24,No
1999,Kimberly Sherman,63,Adult,Female,Canada,Basic,Fantasy,6,Smart TV,8.5,2021-06-17,2026-06-05,5,Yes
2000,Kimberly Miller,49,Adult,Male,Australia,Standard,Comedy,40,Smart TV,13.29,2021-08-11,2026-03-27,41,Yes
2001,Jo Miller,43,Adult,Male,France,Basic,Romance,27,Smart TV,16.78,2023-11-01,2026-01-31,10,No
2002,Erik Miller,51,Adult,Female,Canada,Basic,Thriller,11,Laptop,5.76,2025-01-17,2026-06-10,12,Yes
2003,James Kramer,5,Kids,Female,UK,Premium,Thriller,10,Laptop,12.69,2023-11-17,2026-05-12,27,Yes
2004,David Wood,48,Adult,Male,Germany,Basic,Action,31,Smart TV,16.2,2023-06-03,2026-03-10,35,No
2005,Eddie Wood,18,Adult,Female,USA,Basic,Documentary,44,Smart TV,14.63,2023-05-29,2026-04-17,45,Yes
2006,Timothy Wood,16,Kids,Female,India,Premium,Animation,10,Smart TV,9.31,2021-06-30,2026-06-05,21,Yes
2007,Jo Wilson,48,Adult,Male,France,Standard,Animation,8,Mobile,8.53,2023-06-29,2026-02-24,16,Yes
2008,Eddie Tucker,51,Adult,Male,Canada,Basic,Cartoon,29,Laptop,18.7,2023-09-28,2026-03-09,27,Yes
2009,James Wilson,67,Adult,Female,USA,Basic,Documentary,7,Tablet,8.87,2021-04-01,2026-02-05,8,No
2010,Jo Mendoza,64,Adult,Female,France,Premium,Sci-Fi,34,Laptop,19.92,2024-06-05,2026-06-10,12,No
2011,Jonathan Clark,24,Adult,Female,USA,Basic,Family,43,Mobile,13.26,2024-08-07,2026-03-09,49,No
2012,Courtney Wood,45,Adult,Male,India,Standard,Sci-Fi,43,Smart TV,12.35,2021-12-23,2026-05-21,14,No
2013,Courtney Miller,42,Adult,Female,France,Premium,Animation,26,Tablet,7.06,2024-01-22,2026-04-26,13,No
2014,Jo Curtis,35,Adult,Female,UK,Basic,Cartoon,13,Smart TV,11.37,2024-01-11,2026-01-17,15,Yes
2015,James Curtis,13,Kids,Female,India,Basic,Family,38,Laptop,18.95,2022-03-30,2026-02-09,37,Yes
2016,Courtney Clark,5,Kids,Female,France,Standard,Family,10,Laptop,10.91,2021-03-08,2026-01-14,22,No
2017,James Kramer,17,Kids,Male,USA,Standard,Thriller,14,Tablet,19.98,2023-02-21,2026-01-02,31,No
2018,Jo Curtis,65,Adult,Female,USA,Basic,Romance,27,Smart TV,16.05,2024-01-26,2026-02-07,9,Yes
2019,James Wood,38,Adult,Female,Germany,Basic,Thriller,28,Smart TV,13.29,2024-05-04,2026-05-06,44,Yes
2020,Eddie Mendoza,35,Adult,Female,UK,Standard,Documentary,5,Tablet,19.33,2022-12-23,2026-03-11,41,No
2021,Mark Garza,63,Adult,Male,France,Basic,Action,8,Laptop,13.41,2023-09-13,2026-02-06,45,No
2022,Kimberly Sherman,29,Adult,Female,USA,Premium,Documentary,40,Smart TV,9.8,2023-11-04,2026-04-17,23,Yes
2023,Jo Wood,17,Kids,Female,USA,Basic,Animation,25,Mobile,18.75,2023-12-27,2026-02-17,45,No
2024,David Mendoza,28,Adult,Male,Germany,Basic,Action,19,Mobile,7.74,2023-08-08,2026-01-23,24,No
2025,Jo Clark,68,Adult,Male,Germany,Basic,Horror,14,Smart TV,16.98,2024-11-30,2026-05-03,44,Yes
2026,Mark Clark,48,Adult,Female,France,Premium,Horror,12,Laptop,14.99,2024-10-30,2026-04-26,12,No
2027,Jo Wood,24,Adult,Female,UK,Premium,Animation,28,Mobile,8.72,2022-04-17,2026-05-05,34,No
2028,David Tucker,19,Adult,Female,Canada,Premium,Sci-Fi,27,Tablet,5.93,2023-07-18,2026-05-25,19,No
2029,Courtney Mendoza,65,Adult,Female,Canada,Basic,Family,14,Tablet,12.72,2024-04-02,2026-03-23,8,Yes
2030,Eddie Miller,20,Adult,Male,India,Standard,Documentary,37,Laptop,18.84,2021-01-18,2026-03-04,47,No
2031,James Kramer,38,Adult,Female,India,Standard,Documentary,50,Tablet,6.1,2024-10-20,2026-01-30,13,No
2032,Jonathan Curtis,33,Adult,Female,France,Basic,Horror,7,Smart TV,8.85,2022-10-20,2026-03-10,46,No
2033,Kimberly Kramer,53,Adult,Female,France,Standard,Cartoon,36,Mobile,13.3,2024-09-10,2026-03-24,10,No
2034,Eddie Clark,24,Adult,Female,UK,Premium,Romance,14,Laptop,13.85,2023-06-06,2026-05-08,35,No
2035,James Kramer,64,Adult,Female,USA,Basic,Thriller,6,Mobile,13.66,2023-10-21,2026-04-17,21,Yes
2036,Courtney Tucker,41,Adult,Female,Australia,Premium,Cartoon,37,Mobile,7.53,2022-11-28,2026-03-26,42,Yes
2037,Jonathan Miller,15,Kids,Male,USA,Premium,Animation,39,Tablet,9.56,2021-02-10,2026-02-25,14,No
2038,David Clark,30,Adult,Male,France,Standard,Thriller,15,Mobile,7.15,2022-11-02,2026-03-21,5,No
2039,Erik Garza,20,Adult,Male,Australia,Standard,Action,23,Laptop,17.97,2022-05-01,2026-02-23,12,No
2040,David Miller,19,Adult,Male,India,Standard,Drama,39,Smart TV,6.86,2022-05-17,2026-05-30,38,Yes
2041,James Curtis,11,Kids,Male,India,Premium,Fantasy,32,Tablet,12.29,2023-06-10,2026-03-17,42,Yes
2042,David Sherman,44,Adult,Male,Germany,Basic,Thriller,23,Mobile,13.97,2022-08-06,2026-05-18,26,No
2043,Kimberly Wood,43,Adult,Male,USA,Standard,Animation,8,Smart TV,13.04,2023-04-28,2026-04-20,45,Yes
2044,Courtney Miller,7,Kids,Female,UK,Basic,Thriller,34,Tablet,16.84,2021-05-21,2026-05-16,6,Yes
2045,Timothy Kramer,62,Adult,Male,France,Standard,Cartoon,12,Tablet,16.05,2022-10-31,2026-04-15,23,No
2046,Mark Mendoza,13,Kids,Male,India,Standard,Cartoon,17,Smart TV,19.27,2021-12-17,2026-06-01,17,No
2047,Eddie Kramer,51,Adult,Female,USA,Standard,Sci-Fi,13,Laptop,16.3,2024-05-13,2026-04-29,32,Yes
2048,Kimberly Sherman,46,Adult,Female,France,Premium,Drama,22,Mobile,15.96,2022-09-24,2026-01-01,49,No
2049,James Wood,40,Adult,Male,UK,Basic,Action,18,Mobile,18.66,2025-01-25,2026-04-29,48,Yes
2050,Courtney Clark,19,Adult,Male,Canada,Basic,Animation,48,Laptop,18.49,2022-05-22,2026-04-22,35,Yes
2051,Timothy Wilson,43,Adult,Male,India,Basic,Thriller,6,Mobile,7.99,2023-11-20,2026-03-13,4,Yes
2052,Timothy Tucker,34,Adult,Female,USA,Basic,Cartoon,6,Tablet,14.05,2021-03-01,2026-02-21,49,Yes
2053,Erik Miller,64,Adult,Female,France,Premium,Romance,34,Laptop,17.15,2024-04-13,2026-03-27,24,No
2054,Eddie Garza,59,Adult,Male,Australia,Basic,Drama,15,Laptop,7.13,2023-09-14,2026-04-21,42,Yes
2055,James Garza,24,Adult,Male,Germany,Premium,Horror,43,Smart TV,18.99,2023-04-18,2026-01-20,21,Yes
2056,Eddie Wilson,33,Adult,Female,France,Premium,Thriller,43,Mobile,8.68,2021-10-17,2026-03-13,43,Yes
2057,Mark Miller,13,Kids,Male,Canada,Basic,Horror,15,Laptop,15.82,2025-01-31,2026-02-28,7,Yes
2058,Mark Kramer,54,Adult,Female,India,Premium,Horror,23,Laptop,19.64,2022-11-23,2026-05-20,3,Yes
2059,Courtney Tucker,24,Adult,Female,India,Basic,Animation,41,Mobile,8.61,2024-10-20,2026-03-10,46,Yes
2060,Kimberly Miller,7,Kids,Female,France,Standard,Thriller,17,Laptop,5.71,2024-12-31,2026-05-24,33,No
2061,Jonathan Garza,70,Adult,Female,Germany,Basic,Action,29,Laptop,18.88,2021-03-20,2026-05-13,48,No
2062,Jonathan Tucker,63,Adult,Female,Germany,Premium,Cartoon,7,Mobile,12.11,2022-06-04,2026-05-07,27,Yes
2063,Eddie Tucker,18,Adult,Male,Germany,Premium,Thriller,18,Mobile,15,2023-03-20,2026-02-04,38,No
2064,Courtney Garza,63,Adult,Female,Germany,Premium,Comedy,46,Tablet,11.21,2021-02-17,2026-04-25,17,No
2065,Erik Wood,33,Adult,Male,Germany,Standard,Drama,47,Laptop,15.53,2024-07-06,2026-04-08,30,No
2066,Eddie Wood,28,Adult,Male,France,Premium,Family,40,Smart TV,10.37,2023-10-26,2026-03-10,42,No
2067,Timothy Garza,29,Adult,Male,Canada,Premium,Romance,41,Mobile,18.48,2021-06-02,2026-05-25,21,No
2068,David Miller,21,Adult,Female,Canada,Basic,Thriller,46,Laptop,16.32,2021-06-08,2026-04-21,48,Yes
2069,Courtney Kramer,36,Adult,Male,USA,Basic,Documentary,43,Laptop,11.97,2024-09-16,2026-02-02,14,No
2070,Mark Sherman,62,Adult,Male,UK,Standard,Comedy,47,Smart TV,14.88,2022-01-27,2026-02-05,46,No
2071,Mark Wood,15,Kids,Male,India,Premium,Sci-Fi,19,Smart TV,16.22,2023-04-02,2026-04-03,40,Yes
2072,Courtney Tucker,32,Adult,Male,Canada,Basic,Action,11,Tablet,12.55,2022-12-23,2026-04-18,41,Yes
2073,James Garza,45,Adult,Male,France,Standard,Sci-Fi,5,Tablet,13.8,2024-12-06,2026-03-27,35,No
2074,James Garza,27,Adult,Male,India,Standard,Thriller,44,Mobile,19.18,2022-01-02,2026-04-23,36,No
2075,Erik Garza,28,Adult,Male,India,Premium,Action,12,Smart TV,6.71,2021-06-06,2026-03-11,21,No
2076,James Wood,8,Kids,Male,Australia,Standard,Animation,49,Mobile,16.07,2023-02-23,2026-04-18,36,Yes
2077,Courtney Clark,59,Adult,Male,India,Basic,Animation,9,Laptop,10.06,2021-05-19,2026-01-03,33,No
2078,Kimberly Tucker,28,Adult,Female,India,Standard,Animation,50,Mobile,6.37,2024-04-30,2026-05-21,33,No
2079,Mark Sherman,62,Adult,Male,Canada,Basic,Documentary,44,Smart TV,10.02,2023-06-08,2026-04-04,46,Yes
2080,Erik Kramer,30,Adult,Female,Germany,Basic,Documentary,38,Smart TV,6.25,2021-09-05,2026-03-31,18,Yes
2081,Jonathan Garza,67,Adult,Female,Germany,Premium,Animation,40,Mobile,10.06,2024-09-16,2026-01-01,14,Yes
2082,Mark Wood,8,Kids,Male,France,Basic,Cartoon,40,Smart TV,6.9,2023-09-04,2026-03-01,13,No
2083,Eddie Curtis,13,Kids,Male,Australia,Premium,Thriller,41,Laptop,7.82,2021-04-08,2026-03-28,41,Yes
2084,Mark Mendoza,67,Adult,Female,France,Premium,Drama,49,Smart TV,8.49,2023-10-01,2026-05-04,49,Yes
2085,Jonathan Curtis,15,Kids,Female,India,Basic,Cartoon,42,Laptop,18.4,2024-06-28,2026-01-21,38,Yes
2086,Mark Sherman,59,Adult,Female,USA,Basic,Comedy,12,Tablet,18.41,2024-10-23,2026-04-04,16,Yes
2087,Timothy Miller,14,Kids,Male,India,Basic,Sci-Fi,22,Smart TV,8.4,2023-05-01,2026-02-18,38,No
2088,Timothy Wilson,11,Kids,Female,Germany,Basic,Sci-Fi,9,Tablet,14.64,2022-06-02,2026-03-07,12,No
2089,Courtney Mendoza,25,Adult,Male,Germany,Premium,Animation,23,Mobile,9.6,2021-11-03,2026-05-29,17,Yes
2090,Timothy Kramer,68,Adult,Male,UK,Standard,Drama,19,Smart TV,14.84,2022-10-17,2026-01-13,38,Yes
2091,Erik Clark,9,Kids,Female,USA,Standard,Fantasy,26,Tablet,11.61,2023-03-04,2026-01-26,16,Yes
2092,Jonathan Wilson,41,Adult,Female,UK,Basic,Romance,25,Tablet,18.07,2021-01-27,2026-04-08,39,Yes
2093,Courtney Wood,68,Adult,Female,Canada,Premium,Family,16,Smart TV,12.84,2023-03-18,2026-01-27,18,No
2094,Courtney Tucker,27,Adult,Male,Australia,Premium,Animation,31,Laptop,11.71,2021-05-24,2026-06-05,43,No
2095,Jo Wilson,62,Adult,Male,Canada,Premium,Romance,25,Tablet,18.36,2022-12-09,2026-03-02,18,No
2096,David Wood,42,Adult,Male,India,Premium,Animation,50,Smart TV,11.61,2022-12-24,2026-02-18,27,Yes
2097,Jonathan Curtis,8,Kids,Male,France,Standard,Drama,44,Tablet,8.93,2023-03-21,2026-04-29,39,Yes
2098,Eddie Mendoza,65,Adult,Male,Canada,Basic,Comedy,42,Smart TV,14.53,2025-01-07,2026-02-04,26,No
2099,Courtney Sherman,50,Adult,Male,Germany,Standard,Family,48,Laptop,18.32,2024-07-17,2026-01-24,21,No
2100,Courtney Wilson,25,Adult,Male,India,Standard,Thriller,30,Laptop,16.32,2024-07-30,2026-03-01,22,Yes
2101,Timothy Wilson,70,Adult,Female,France,Basic,Animation,49,Laptop,15.77,2024-05-23,2026-04-10,2,No
2102,David Wilson,40,Adult,Male,Germany,Basic,Drama,7,Smart TV,16.65,2021-09-27,2026-06-05,45,Yes
2103,Mark Curtis,33,Adult,Female,USA,Premium,Animation,38,Mobile,6.31,2021-01-09,2026-02-04,17,No
2104,Jonathan Garza,16,Kids,Male,Canada,Premium,Fantasy,43,Tablet,17.84,2024-09-24,2026-01-20,39,Yes
2105,Timothy Curtis,52,Adult,Male,USA,Standard,Comedy,49,Laptop,10.38,2024-10-09,2026-03-30,6,No
2106,Courtney Kramer,19,Adult,Male,UK,Basic,Horror,19,Mobile,18.84,2021-05-06,2026-03-12,35,No
2107,James Garza,48,Adult,Female,UK,Basic,Sci-Fi,42,Laptop,15.49,2023-05-27,2026-02-17,39,No
2108,Jo Miller,64,Adult,Female,India,Premium,Comedy,38,Mobile,11.11,2024-06-19,2026-03-09,29,No
2109,Timothy Mendoza,45,Adult,Female,USA,Standard,Family,40,Mobile,7.18,2023-10-18,2026-01-13,18,Yes
2110,Jonathan Wood,66,Adult,Male,Australia,Basic,Cartoon,20,Smart TV,5.58,2024-07-06,2026-05-21,2,No
2111,Kimberly Curtis,17,Kids,Female,Australia,Standard,Family,30,Laptop,8.22,2022-11-21,2026-04-09,41,No
2112,Erik Clark,31,Adult,Female,Germany,Standard,Action,24,Smart TV,17.26,2025-01-14,2026-02-23,32,Yes
2113,James Wood,48,Adult,Male,India,Standard,Drama,44,Smart TV,6.99,2024-11-22,2026-05-10,40,Yes
2114,Courtney Wilson,26,Adult,Male,Canada,Basic,Fantasy,18,Laptop,5.65,2021-10-03,2026-04-09,21,Yes
2115,David Tucker,24,Adult,Female,Australia,Premium,Cartoon,7,Tablet,14.71,2024-11-17,2026-02-06,43,Yes
2116,James Kramer,60,Adult,Female,USA,Basic,Animation,13,Tablet,16.93,2022-06-23,2026-02-02,29,Yes
2117,Eddie Garza,40,Adult,Male,France,Standard,Animation,24,Laptop,7.27,2023-01-31,2026-04-10,28,Yes
2118,Eddie Kramer,48,Adult,Female,UK,Standard,Action,23,Tablet,12.74,2022-03-11,2026-01-23,14,No
2119,Timothy Wood,7,Kids,Male,Canada,Premium,Sci-Fi,23,Smart TV,17.6,2021-06-09,2026-06-08,22,No
2120,Jonathan Wood,23,Adult,Male,Canada,Basic,Action,33,Smart TV,5.07,2023-03-10,2026-06-03,21,No
2121,Erik Kramer,39,Adult,Male,Germany,Basic,Animation,44,Smart TV,6.45,2025-01-11,2026-03-27,20,No
2122,Jonathan Clark,39,Adult,Male,France,Basic,Sci-Fi,32,Tablet,16.84,2022-11-11,2026-05-03,17,No
2123,Mark Garza,40,Adult,Male,USA,Basic,Sci-Fi,18,Tablet,17.44,2025-01-05,2026-04-12,42,Yes
2124,Courtney Sherman,23,Adult,Male,Canada,Premium,Cartoon,30,Tablet,10.05,2022-07-24,2026-01-15,24,No
2125,David Clark,11,Kids,Female,Germany,Premium,Thriller,7,Mobile,13.29,2024-05-19,2026-01-02,21,No
2126,Erik Mendoza,44,Adult,Male,USA,Standard,Comedy,40,Tablet,7.75,2021-06-27,2026-03-20,17,No
2127,James Kramer,6,Kids,Male,Canada,Basic,Sci-Fi,24,Laptop,12.1,2022-11-17,2026-01-07,10,Yes
2128,Jonathan Clark,42,Adult,Female,USA,Basic,Thriller,42,Mobile,7.99,2023-08-13,2026-05-11,30,Yes
2129,Courtney Tucker,50,Adult,Female,India,Basic,Sci-Fi,46,Mobile,16.23,2023-04-19,2026-04-02,44,Yes
2130,Mark Curtis,66,Adult,Male,Australia,Standard,Animation,49,Smart TV,9.76,2024-02-23,2026-01-25,48,No
2131,Eddie Miller,22,Adult,Female,Germany,Premium,Horror,38,Tablet,10.39,2023-02-18,2026-01-15,15,No
2132,Jonathan Curtis,36,Adult,Male,Australia,Basic,Fantasy,29,Tablet,11.96,2023-08-09,2026-06-01,4,No
2133,Kimberly Clark,25,Adult,Female,Germany,Standard,Drama,49,Laptop,9.34,2023-05-27,2026-05-13,36,Yes
2134,David Mendoza,6,Kids,Male,USA,Basic,Animation,18,Laptop,14.71,2022-08-15,2026-01-16,46,No
2135,Kimberly Wilson,52,Adult,Female,Germany,Premium,Horror,47,Mobile,9.11,2023-03-09,2026-05-31,43,No
2136,David Kramer,42,Adult,Female,UK,Standard,Documentary,7,Tablet,18.59,2024-07-04,2026-03-29,16,Yes
2137,Kimberly Wood,31,Adult,Female,Australia,Standard,Horror,48,Smart TV,14.2,2024-05-30,2026-04-09,33,No
2138,David Miller,43,Adult,Male,Germany,Premium,Documentary,18,Laptop,6.74,2022-07-05,2026-03-17,33,No
2139,David Curtis,36,Adult,Female,UK,Basic,Action,12,Smart TV,19.63,2024-08-02,2026-01-04,38,No
2140,David Sherman,35,Adult,Female,USA,Premium,Fantasy,38,Laptop,14.35,2023-04-14,2026-01-14,46,No
2141,Timothy Clark,12,Kids,Male,Australia,Basic,Horror,46,Smart TV,10.88,2022-12-27,2026-02-19,35,Yes
2142,Courtney Garza,36,Adult,Female,USA,Premium,Horror,33,Mobile,15.84,2024-03-08,2026-03-18,17,No
2143,David Curtis,63,Adult,Female,Australia,Standard,Drama,11,Smart TV,16.14,2022-06-22,2026-02-12,24,No
2144,Erik Curtis,67,Adult,Male,Germany,Standard,Family,17,Mobile,5.31,2021-07-04,2026-04-29,50,No
2145,Courtney Clark,20,Adult,Female,India,Basic,Sci-Fi,18,Mobile,11.8,2021-03-17,2026-02-17,41,No
2146,Erik Wood,36,Adult,Male,Australia,Basic,Action,8,Laptop,9.15,2024-07-28,2026-03-24,4,Yes
2147,Timothy Curtis,44,Adult,Male,Germany,Basic,Horror,17,Smart TV,5.72,2024-06-06,2026-06-07,12,Yes
2148,Erik Clark,21,Adult,Female,France,Standard,Animation,49,Tablet,19.1,2023-01-16,2026-05-10,5,Yes
2149,Courtney Tucker,13,Kids,Female,India,Standard,Family,14,Mobile,18.37,2022-02-14,2026-05-31,1,Yes
2150,Courtney Clark,47,Adult,Male,UK,Basic,Fantasy,17,Laptop,5.57,2024-03-25,2026-04-06,22,No
2151,Courtney Garza,28,Adult,Male,UK,Standard,Romance,21,Tablet,5.08,2021-06-01,2026-01-30,23,Yes
2152,David Kramer,57,Adult,Female,Australia,Standard,Drama,48,Tablet,15.14,2024-06-30,2026-05-25,46,No
2153,Kimberly Wood,13,Kids,Female,Canada,Basic,Cartoon,31,Tablet,19.01,2021-11-23,2026-04-25,47,Yes
2154,Eddie Wilson,54,Adult,Male,USA,Premium,Drama,15,Mobile,11.96,2023-02-11,2026-01-06,19,No
2155,Jonathan Wilson,49,Adult,Male,USA,Basic,Sci-Fi,11,Laptop,16.01,2022-03-18,2026-03-18,23,Yes
2156,Courtney Curtis,41,Adult,Male,Canada,Standard,Thriller,6,Smart TV,10.91,2022-10-06,2026-01-05,46,No
2157,James Mendoza,41,Adult,Male,India,Basic,Comedy,10,Tablet,8.12,2021-07-29,2026-04-03,6,Yes
2158,Jonathan Wilson,13,Kids,Female,India,Basic,Sci-Fi,34,Mobile,6.1,2024-07-27,2026-02-25,7,Yes
2159,Timothy Tucker,52,Adult,Male,USA,Standard,Animation,8,Laptop,9.01,2022-05-07,2026-06-07,22,Yes
2160,James Tucker,20,Adult,Female,India,Premium,Family,39,Laptop,16.25,2024-08-25,2026-02-20,46,Yes
2161,Kimberly Clark,48,Adult,Male,Australia,Standard,Documentary,7,Mobile,9.95,2022-08-20,2026-05-06,4,No
2162,Eddie Sherman,23,Adult,Female,USA,Standard,Drama,15,Laptop,7.75,2021-11-19,2026-03-23,5,Yes
2163,Mark Kramer,61,Adult,Male,Canada,Standard,Drama,44,Smart TV,18.88,2021-07-21,2026-02-16,46,Yes
2164,Mark Tucker,36,Adult,Female,UK,Standard,Cartoon,21,Smart TV,9.72,2021-06-22,2026-03-20,41,No
2165,David Curtis,61,Adult,Female,USA,Premium,Documentary,20,Tablet,9.09,2022-03-10,2026-03-09,47,No
2166,David Sherman,39,Adult,Male,Canada,Premium,Documentary,36,Laptop,5.9,2022-09-20,2026-06-05,19,Yes
2167,Jo Curtis,24,Adult,Female,UK,Standard,Horror,25,Tablet,16.66,2022-02-19,2026-02-05,39,No
2168,Eddie Sherman,30,Adult,Female,Canada,Premium,Romance,43,Mobile,12.65,2022-09-20,2026-05-13,6,Yes
2169,Erik Curtis,55,Adult,Female,France,Standard,Romance,19,Mobile,10.15,2021-08-24,2026-06-07,35,No
2170,Kimberly Wilson,36,Adult,Female,India,Standard,Horror,6,Mobile,6.42,2023-02-08,2026-04-21,22,No
2171,Timothy Sherman,65,Adult,Female,UK,Premium,Romance,18,Laptop,11.91,2022-05-01,2026-01-02,20,No
2172,Mark Wood,56,Adult,Female,Australia,Basic,Fantasy,19,Mobile,9.93,2024-10-22,2026-02-03,34,No
2173,Timothy Sherman,61,Adult,Male,Australia,Basic,Horror,43,Laptop,6.41,2024-10-20,2026-03-26,21,No
2174,Jo Curtis,17,Kids,Male,UK,Basic,Horror,39,Mobile,13.47,2024-05-07,2026-05-31,40,Yes
2175,Kimberly Kramer,28,Adult,Female,Australia,Premium,Cartoon,20,Tablet,7.32,2024-10-10,2026-05-27,11,Yes
2176,Courtney Tucker,12,Kids,Male,UK,Basic,Sci-Fi,24,Tablet,10.02,2024-02-21,2026-01-07,8,No
2177,Jo Kramer,20,Adult,Female,USA,Basic,Action,8,Mobile,11.09,2022-04-26,2026-03-26,26,No
2178,Courtney Kramer,20,Adult,Female,Germany,Standard,Drama,34,Smart TV,9.77,2021-02-17,2026-05-07,18,No
2179,Erik Miller,25,Adult,Male,UK,Premium,Horror,6,Smart TV,12.95,2021-05-16,2026-02-12,2,Yes
2180,David Wilson,7,Kids,Female,France,Basic,Comedy,26,Smart TV,18.15,2024-03-28,2026-02-25,40,No
2181,Eddie Wood,28,Adult,Male,Canada,Premium,Comedy,21,Tablet,6.34,2021-10-04,2026-01-16,36,No
2182,Courtney Miller,38,Adult,Male,India,Standard,Drama,45,Tablet,15.7,2023-09-10,2026-02-22,30,Yes
2183,Erik Sherman,59,Adult,Male,USA,Basic,Romance,21,Laptop,9.78,2021-06-12,2026-05-21,13,No
2184,James Sherman,44,Adult,Male,France,Premium,Horror,7,Tablet,11.53,2023-06-17,2026-03-18,49,No
2185,Jonathan Tucker,6,Kids,Female,France,Standard,Drama,38,Mobile,9.68,2022-06-12,2026-04-08,1,Yes
2186,Timothy Wilson,19,Adult,Female,Australia,Standard,Romance,42,Smart TV,18.99,2023-05-04,2026-03-07,4,Yes
2187,James Sherman,6,Kids,Female,Canada,Standard,Romance,40,Laptop,5.25,2024-09-30,2026-02-25,2,Yes
2188,James Mendoza,39,Adult,Female,Canada,Standard,Horror,13,Mobile,6.44,2023-11-14,2026-05-09,28,No
2189,Kimberly Curtis,39,Adult,Female,UK,Basic,Family,24,Mobile,19.39,2022-03-16,2026-02-22,44,Yes
2190,James Garza,33,Adult,Male,Germany,Premium,Romance,32,Laptop,15.26,2023-05-11,2026-02-20,32,Yes
2191,Jo Miller,8,Kids,Female,Canada,Standard,Animation,9,Smart TV,19.18,2024-03-22,2026-04-12,38,No
2192,Courtney Wilson,25,Adult,Female,Germany,Standard,Thriller,39,Smart TV,12.46,2024-10-28,2026-06-05,10,Yes
2193,James Miller,52,Adult,Male,UK,Standard,Thriller,23,Smart TV,11.89,2024-03-17,2026-05-31,7,Yes
2194,Courtney Garza,35,Adult,Male,Australia,Premium,Drama,45,Laptop,16.77,2024-09-21,2026-01-12,47,No
2195,Jo Curtis,70,Adult,Male,India,Premium,Fantasy,18,Mobile,10.93,2024-07-04,2026-03-11,40,Yes
2196,Kimberly Curtis,66,Adult,Female,Australia,Basic,Thriller,8,Laptop,15.83,2021-06-27,2026-04-10,21,No
2197,Erik Sherman,58,Adult,Male,Germany,Premium,Romance,27,Mobile,18.48,2024-12-08,2026-03-22,31,No
2198,Jonathan Miller,70,Adult,Female,Canada,Standard,Sci-Fi,29,Laptop,17.27,2024-12-08,2026-03-09,43,Yes
2199,Eddie Tucker,15,Kids,Female,USA,Premium,Animation,25,Tablet,18.44,2023-10-04,2026-02-06,30,Yes
2200,James Clark,8,Kids,Male,UK,Premium,Sci-Fi,22,Tablet,18.13,2022-11-27,2026-01-23,40,No
2201,David Mendoza,14,Kids,Male,Canada,Standard,Sci-Fi,20,Mobile,6.22,2024-06-21,2026-01-14,26,Yes
2202,Timothy Sherman,25,Adult,Male,UK,Premium,Horror,49,Mobile,19.8,2023-08-13,2026-04-04,43,No
2203,Jonathan Garza,32,Adult,Male,Germany,Basic,Fantasy,27,Tablet,13.88,2022-04-17,2026-04-05,44,No
2204,David Miller,11,Kids,Female,UK,Premium,Thriller,10,Laptop,10.04,2023-01-02,2026-03-29,49,No
2205,Timothy Kramer,17,Kids,Female,India,Standard,Romance,11,Mobile,15.92,2022-03-19,2026-01-21,45,Yes
2206,Erik Wood,60,Adult,Female,USA,Premium,Horror,50,Mobile,7.58,2023-06-18,2026-03-16,4,No
2207,Eddie Sherman,57,Adult,Male,India,Standard,Documentary,38,Mobile,11.8,2023-06-20,2026-04-19,9,Yes
2208,Courtney Garza,32,Adult,Female,France,Standard,Thriller,39,Smart TV,6.88,2023-04-05,2026-04-12,29,Yes
2209,Eddie Tucker,37,Adult,Male,France,Basic,Family,32,Smart TV,14.96,2023-12-11,2026-02-26,3,No
2210,Courtney Miller,10,Kids,Female,USA,Basic,Romance,30,Tablet,11.47,2024-11-05,2026-04-16,21,No
2211,Timothy Curtis,53,Adult,Female,Australia,Basic,Horror,13,Mobile,5.03,2024-04-07,2026-06-02,8,Yes
2212,Jonathan Kramer,67,Adult,Female,India,Premium,Thriller,14,Mobile,16.16,2022-10-29,2026-03-19,18,Yes
2213,Jonathan Sherman,35,Adult,Female,Canada,Basic,Cartoon,48,Laptop,11.31,2022-11-01,2026-05-02,26,Yes
2214,Eddie Wood,40,Adult,Male,Germany,Premium,Action,30,Tablet,18.17,2024-11-11,2026-03-09,22,Yes
2215,Jonathan Miller,55,Adult,Female,USA,Premium,Thriller,28,Laptop,6.96,2023-04-27,2026-02-02,5,No
2216,Jonathan Mendoza,65,Adult,Female,France,Premium,Family,16,Tablet,10.9,2023-09-08,2026-05-27,40,No
2217,Kimberly Curtis,69,Adult,Male,India,Standard,Drama,32,Mobile,16,2021-03-31,2026-03-04,8,Yes
2218,David Sherman,55,Adult,Female,USA,Standard,Thriller,25,Mobile,10.7,2022-06-22,2026-01-25,39,No
2219,James Sherman,7,Kids,Male,India,Basic,Family,7,Laptop,10.33,2022-09-04,2026-03-18,41,No
2220,Erik Wood,18,Adult,Female,Germany,Basic,Fantasy,11,Tablet,19.31,2025-01-04,2026-03-09,7,No
2221,Courtney Kramer,24,Adult,Female,Canada,Basic,Drama,6,Tablet,19.16,2023-10-24,2026-04-03,6,Yes
2222,Erik Miller,70,Adult,Female,France,Basic,Cartoon,37,Tablet,15.33,2024-01-08,2026-06-07,17,Yes
2223,David Curtis,44,Adult,Female,India,Premium,Drama,27,Mobile,18.15,2022-10-29,2026-02-27,26,Yes
2224,David Curtis,18,Adult,Male,Australia,Standard,Sci-Fi,22,Laptop,15.28,2023-12-25,2026-06-06,41,Yes
2225,David Miller,28,Adult,Male,Germany,Basic,Thriller,46,Smart TV,6.79,2023-04-18,2026-01-17,36,Yes
2226,Mark Wilson,12,Kids,Male,France,Basic,Animation,17,Tablet,14.23,2021-01-01,2026-01-18,3,Yes
2227,Erik Garza,7,Kids,Male,Australia,Premium,Horror,47,Mobile,14.67,2024-08-19,2026-02-20,50,No
2228,David Clark,48,Adult,Male,Australia,Premium,Action,44,Tablet,15.1,2023-01-03,2026-04-25,13,No
2229,Timothy Wilson,27,Adult,Female,Canada,Premium,Sci-Fi,23,Laptop,19.92,2023-11-13,2026-03-15,22,No
2230,Courtney Wood,65,Adult,Male,Australia,Basic,Horror,27,Laptop,13.16,2021-07-23,2026-05-08,18,No
2231,Mark Clark,11,Kids,Male,Australia,Basic,Sci-Fi,10,Tablet,19.55,2023-06-17,2026-05-01,14,No
2232,James Kramer,62,Adult,Male,Germany,Basic,Documentary,34,Smart TV,11.46,2022-06-07,2026-02-09,6,Yes
2233,David Tucker,17,Kids,Female,India,Standard,Action,6,Tablet,6.63,2024-09-11,2026-05-05,23,Yes
2234,Mark Garza,22,Adult,Male,USA,Standard,Sci-Fi,43,Mobile,18.91,2024-12-26,2026-06-04,6,Yes
2235,Courtney Wood,62,Adult,Female,France,Basic,Sci-Fi,14,Mobile,17.59,2022-01-22,2026-04-17,40,No
2236,Eddie Kramer,47,Adult,Female,USA,Standard,Sci-Fi,29,Laptop,14.18,2021-03-08,2026-01-03,34,No
2237,Mark Sherman,11,Kids,Female,UK,Standard,Cartoon,20,Mobile,10.61,2023-06-27,2026-01-01,46,Yes
2238,Courtney Kramer,35,Adult,Male,USA,Basic,Documentary,17,Smart TV,9.82,2024-02-13,2026-05-19,29,Yes
2239,Mark Tucker,65,Adult,Male,France,Premium,Animation,32,Mobile,10.16,2021-06-23,2026-05-14,25,No
2240,Courtney Garza,17,Kids,Male,UK,Basic,Thriller,17,Tablet,13.95,2022-07-16,2026-01-08,21,Yes
2241,Timothy Sherman,12,Kids,Female,Australia,Standard,Sci-Fi,10,Smart TV,11.68,2024-09-11,2026-03-15,5,Yes
2242,Courtney Mendoza,55,Adult,Female,UK,Standard,Documentary,35,Smart TV,11.99,2023-01-16,2026-05-09,17,No
2243,Erik Clark,10,Kids,Male,Germany,Standard,Cartoon,7,Tablet,14.65,2024-08-12,2026-04-13,5,Yes
2244,Eddie Miller,13,Kids,Female,Germany,Premium,Animation,50,Mobile,8.32,2023-01-22,2026-03-31,30,Yes
2245,Kimberly Curtis,14,Kids,Male,Canada,Premium,Fantasy,11,Tablet,7.1,2022-02-08,2026-01-26,29,Yes
2246,James Miller,37,Adult,Female,India,Basic,Thriller,9,Smart TV,9.9,2023-08-14,2026-02-24,26,No
2247,Mark Clark,28,Adult,Male,Germany,Basic,Cartoon,7,Smart TV,13.19,2022-12-05,2026-03-02,16,Yes
2248,James Curtis,66,Adult,Female,Germany,Standard,Drama,16,Laptop,18.05,2021-04-21,2026-05-13,26,Yes
2249,Jo Wood,22,Adult,Female,Germany,Premium,Thriller,48,Mobile,16.4,2024-10-08,2026-03-24,17,Yes
2250,Jonathan Mendoza,36,Adult,Female,USA,Standard,Fantasy,37,Smart TV,18.08,2021-12-27,2026-05-22,38,Yes
2251,James Miller,7,Kids,Female,USA,Basic,Documentary,35,Smart TV,10.78,2023-12-04,2026-01-13,17,Yes
2252,Mark Mendoza,25,Adult,Female,Australia,Basic,Drama,6,Laptop,6.35,2021-11-16,2026-02-17,14,Yes
2253,Timothy Mendoza,11,Kids,Female,Germany,Standard,Comedy,39,Laptop,7.48,2021-10-03,2026-05-21,10,No
2254,Jo Tucker,34,Adult,Male,India,Premium,Animation,8,Tablet,16.63,2021-10-18,2026-03-12,1,No
2255,Timothy Kramer,42,Adult,Male,Australia,Standard,Horror,48,Smart TV,12.08,2024-11-03,2026-02-21,14,Yes
2256,James Garza,22,Adult,Female,USA,Basic,Sci-Fi,34,Mobile,16.07,2025-01-17,2026-03-31,25,No
2257,Eddie Garza,52,Adult,Male,Australia,Premium,Romance,27,Laptop,6.4,2023-07-19,2026-03-03,39,Yes
2258,Timothy Wilson,42,Adult,Female,France,Premium,Drama,11,Mobile,17.97,2024-01-06,2026-03-12,35,No
2259,David Tucker,35,Adult,Male,Canada,Basic,Horror,12,Mobile,6.71,2024-11-10,2026-02-25,2,No
2260,Eddie Mendoza,59,Adult,Female,Australia,Premium,Drama,7,Tablet,5.65,2023-12-16,2026-05-29,37,No
2261,Timothy Curtis,63,Adult,Female,Australia,Basic,Romance,50,Tablet,19.6,2021-02-18,2026-04-15,17,No
2262,Jonathan Curtis,6,Kids,Male,Germany,Basic,Drama,47,Laptop,8.53,2022-08-03,2026-06-08,7,Yes
2263,Kimberly Wood,60,Adult,Male,UK,Standard,Drama,23,Laptop,9.62,2024-01-26,2026-04-16,24,No
2264,Kimberly Wilson,70,Adult,Male,Australia,Standard,Romance,10,Tablet,16.27,2022-09-29,2026-04-02,45,No
2265,Timothy Tucker,42,Adult,Female,UK,Premium,Comedy,29,Laptop,12.18,2022-06-09,2026-03-25,37,Yes
2266,Erik Miller,53,Adult,Male,France,Standard,Animation,38,Smart TV,6.12,2023-11-04,2026-06-08,27,No
2267,Jonathan Tucker,44,Adult,Female,USA,Premium,Animation,40,Tablet,5.9,2021-11-06,2026-06-03,44,Yes
2268,Mark Wood,20,Adult,Male,Australia,Basic,Sci-Fi,40,Mobile,6.84,2022-06-02,2026-02-07,6,Yes
2269,James Garza,56,Adult,Male,USA,Standard,Thriller,50,Tablet,12.7,2023-02-03,2026-02-10,6,Yes
2270,Mark Garza,21,Adult,Male,India,Basic,Horror,36,Mobile,13.1,2022-08-22,2026-04-01,32,No
2271,James Miller,65,Adult,Female,India,Standard,Drama,32,Laptop,18.67,2024-06-25,2026-04-01,42,Yes
2272,David Garza,58,Adult,Male,Australia,Basic,Sci-Fi,49,Smart TV,17.5,2023-07-12,2026-04-27,15,Yes
2273,Kimberly Mendoza,42,Adult,Female,Germany,Basic,Documentary,46,Laptop,18.71,2022-03-14,2026-01-26,4,No
2274,Courtney Garza,55,Adult,Female,Canada,Basic,Sci-Fi,50,Smart TV,17.76,2022-05-30,2026-01-18,31,No
2275,Kimberly Kramer,67,Adult,Male,India,Basic,Horror,39,Tablet,11.64,2022-08-16,2026-05-16,11,Yes
2276,Jo Mendoza,10,Kids,Female,USA,Premium,Fantasy,10,Smart TV,16.67,2022-10-15,2026-06-03,29,Yes
2277,Eddie Curtis,7,Kids,Male,Canada,Premium,Drama,46,Smart TV,10.53,2023-05-02,2026-01-26,37,Yes
2278,David Curtis,55,Adult,Female,Australia,Standard,Cartoon,20,Laptop,19.18,2024-09-30,2026-01-20,23,Yes
2279,Kimberly Curtis,51,Adult,Male,France,Premium,Documentary,16,Smart TV,9.84,2024-06-04,2026-02-19,35,Yes
2280,Eddie Garza,57,Adult,Female,Germany,Basic,Romance,30,Mobile,15.69,2023-07-09,2026-04-02,23,Yes
2281,David Wood,7,Kids,Male,Canada,Basic,Cartoon,42,Laptop,9.28,2023-08-16,2026-05-15,39,No
2282,Jo Curtis,54,Adult,Male,Australia,Premium,Documentary,15,Tablet,11.04,2023-09-23,2026-02-21,38,No
2283,James Kramer,40,Adult,Female,India,Premium,Family,50,Smart TV,15.27,2021-04-28,2026-05-04,6,No
2284,James Clark,30,Adult,Male,USA,Standard,Drama,44,Mobile,18.77,2022-07-12,2026-03-25,30,Yes
2285,Eddie Clark,54,Adult,Male,India,Premium,Fantasy,29,Laptop,7.26,2021-08-30,2026-05-26,12,Yes
2286,David Wood,51,Adult,Female,India,Premium,Documentary,46,Tablet,17.36,2024-10-12,2026-05-24,25,Yes
2287,Jo Garza,56,Adult,Female,France,Premium,Thriller,18,Smart TV,10.82,2024-08-05,2026-05-25,33,No
2288,Kimberly Curtis,58,Adult,Female,Australia,Basic,Action,46,Laptop,19.02,2022-09-10,2026-03-22,43,No
2289,David Mendoza,40,Adult,Female,India,Basic,Romance,49,Tablet,9.41,2023-03-14,2026-01-10,28,Yes
2290,Courtney Kramer,56,Adult,Female,UK,Standard,Drama,23,Tablet,13.99,2023-01-22,2026-05-05,30,No
2291,David Clark,21,Adult,Male,Australia,Standard,Documentary,15,Mobile,17.83,2022-12-18,2026-05-28,48,No
2292,Courtney Sherman,54,Adult,Female,India,Premium,Action,27,Smart TV,10.08,2024-09-13,2026-03-09,24,No
2293,Mark Clark,10,Kids,Male,Australia,Premium,Romance,35,Smart TV,13.05,2021-03-12,2026-06-03,26,No
2294,Jo Wilson,26,Adult,Male,France,Premium,Documentary,9,Smart TV,13.94,2022-12-17,2026-03-16,41,Yes
2295,Eddie Wood,66,Adult,Female,UK,Standard,Drama,38,Smart TV,13.1,2023-03-13,2026-06-10,23,No
2296,Erik Sherman,5,Kids,Female,Germany,Premium,Sci-Fi,33,Mobile,9.59,2023-09-18,2026-04-30,46,Yes
2297,Courtney Sherman,54,Adult,Male,Canada,Premium,Sci-Fi,32,Laptop,11.72,2023-12-31,2026-03-03,37,No
2298,David Garza,44,Adult,Male,USA,Standard,Documentary,6,Smart TV,16.05,2022-01-19,2026-04-11,42,No
2299,James Sherman,51,Adult,Female,France,Standard,Thriller,16,Laptop,19.25,2024-05-19,2026-04-21,20,Yes
2300,Jo Kramer,19,Adult,Female,USA,Basic,Horror,26,Mobile,18.41,2023-12-24,2026-04-25,49,Yes
2301,Mark Sherman,27,Adult,Female,Australia,Basic,Drama,13,Laptop,15.56,2023-03-03,2026-02-11,42,No
2302,Jo Miller,43,Adult,Male,Canada,Standard,Animation,24,Smart TV,6.29,2024-01-11,2026-03-14,3,No
2303,Mark Miller,27,Adult,Female,UK,Premium,Cartoon,16,Laptop,18.8,2023-04-29,2026-05-30,9,Yes
2304,Mark Tucker,43,Adult,Male,Germany,Basic,Action,17,Smart TV,7.55,2022-08-29,2026-05-01,2,Yes
2305,Erik Sherman,51,Adult,Female,USA,Premium,Documentary,8,Tablet,11.69,2022-06-16,2026-03-01,10,No
2306,James Curtis,49,Adult,Male,USA,Premium,Action,14,Laptop,14.43,2024-04-17,2026-02-06,49,Yes
2307,James Kramer,62,Adult,Female,France,Premium,Thriller,49,Mobile,14.98,2024-07-05,2026-02-18,19,Yes
2308,Jonathan Wood,67,Adult,Male,France,Basic,Cartoon,9,Tablet,10.5,2024-03-16,2026-02-15,8,No
2309,Jonathan Wood,48,Adult,Female,India,Basic,Comedy,10,Smart TV,12.89,2023-03-23,2026-06-06,17,Yes
2310,Kimberly Wood,12,Kids,Female,Australia,Standard,Horror,28,Laptop,13.34,2022-04-04,2026-06-04,22,No
2311,Jonathan Mendoza,63,Adult,Male,France,Basic,Action,18,Mobile,10.12,2023-11-14,2026-04-21,11,No
2312,David Clark,56,Adult,Female,USA,Standard,Documentary,47,Tablet,15.61,2024-04-11,2026-05-16,24,Yes
2313,Jonathan Kramer,45,Adult,Female,France,Premium,Documentary,20,Mobile,17.6,2024-09-28,2026-03-13,31,Yes
2314,Courtney Tucker,19,Adult,Female,Australia,Premium,Fantasy,47,Tablet,7.65,2023-03-31,2026-04-28,42,Yes
2315,Mark Kramer,65,Adult,Male,Canada,Basic,Family,10,Tablet,14.04,2022-02-12,2026-01-18,2,Yes
2316,Courtney Sherman,19,Adult,Female,Canada,Basic,Cartoon,40,Mobile,13.54,2024-08-18,2026-01-05,33,No
2317,Courtney Wood,31,Adult,Male,India,Standard,Family,33,Tablet,19.43,2024-02-26,2026-03-03,43,No
2318,Mark Wood,53,Adult,Male,Canada,Premium,Thriller,16,Laptop,10.55,2021-03-17,2026-01-10,16,No
2319,James Curtis,57,Adult,Male,Germany,Standard,Thriller,50,Smart TV,7.36,2024-12-14,2026-02-19,42,No
2320,Erik Clark,21,Adult,Female,Germany,Standard,Romance,43,Laptop,8.78,2024-12-25,2026-03-09,14,No
2321,Jonathan Sherman,6,Kids,Male,India,Standard,Documentary,35,Smart TV,5.66,2023-01-12,2026-01-02,8,Yes
2322,Timothy Clark,21,Adult,Male,Australia,Standard,Animation,40,Smart TV,5.07,2022-07-13,2026-04-23,49,Yes
2323,Jonathan Tucker,10,Kids,Female,Germany,Basic,Romance,38,Tablet,16.38,2022-07-21,2026-04-11,6,No
2324,Courtney Sherman,70,Adult,Female,UK,Premium,Action,19,Laptop,13.26,2021-01-12,2026-01-30,36,Yes
2325,Erik Kramer,13,Kids,Female,Canada,Basic,Sci-Fi,31,Mobile,14.74,2024-11-12,2026-02-01,15,No
2326,Mark Garza,51,Adult,Female,Australia,Premium,Romance,37,Mobile,14.64,2024-01-17,2026-05-26,20,Yes
2327,Courtney Miller,53,Adult,Male,India,Premium,Sci-Fi,17,Laptop,8.46,2021-11-06,2026-05-27,46,Yes
2328,Eddie Curtis,65,Adult,Female,France,Standard,Horror,31,Laptop,16.59,2021-12-21,2026-06-05,34,No
2329,Timothy Wilson,54,Adult,Male,UK,Standard,Sci-Fi,45,Smart TV,13.32,2024-08-20,2026-03-13,46,No
2330,James Sherman,56,Adult,Male,India,Standard,Thriller,35,Laptop,14.13,2021-10-25,2026-03-02,36,Yes
2331,Kimberly Wilson,45,Adult,Male,France,Premium,Drama,34,Laptop,19.7,2025-01-03,2026-01-14,47,No
2332,Kimberly Clark,21,Adult,Male,Germany,Standard,Comedy,19,Laptop,10.53,2023-05-25,2026-01-23,11,Yes
2333,Mark Clark,44,Adult,Female,France,Standard,Action,39,Mobile,16.13,2022-06-26,2026-03-10,16,No
2334,Eddie Wilson,45,Adult,Female,USA,Basic,Action,36,Tablet,11.28,2021-01-20,2026-04-20,44,No
2335,Eddie Garza,18,Adult,Female,UK,Basic,Sci-Fi,17,Tablet,10.17,2021-04-20,2026-04-14,11,Yes
2336,Jonathan Kramer,40,Adult,Male,France,Basic,Fantasy,18,Laptop,15.11,2023-02-11,2026-05-22,5,Yes
2337,Eddie Miller,58,Adult,Male,UK,Premium,Thriller,12,Laptop,5.08,2022-01-16,2026-03-11,8,No
2338,Timothy Tucker,14,Kids,Female,UK,Basic,Action,18,Mobile,11.59,2023-07-24,2026-06-08,48,No
2339,Kimberly Clark,61,Adult,Female,UK,Premium,Documentary,25,Laptop,11.12,2021-11-05,2026-01-08,39,Yes
2340,Eddie Kramer,20,Adult,Female,Australia,Premium,Horror,40,Smart TV,12.45,2021-07-05,2026-03-01,50,No
2341,Timothy Curtis,16,Kids,Male,Australia,Basic,Comedy,48,Laptop,14.6,2021-04-30,2026-01-12,48,Yes
2342,James Garza,37,Adult,Male,France,Standard,Cartoon,14,Tablet,11.93,2024-12-17,2026-01-14,3,Yes
2343,Jo Wilson,39,Adult,Female,USA,Basic,Action,49,Laptop,11.38,2022-10-20,2026-01-18,31,Yes
2344,Erik Mendoza,61,Adult,Female,USA,Standard,Comedy,28,Mobile,11.41,2023-01-30,2026-01-02,12,Yes
2345,Jonathan Mendoza,67,Adult,Male,Australia,Standard,Cartoon,34,Smart TV,5.42,2022-07-25,2026-03-27,29,Yes
2346,Courtney Garza,14,Kids,Female,Australia,Standard,Romance,11,Laptop,11.81,2021-04-28,2026-01-29,8,Yes
2347,David Garza,70,Adult,Male,France,Standard,Horror,27,Mobile,11.2,2022-02-01,2026-02-21,35,Yes
2348,David Sherman,6,Kids,Male,Australia,Premium,Animation,21,Smart TV,19.64,2023-02-12,2026-06-04,46,Yes
2349,Erik Wilson,29,Adult,Female,Australia,Basic,Documentary,18,Laptop,15.08,2021-01-31,2026-04-27,36,Yes
2350,Timothy Wilson,42,Adult,Male,UK,Premium,Documentary,11,Laptop,6.9,2023-02-02,2026-03-13,22,No
2351,Timothy Mendoza,5,Kids,Female,Germany,Basic,Romance,36,Tablet,12.89,2024-10-19,2026-01-22,48,No
2352,Erik Wilson,42,Adult,Female,France,Standard,Horror,46,Laptop,6.36,2022-08-14,2026-05-09,37,No
2353,Jo Clark,62,Adult,Male,Germany,Premium,Animation,7,Smart TV,11.46,2022-02-25,2026-06-04,10,Yes
2354,Courtney Kramer,30,Adult,Male,Germany,Standard,Horror,41,Smart TV,13.14,2024-09-28,2026-05-04,45,No
2355,Eddie Mendoza,12,Kids,Female,Germany,Standard,Cartoon,15,Tablet,10.56,2021-09-13,2026-06-09,13,No
2356,James Kramer,39,Adult,Female,USA,Standard,Documentary,48,Smart TV,17.57,2022-02-04,2026-03-27,16,Yes
2357,Courtney Clark,52,Adult,Female,USA,Basic,Family,21,Laptop,9.25,2022-01-09,2026-05-08,20,Yes
2358,Jonathan Kramer,37,Adult,Female,Germany,Basic,Action,18,Laptop,6.79,2023-01-04,2026-01-01,29,No
2359,Jonathan Curtis,5,Kids,Male,Australia,Premium,Sci-Fi,15,Laptop,17.12,2024-10-04,2026-01-05,19,Yes
2360,Erik Clark,5,Kids,Female,India,Premium,Drama,30,Tablet,8.08,2021-01-24,2026-04-17,23,Yes
2361,Mark Clark,27,Adult,Male,Canada,Standard,Drama,30,Tablet,16.03,2022-06-10,2026-05-17,49,No
2362,Jonathan Wilson,35,Adult,Female,India,Basic,Action,47,Smart TV,14.69,2024-09-18,2026-03-31,10,No
2363,Erik Clark,49,Adult,Female,Australia,Basic,Drama,18,Mobile,9.28,2023-05-06,2026-02-22,22,No
2364,Eddie Tucker,40,Adult,Male,Germany,Premium,Drama,28,Smart TV,14.05,2022-03-05,2026-05-21,9,Yes
2365,Courtney Wood,64,Adult,Female,Germany,Basic,Action,30,Smart TV,7.77,2022-04-17,2026-04-07,38,Yes
2366,Mark Wood,22,Adult,Female,India,Basic,Comedy,35,Smart TV,19.9,2023-03-20,2026-04-16,21,No
2367,Jonathan Mendoza,24,Adult,Female,Germany,Standard,Family,8,Smart TV,17.03,2023-04-25,2026-05-29,14,No
2368,David Garza,56,Adult,Female,UK,Premium,Sci-Fi,14,Mobile,17.67,2021-04-09,2026-01-15,13,Yes
2369,Jo Clark,27,Adult,Female,USA,Basic,Fantasy,23,Tablet,6.85,2023-02-16,2026-05-22,20,No
2370,Courtney Miller,10,Kids,Male,USA,Standard,Romance,49,Tablet,5.81,2023-05-15,2026-01-18,21,No
2371,Kimberly Tucker,70,Adult,Male,Australia,Standard,Fantasy,7,Mobile,5.11,2023-03-01,2026-04-27,15,No
2372,Mark Kramer,26,Adult,Male,Germany,Standard,Drama,24,Smart TV,10.36,2022-12-10,2026-05-06,5,No
2373,Jonathan Wood,21,Adult,Male,Germany,Standard,Horror,39,Laptop,7.68,2022-04-08,2026-02-03,14,No
2374,Courtney Curtis,6,Kids,Female,Australia,Premium,Thriller,43,Tablet,9.88,2024-05-11,2026-03-29,4,No
2375,Jonathan Wood,65,Adult,Male,Canada,Premium,Horror,21,Smart TV,8.3,2023-12-10,2026-01-24,14,Yes
2376,Eddie Kramer,7,Kids,Male,France,Premium,Thriller,26,Laptop,15.63,2021-10-11,2026-02-05,14,No
2377,James Curtis,32,Adult,Male,Germany,Basic,Family,24,Laptop,14.01,2021-05-30,2026-05-01,22,No
2378,David Mendoza,25,Adult,Male,Australia,Basic,Documentary,39,Mobile,18.92,2022-09-26,2026-03-24,25,No
2379,Mark Tucker,36,Adult,Female,Germany,Premium,Sci-Fi,20,Tablet,5,2023-04-16,2026-05-12,7,Yes
2380,Kimberly Mendoza,68,Adult,Female,Germany,Basic,Family,45,Tablet,16.89,2023-02-12,2026-01-18,38,Yes
2381,Kimberly Garza,60,Adult,Female,France,Basic,Sci-Fi,33,Mobile,5.15,2024-01-06,2026-05-08,30,No
2382,Jo Kramer,31,Adult,Female,USA,Premium,Sci-Fi,33,Mobile,18.29,2022-05-30,2026-03-11,11,Yes
2383,Timothy Sherman,63,Adult,Male,Canada,Premium,Drama,21,Tablet,7.59,2023-02-18,2026-05-03,43,Yes
2384,James Wood,34,Adult,Male,France,Basic,Animation,49,Laptop,16.05,2022-07-08,2026-01-04,6,Yes
2385,Jonathan Sherman,33,Adult,Female,USA,Standard,Romance,17,Tablet,18.87,2021-06-08,2026-02-21,14,Yes
2386,Timothy Wilson,40,Adult,Female,India,Basic,Animation,39,Mobile,17.71,2021-11-06,2026-01-07,47,No
2387,Jo Kramer,42,Adult,Female,Canada,Basic,Romance,37,Laptop,16.86,2024-05-18,2026-01-04,5,No
2388,Timothy Tucker,62,Adult,Male,UK,Basic,Fantasy,21,Smart TV,13.41,2023-05-17,2026-01-21,32,No
2389,Jonathan Miller,50,Adult,Female,Canada,Basic,Sci-Fi,6,Smart TV,6.65,2025-01-04,2026-04-07,23,Yes
2390,Kimberly Garza,69,Adult,Female,Canada,Standard,Family,5,Mobile,18.35,2021-05-02,2026-01-14,3,No
2391,Eddie Clark,65,Adult,Male,Canada,Standard,Thriller,5,Smart TV,19.44,2022-02-11,2026-04-03,21,No
2392,Courtney Garza,50,Adult,Female,Australia,Premium,Cartoon,5,Smart TV,16.4,2025-01-06,2026-01-05,30,Yes
2393,Erik Kramer,34,Adult,Male,USA,Basic,Family,30,Smart TV,8.33,2023-06-02,2026-05-23,42,No
2394,James Clark,60,Adult,Male,India,Premium,Action,32,Mobile,11.75,2024-06-23,2026-01-13,18,Yes
2395,Courtney Wilson,60,Adult,Female,Germany,Standard,Sci-Fi,20,Laptop,13.59,2021-11-01,2026-03-16,33,No
2396,Eddie Sherman,23,Adult,Female,Australia,Basic,Documentary,7,Laptop,11.87,2023-12-16,2026-02-24,29,Yes
2397,James Wood,13,Kids,Male,USA,Premium,Sci-Fi,9,Tablet,19.82,2021-08-12,2026-05-05,26,No
2398,James Kramer,51,Adult,Male,Canada,Standard,Family,50,Tablet,18.65,2022-11-19,2026-02-26,35,No
2399,Mark Sherman,65,Adult,Male,India,Premium,Cartoon,48,Laptop,5.77,2021-10-13,2026-01-07,22,No
2400,Mark Garza,21,Adult,Female,UK,Premium,Thriller,13,Mobile,15.86,2023-08-05,2026-01-03,36,Yes
2401,Eddie Wilson,64,Adult,Female,India,Basic,Documentary,15,Smart TV,10.88,2022-08-28,2026-01-01,43,Yes
2402,David Kramer,28,Adult,Male,UK,Standard,Action,44,Smart TV,16.19,2023-01-14,2026-05-28,50,Yes
2403,Kimberly Wilson,56,Adult,Female,Germany,Premium,Action,13,Mobile,10.88,2021-05-16,2026-06-10,29,Yes
2404,David Clark,61,Adult,Male,Germany,Standard,Horror,31,Mobile,11.99,2022-01-24,2026-04-06,10,No
2405,Timothy Wilson,35,Adult,Female,Australia,Premium,Documentary,45,Tablet,8.94,2021-03-19,2026-05-15,32,Yes
2406,Jo Curtis,48,Adult,Female,India,Standard,Documentary,21,Tablet,6.68,2022-12-04,2026-03-27,2,Yes
2407,Mark Mendoza,33,Adult,Female,France,Standard,Fantasy,36,Laptop,19.19,2023-08-08,2026-02-08,9,No
2408,Eddie Garza,58,Adult,Male,USA,Basic,Horror,36,Tablet,11.44,2024-09-25,2026-05-05,18,No
2409,David Miller,24,Adult,Female,Germany,Premium,Animation,23,Smart TV,16.69,2021-08-19,2026-02-25,23,Yes
2410,Eddie Wilson,68,Adult,Male,India,Premium,Thriller,43,Laptop,6.13,2023-04-07,2026-02-28,48,No
2411,Jonathan Clark,40,Adult,Male,Germany,Standard,Animation,38,Tablet,17.01,2021-10-03,2026-05-10,8,Yes
2412,Mark Wilson,51,Adult,Female,India,Basic,Fantasy,42,Laptop,16.54,2021-03-29,2026-03-12,6,No
2413,Jonathan Wilson,60,Adult,Male,India,Premium,Horror,31,Laptop,6.88,2022-08-13,2026-05-08,2,Yes
2414,Erik Wood,30,Adult,Female,Canada,Standard,Animation,22,Smart TV,13.82,2024-02-09,2026-03-11,19,Yes
2415,Kimberly Sherman,26,Adult,Female,Germany,Basic,Thriller,27,Mobile,7.85,2022-01-01,2026-05-29,30,No
2416,Timothy Wood,46,Adult,Male,Australia,Basic,Horror,6,Smart TV,5.82,2023-07-19,2026-04-22,42,Yes
2417,Mark Kramer,15,Kids,Female,Australia,Premium,Comedy,15,Mobile,18.87,2021-11-21,2026-06-04,42,No
2418,Kimberly Miller,28,Adult,Female,France,Premium,Fantasy,27,Mobile,12.11,2023-01-10,2026-02-21,15,No
2419,Erik Tucker,52,Adult,Male,Canada,Premium,Romance,24,Smart TV,17.52,2022-09-07,2026-01-31,6,Yes
2420,Kimberly Mendoza,52,Adult,Male,France,Basic,Animation,48,Smart TV,10.26,2024-06-22,2026-04-11,13,No
2421,Eddie Clark,62,Adult,Female,France,Standard,Drama,33,Smart TV,14.01,2021-10-17,2026-03-03,10,No
2422,Kimberly Miller,10,Kids,Female,UK,Basic,Action,14,Smart TV,12.39,2022-09-19,2026-02-16,43,No
2423,Courtney Kramer,25,Adult,Male,Canada,Premium,Animation,49,Laptop,12.77,2023-06-27,2026-05-12,42,Yes
2424,Mark Tucker,13,Kids,Female,France,Standard,Horror,26,Tablet,16.41,2022-08-26,2026-05-12,40,No
2425,Jo Clark,26,Adult,Male,USA,Premium,Documentary,20,Smart TV,5.01,2023-06-18,2026-05-14,1,No
2426,David Kramer,23,Adult,Female,UK,Standard,Comedy,29,Smart TV,16.67,2021-10-28,2026-06-07,48,Yes
2427,Timothy Mendoza,38,Adult,Female,France,Standard,Sci-Fi,48,Tablet,10.82,2021-10-20,2026-05-08,31,No
2428,Kimberly Mendoza,31,Adult,Female,Canada,Basic,Action,49,Laptop,13.12,2022-08-21,2026-01-24,4,No
2429,Jonathan Kramer,46,Adult,Male,India,Basic,Cartoon,14,Laptop,9.24,2023-05-13,2026-06-02,40,No
2430,David Clark,16,Kids,Male,Australia,Standard,Romance,33,Mobile,19.55,2022-02-15,2026-03-21,25,Yes
2431,David Curtis,53,Adult,Female,France,Premium,Drama,5,Laptop,14,2024-04-27,2026-04-16,24,Yes
2432,James Kramer,10,Kids,Female,Australia,Premium,Thriller,22,Mobile,13.63,2023-03-27,2026-05-18,14,No
2433,James Clark,58,Adult,Male,UK,Premium,Comedy,25,Mobile,5.55,2025-02-06,2026-04-20,19,No
2434,David Clark,42,Adult,Male,India,Premium,Horror,41,Tablet,16.08,2024-01-03,2026-01-23,8,Yes
2435,Kimberly Miller,32,Adult,Female,Australia,Premium,Documentary,33,Laptop,17.09,2024-05-20,2026-02-05,12,Yes
2436,David Wood,11,Kids,Male,USA,Standard,Fantasy,14,Mobile,19.17,2022-09-30,2026-04-24,17,Yes
2437,Kimberly Sherman,20,Adult,Male,UK,Basic,Cartoon,15,Smart TV,14.84,2021-12-24,2026-04-02,28,No
2438,James Kramer,50,Adult,Male,USA,Standard,Animation,14,Smart TV,19.25,2023-09-30,2026-01-12,1,Yes
2439,Mark Miller,35,Adult,Female,Canada,Premium,Drama,30,Laptop,17.19,2021-06-22,2026-06-04,47,No
2440,Eddie Miller,19,Adult,Male,Germany,Standard,Fantasy,21,Laptop,11.39,2021-12-07,2026-02-03,43,Yes
2441,David Sherman,68,Adult,Female,UK,Basic,Sci-Fi,6,Smart TV,14.72,2022-04-05,2026-03-17,32,Yes
2442,Mark Kramer,41,Adult,Male,Australia,Basic,Romance,28,Tablet,16.08,2021-03-10,2026-04-09,29,Yes
2443,David Miller,20,Adult,Female,India,Basic,Animation,17,Smart TV,12.98,2024-03-17,2026-05-25,9,Yes
2444,James Kramer,69,Adult,Male,USA,Basic,Documentary,25,Mobile,6.19,2023-04-07,2026-01-28,14,Yes
2445,Courtney Curtis,45,Adult,Male,India,Basic,Horror,36,Tablet,14.48,2025-01-30,2026-04-28,18,Yes
2446,Courtney Tucker,57,Adult,Male,France,Standard,Horror,33,Smart TV,5.24,2022-09-14,2026-04-02,46,No
2447,Erik Sherman,26,Adult,Female,France,Premium,Romance,31,Smart TV,10,2024-02-26,2026-03-21,31,No
2448,Mark Curtis,36,Adult,Male,India,Standard,Drama,50,Smart TV,12.71,2023-11-30,2026-01-13,13,Yes
2449,Eddie Miller,51,Adult,Female,India,Premium,Action,10,Mobile,16.48,2021-08-24,2026-03-01,9,No
2450,Jonathan Miller,52,Adult,Male,India,Basic,Thriller,11,Tablet,17.88,2023-03-28,2026-01-24,3,Yes
2451,James Wood,59,Adult,Male,UK,Premium,Animation,19,Mobile,8.67,2021-07-21,2026-05-09,12,No
2452,Courtney Kramer,68,Adult,Female,Canada,Basic,Horror,46,Laptop,15.47,2021-10-01,2026-03-23,25,No
2453,Jo Mendoza,43,Adult,Female,Germany,Basic,Cartoon,33,Tablet,13.11,2024-11-04,2026-04-17,38,No
2454,Courtney Sherman,14,Kids,Female,Australia,Basic,Comedy,16,Smart TV,13.08,2022-05-15,2026-01-21,47,Yes
2455,Eddie Garza,37,Adult,Female,India,Premium,Romance,18,Smart TV,8.26,2024-09-21,2026-04-18,42,No
2456,Erik Wood,19,Adult,Male,UK,Basic,Sci-Fi,50,Tablet,8.08,2023-08-30,2026-03-28,49,Yes
2457,Jonathan Miller,20,Adult,Male,UK,Basic,Action,28,Laptop,16.86,2023-08-16,2026-03-09,9,Yes
2458,Mark Wood,35,Adult,Female,India,Basic,Family,35,Mobile,15.85,2021-09-05,2026-05-02,25,Yes
2459,Jo Wood,44,Adult,Male,Germany,Basic,Horror,32,Smart TV,10.36,2022-07-10,2026-03-08,33,No
2460,Mark Garza,15,Kids,Male,India,Premium,Action,28,Smart TV,11.96,2023-03-15,2026-01-14,37,No
2461,Courtney Sherman,29,Adult,Female,Australia,Premium,Fantasy,24,Mobile,14.9,2023-03-27,2026-03-14,14,No
2462,Kimberly Miller,56,Adult,Male,India,Standard,Sci-Fi,49,Smart TV,12.48,2024-05-08,2026-03-19,14,No
2463,David Kramer,65,Adult,Male,Germany,Basic,Sci-Fi,9,Smart TV,11.26,2022-02-08,2026-01-29,18,No
2464,Mark Kramer,21,Adult,Female,Canada,Basic,Family,28,Laptop,5.75,2021-04-05,2026-03-18,26,No
2465,Timothy Garza,30,Adult,Female,France,Premium,Drama,24,Tablet,15.91,2021-08-09,2026-05-31,21,No
2466,Timothy Curtis,62,Adult,Female,Germany,Basic,Family,28,Mobile,13.73,2022-04-21,2026-01-25,37,No
2467,Timothy Kramer,5,Kids,Male,France,Premium,Fantasy,50,Tablet,10.51,2023-02-11,2026-03-09,40,No
2468,Erik Sherman,8,Kids,Male,Australia,Premium,Family,18,Laptop,6.67,2021-01-29,2026-04-18,17,Yes
2469,Mark Tucker,31,Adult,Female,Germany,Basic,Animation,20,Mobile,14.63,2025-01-27,2026-05-10,42,No
2470,Mark Wood,12,Kids,Female,France,Premium,Romance,25,Laptop,14.95,2023-06-29,2026-05-10,38,Yes
2471,James Garza,43,Adult,Male,USA,Standard,Comedy,32,Smart TV,14.01,2024-01-21,2026-02-02,36,No
2472,Timothy Sherman,26,Adult,Female,Australia,Premium,Fantasy,20,Mobile,11.04,2023-05-29,2026-02-24,36,No
2473,Erik Curtis,58,Adult,Male,UK,Premium,Romance,14,Laptop,16.09,2024-05-27,2026-03-17,26,Yes
2474,Mark Mendoza,46,Adult,Female,USA,Premium,Sci-Fi,27,Tablet,12.77,2025-01-28,2026-01-23,27,Yes
2475,Eddie Miller,11,Kids,Male,USA,Standard,Sci-Fi,40,Mobile,14.73,2023-05-06,2026-01-11,10,No
2476,Courtney Mendoza,36,Adult,Female,USA,Standard,Horror,10,Laptop,14.08,2025-01-05,2026-02-20,47,Yes
2477,Jonathan Clark,50,Adult,Male,Australia,Basic,Horror,47,Tablet,17.07,2023-09-16,2026-01-19,2,Yes
2478,James Garza,8,Kids,Male,Germany,Standard,Romance,33,Smart TV,15.5,2021-10-26,2026-01-27,37,No
2479,Timothy Wilson,20,Adult,Female,Australia,Premium,Drama,46,Tablet,9.96,2022-07-01,2026-05-27,8,No
2480,Jo Kramer,13,Kids,Male,Germany,Basic,Comedy,35,Mobile,17.57,2024-04-23,2026-04-06,46,No
2481,James Clark,27,Adult,Male,Canada,Basic,Fantasy,34,Smart TV,8.8,2022-01-12,2026-02-26,47,No
2482,Erik Miller,9,Kids,Female,India,Premium,Family,25,Tablet,11.75,2022-02-19,2026-02-10,37,No
2483,Jonathan Garza,27,Adult,Female,France,Premium,Comedy,36,Smart TV,8.05,2021-12-25,2026-01-08,19,Yes
2484,James Sherman,26,Adult,Female,Germany,Premium,Sci-Fi,19,Smart TV,14.42,2023-02-14,2026-03-05,26,Yes
2485,Courtney Tucker,68,Adult,Male,Germany,Basic,Comedy,44,Mobile,5.16,2022-02-19,2026-02-28,29,Yes
2486,Jo Garza,19,Adult,Female,India,Premium,Drama,8,Mobile,7.81,2022-06-13,2026-01-28,36,No
2487,Kimberly Wood,26,Adult,Male,France,Basic,Cartoon,25,Smart TV,9.9,2023-11-25,2026-01-24,21,Yes
2488,Courtney Tucker,27,Adult,Male,Germany,Standard,Drama,5,Laptop,11.53,2022-09-01,2026-01-08,34,No
2489,Timothy Miller,7,Kids,Female,UK,Premium,Animation,27,Smart TV,18.95,2021-06-14,2026-04-06,33,Yes
2490,Eddie Sherman,65,Adult,Female,UK,Premium,Sci-Fi,28,Smart TV,6,2021-10-01,2026-06-09,22,Yes
2491,Courtney Garza,14,Kids,Male,India,Standard,Cartoon,39,Mobile,17.34,2021-06-10,2026-02-25,22,Yes
2492,Timothy Garza,51,Adult,Female,Australia,Premium,Fantasy,15,Smart TV,10.45,2021-04-03,2026-06-01,8,Yes
2493,Jo Wilson,19,Adult,Female,USA,Premium,Horror,6,Mobile,7.52,2024-12-19,2026-02-19,16,Yes
2494,Mark Kramer,16,Kids,Male,Canada,Standard,Family,22,Tablet,9.78,2021-07-01,2026-04-09,42,Yes
2495,James Kramer,37,Adult,Female,France,Basic,Comedy,49,Smart TV,17.6,2021-05-22,2026-01-29,40,No
2496,James Clark,6,Kids,Female,UK,Standard,Animation,15,Mobile,13.66,2022-11-05,2026-03-15,17,Yes
2497,Jo Kramer,40,Adult,Male,USA,Standard,Horror,13,Mobile,11.82,2023-08-16,2026-03-12,40,Yes
2498,Mark Wood,23,Adult,Male,UK,Standard,Fantasy,32,Tablet,18.72,2021-09-07,2026-01-29,45,Yes
2499,David Curtis,57,Adult,Female,France,Premium,Thriller,41,Mobile,15.38,2023-07-04,2026-05-12,34,No
2500,Timothy Garza,18,Adult,Female,Australia,Standard,Cartoon,11,Tablet,15.96,2024-01-29,2026-03-05,47,No
2501,David Miller,23,Adult,Male,India,Premium,Thriller,44,Mobile,7.27,2021-12-28,2026-04-19,49,Yes
2502,James Curtis,67,Adult,Male,Canada,Standard,Family,26,Mobile,13.58,2022-01-06,2026-01-08,36,Yes
2503,Erik Miller,14,Kids,Female,Canada,Premium,Drama,29,Tablet,17.86,2023-09-25,2026-06-10,10,No
2504,Jonathan Curtis,8,Kids,Male,USA,Standard,Fantasy,40,Smart TV,12.26,2024-10-30,2026-03-30,10,No
2505,Eddie Tucker,48,Adult,Female,Germany,Basic,Romance,14,Mobile,8.94,2021-12-04,2026-01-05,35,Yes
2506,Erik Kramer,31,Adult,Female,France,Premium,Horror,48,Laptop,15.09,2022-05-31,2026-02-08,30,No
2507,David Miller,61,Adult,Male,UK,Standard,Drama,18,Laptop,8.21,2025-01-26,2026-04-11,46,Yes
2508,Mark Mendoza,14,Kids,Female,France,Basic,Drama,15,Tablet,12.91,2021-11-17,2026-04-20,26,No
2509,Erik Tucker,27,Adult,Female,USA,Basic,Thriller,50,Mobile,10.94,2023-09-18,2026-04-08,47,Yes
2510,Mark Miller,62,Adult,Female,France,Premium,Horror,16,Tablet,19.79,2024-12-04,2026-02-18,24,No
2511,James Curtis,7,Kids,Male,UK,Standard,Animation,47,Smart TV,15.02,2023-07-04,2026-04-08,35,No
2512,Eddie Sherman,70,Adult,Male,Australia,Standard,Animation,21,Tablet,10.07,2023-08-14,2026-04-09,20,Yes
2513,Timothy Garza,15,Kids,Female,Canada,Standard,Animation,37,Mobile,9.39,2025-01-05,2026-01-02,4,No
2514,David Kramer,28,Adult,Female,India,Standard,Sci-Fi,42,Smart TV,12.96,2023-09-23,2026-05-06,5,No
2515,David Clark,45,Adult,Female,UK,Basic,Fantasy,27,Mobile,7.5,2021-11-18,2026-05-21,22,Yes
2516,Mark Clark,6,Kids,Female,Germany,Premium,Documentary,16,Smart TV,8.46,2022-04-09,2026-04-15,19,Yes
2517,Courtney Clark,29,Adult,Female,Germany,Basic,Comedy,27,Tablet,19.7,2021-04-25,2026-04-13,47,No
2518,Timothy Curtis,24,Adult,Male,UK,Basic,Comedy,16,Tablet,13.59,2021-10-09,2026-03-14,5,Yes
2519,Jo Mendoza,37,Adult,Female,Australia,Premium,Documentary,25,Tablet,17.49,2022-10-23,2026-01-20,16,Yes
2520,David Mendoza,33,Adult,Female,UK,Standard,Action,13,Tablet,14.66,2021-08-18,2026-05-03,28,No
2521,Courtney Kramer,61,Adult,Female,UK,Basic,Fantasy,19,Smart TV,7.09,2021-05-27,2026-02-13,28,Yes
2522,Jonathan Garza,21,Adult,Male,Australia,Premium,Cartoon,34,Smart TV,9.6,2024-04-16,2026-01-15,2,No
2523,Jonathan Tucker,46,Adult,Male,UK,Premium,Sci-Fi,15,Mobile,18.49,2024-07-21,2026-05-01,30,No
2524,Jo Wood,49,Adult,Male,UK,Premium,Sci-Fi,15,Laptop,13.69,2022-06-25,2026-04-23,10,No
2525,Courtney Miller,18,Adult,Male,Canada,Standard,Action,25,Smart TV,13.13,2022-01-14,2026-03-11,8,No
2526,Jo Mendoza,45,Adult,Female,France,Basic,Horror,29,Mobile,10.93,2023-07-08,2026-01-05,15,Yes
2527,Erik Garza,6,Kids,Female,UK,Premium,Animation,7,Mobile,12.03,2022-05-26,2026-03-02,1,Yes
2528,Kimberly Garza,68,Adult,Male,USA,Premium,Family,31,Laptop,8.6,2021-10-02,2026-02-25,23,Yes
2529,Courtney Mendoza,10,Kids,Male,India,Premium,Sci-Fi,44,Tablet,15.01,2023-04-09,2026-01-29,31,Yes
2530,Erik Mendoza,12,Kids,Male,Germany,Premium,Drama,12,Mobile,10.12,2022-08-27,2026-05-01,5,Yes
2531,Jonathan Curtis,9,Kids,Female,Germany,Premium,Animation,9,Tablet,10.31,2021-04-01,2026-06-04,4,No
2532,Kimberly Sherman,37,Adult,Male,Australia,Premium,Cartoon,31,Tablet,18.64,2024-02-10,2026-05-19,41,No
2533,James Miller,41,Adult,Female,Canada,Premium,Comedy,22,Mobile,10.04,2024-02-04,2026-01-08,30,No
2534,Timothy Miller,44,Adult,Male,France,Basic,Cartoon,20,Mobile,6,2022-08-21,2026-02-04,26,Yes
2535,David Tucker,59,Adult,Female,USA,Standard,Animation,15,Laptop,11.47,2022-03-10,2026-02-02,43,Yes
2536,Courtney Sherman,26,Adult,Male,France,Basic,Drama,39,Laptop,12.02,2022-03-15,2026-02-23,41,Yes
2537,Jo Clark,21,Adult,Male,USA,Premium,Animation,5,Laptop,9.15,2024-09-14,2026-03-18,50,No
2538,Kimberly Mendoza,12,Kids,Male,India,Basic,Animation,47,Tablet,12.68,2024-05-02,2026-04-18,7,No
2539,David Kramer,15,Kids,Male,Australia,Premium,Animation,46,Tablet,9.14,2025-01-05,2026-02-25,46,No
2540,Jo Wilson,14,Kids,Female,UK,Premium,Comedy,41,Mobile,5.35,2021-01-30,2026-05-19,22,Yes
2541,Eddie Garza,22,Adult,Male,USA,Basic,Drama,17,Mobile,19.91,2022-07-11,2026-04-19,20,No
2542,Eddie Mendoza,70,Adult,Female,Germany,Standard,Horror,7,Smart TV,15.8,2022-09-12,2026-03-31,8,No
2543,Erik Curtis,54,Adult,Male,India,Standard,Cartoon,42,Mobile,19.78,2024-07-25,2026-05-02,10,Yes
2544,Erik Sherman,21,Adult,Male,USA,Standard,Drama,33,Smart TV,11.14,2022-03-27,2026-01-12,18,Yes
2545,Kimberly Garza,50,Adult,Male,Germany,Standard,Action,14,Smart TV,6.62,2021-08-13,2026-05-22,36,No
2546,Mark Mendoza,63,Adult,Male,France,Premium,Animation,20,Mobile,14.27,2023-01-10,2026-03-03,50,No
2547,Courtney Sherman,32,Adult,Female,Canada,Basic,Cartoon,21,Smart TV,15.4,2025-02-07,2026-06-06,27,Yes
2548,Jo Miller,42,Adult,Male,Germany,Premium,Animation,47,Laptop,8.24,2021-12-28,2026-05-11,17,Yes
2549,Timothy Kramer,64,Adult,Male,France,Premium,Horror,43,Mobile,13.83,2022-07-17,2026-03-12,50,No
2550,Kimberly Sherman,57,Adult,Female,Germany,Standard,Drama,5,Tablet,10.7,2021-06-17,2026-04-19,28,No
2551,Timothy Tucker,61,Adult,Female,USA,Premium,Cartoon,19,Tablet,12.87,2021-01-12,2026-03-30,10,No
2552,Eddie Miller,38,Adult,Female,India,Premium,Action,36,Mobile,6.26,2022-07-12,2026-01-29,10,Yes
2553,Kimberly Mendoza,57,Adult,Female,Germany,Premium,Drama,28,Tablet,15.22,2022-04-29,2026-03-16,41,Yes
2554,Mark Clark,67,Adult,Male,France,Basic,Cartoon,15,Smart TV,13.09,2022-12-30,2026-05-28,7,Yes
2555,David Kramer,63,Adult,Male,France,Basic,Cartoon,21,Tablet,16.61,2024-11-18,2026-02-28,47,Yes
2556,James Clark,23,Adult,Female,USA,Basic,Animation,38,Smart TV,16.43,2024-11-30,2026-04-04,2,No
2557,Jo Miller,67,Adult,Male,Germany,Premium,Thriller,50,Tablet,18.97,2022-04-30,2026-06-02,5,No
2558,Timothy Sherman,36,Adult,Male,UK,Premium,Thriller,48,Smart TV,16.96,2023-03-14,2026-05-10,23,Yes
2559,David Miller,27,Adult,Female,France,Standard,Action,16,Tablet,5.06,2021-06-04,2026-05-07,20,No
2560,Jo Miller,63,Adult,Male,USA,Premium,Thriller,9,Smart TV,12.82,2023-01-10,2026-05-16,43,Yes
2561,Timothy Sherman,46,Adult,Male,Germany,Standard,Comedy,10,Mobile,13.66,2024-11-17,2026-01-12,16,Yes
2562,Erik Kramer,63,Adult,Female,USA,Premium,Comedy,30,Smart TV,14.92,2023-12-04,2026-03-01,11,Yes
2563,Jonathan Miller,68,Adult,Female,Australia,Standard,Documentary,21,Smart TV,17.01,2023-03-30,2026-04-09,13,Yes
2564,Jo Clark,11,Kids,Male,Germany,Premium,Comedy,21,Mobile,19.72,2023-04-19,2026-05-16,50,Yes
2565,Eddie Sherman,50,Adult,Male,Australia,Standard,Documentary,46,Laptop,16.86,2022-04-21,2026-01-03,43,No
2566,David Tucker,39,Adult,Male,France,Premium,Animation,42,Mobile,7.83,2024-09-10,2026-04-14,15,Yes
2567,Jo Curtis,25,Adult,Female,Canada,Premium,Sci-Fi,12,Mobile,17.61,2021-05-06,2026-05-10,34,No
2568,Kimberly Garza,51,Adult,Female,Australia,Premium,Romance,27,Laptop,17.75,2022-10-05,2026-03-25,9,Yes
2569,Erik Tucker,64,Adult,Male,UK,Basic,Sci-Fi,40,Laptop,6.71,2024-07-08,2026-05-25,5,No
2570,Timothy Wilson,13,Kids,Female,Australia,Basic,Documentary,5,Smart TV,6.67,2025-01-28,2026-04-09,35,No
2571,Eddie Wilson,53,Adult,Female,USA,Basic,Horror,36,Mobile,6.84,2022-10-31,2026-02-28,31,Yes
2572,Kimberly Miller,43,Adult,Female,Canada,Standard,Drama,40,Smart TV,11.01,2023-11-21,2026-01-05,47,Yes
2573,David Curtis,38,Adult,Female,Germany,Premium,Drama,50,Smart TV,17.19,2023-03-28,2026-04-11,38,No
2574,David Mendoza,39,Adult,Female,UK,Basic,Romance,32,Tablet,10.54,2023-10-14,2026-01-29,28,Yes
2575,Mark Sherman,22,Adult,Female,India,Basic,Animation,13,Mobile,15.92,2025-02-01,2026-01-20,33,Yes
2576,Timothy Miller,16,Kids,Female,India,Basic,Cartoon,19,Smart TV,18.67,2024-11-24,2026-02-25,37,No
2577,Erik Sherman,23,Adult,Male,USA,Standard,Thriller,38,Laptop,5.52,2021-09-12,2026-04-18,29,Yes
2578,Jo Clark,26,Adult,Male,USA,Basic,Action,9,Laptop,11.87,2024-01-07,2026-04-22,40,No
2579,Jonathan Wood,14,Kids,Male,UK,Premium,Drama,34,Smart TV,5.62,2022-02-25,2026-01-14,22,Yes
2580,Eddie Mendoza,36,Adult,Female,India,Premium,Drama,45,Smart TV,5.81,2021-08-23,2026-05-02,11,Yes
2581,Timothy Curtis,70,Adult,Female,India,Standard,Animation,34,Tablet,11.42,2023-06-15,2026-03-20,29,No
2582,Kimberly Garza,59,Adult,Female,France,Premium,Documentary,22,Mobile,17.99,2021-12-27,2026-05-31,32,Yes
2583,Jo Miller,44,Adult,Female,UK,Premium,Drama,37,Smart TV,11.67,2023-05-13,2026-02-17,22,No
2584,James Garza,50,Adult,Female,France,Basic,Horror,10,Mobile,14.59,2021-10-12,2026-01-18,24,Yes
2585,Mark Kramer,53,Adult,Male,France,Premium,Comedy,20,Mobile,16.06,2022-01-21,2026-04-29,13,No
2586,Erik Wood,37,Adult,Male,India,Standard,Drama,45,Laptop,8.55,2021-04-15,2026-05-26,5,No
2587,James Garza,52,Adult,Female,Canada,Premium,Documentary,18,Mobile,15.73,2023-02-26,2026-02-20,45,Yes
2588,Mark Mendoza,67,Adult,Male,UK,Standard,Drama,13,Mobile,18.33,2023-03-23,2026-02-26,42,No
2589,Courtney Sherman,27,Adult,Male,India,Premium,Fantasy,43,Smart TV,8.62,2024-08-23,2026-03-19,14,No
2590,Jo Tucker,39,Adult,Female,Australia,Standard,Drama,35,Laptop,12.74,2024-10-06,2026-04-12,29,No
2591,Eddie Curtis,26,Adult,Female,India,Basic,Romance,17,Laptop,7.29,2021-03-04,2026-02-05,15,Yes
2592,Jo Curtis,45,Adult,Female,USA,Basic,Romance,15,Smart TV,11.92,2022-10-15,2026-03-18,42,No
2593,Eddie Tucker,46,Adult,Female,Canada,Premium,Cartoon,45,Laptop,15.9,2021-01-05,2026-03-25,31,No
2594,Mark Mendoza,53,Adult,Female,Australia,Premium,Animation,50,Laptop,19.56,2021-11-23,2026-03-05,7,Yes
2595,David Wilson,7,Kids,Female,France,Premium,Horror,35,Tablet,14.58,2021-02-05,2026-03-02,19,Yes
2596,David Mendoza,67,Adult,Female,India,Basic,Documentary,13,Tablet,8,2021-06-21,2026-04-10,24,Yes
2597,David Garza,15,Kids,Female,USA,Standard,Drama,26,Tablet,19.67,2021-05-28,2026-02-01,25,Yes
2598,Eddie Tucker,44,Adult,Female,UK,Premium,Comedy,10,Mobile,16.89,2023-04-05,2026-04-12,14,No
2599,Mark Clark,34,Adult,Female,Australia,Basic,Romance,25,Tablet,15.54,2021-03-20,2026-01-22,17,Yes
2600,David Mendoza,48,Adult,Male,UK,Basic,Family,34,Smart TV,9.7,2021-11-17,2026-03-22,14,No
2601,Jonathan Curtis,38,Adult,Female,Canada,Premium,Action,22,Tablet,5.47,2022-04-30,2026-05-21,27,No
2602,Courtney Wilson,52,Adult,Male,Australia,Basic,Sci-Fi,37,Laptop,13.91,2022-01-26,2026-06-03,36,Yes
2603,Courtney Wilson,7,Kids,Female,Canada,Standard,Drama,14,Laptop,5.81,2024-12-02,2026-01-19,15,Yes
2604,Jo Garza,20,Adult,Female,Canada,Basic,Sci-Fi,36,Tablet,15.02,2024-03-16,2026-03-30,12,No
2605,Courtney Sherman,9,Kids,Female,India,Premium,Sci-Fi,33,Smart TV,16.16,2022-10-25,2026-02-04,1,No
2606,Jo Sherman,40,Adult,Male,India,Standard,Fantasy,12,Tablet,14.57,2022-12-19,2026-05-22,28,No
2607,James Wilson,15,Kids,Male,Australia,Basic,Documentary,19,Tablet,8.52,2023-01-24,2026-03-14,14,No
2608,Courtney Sherman,64,Adult,Male,India,Premium,Thriller,27,Mobile,16.82,2024-11-06,2026-06-07,20,Yes
2609,Jonathan Kramer,59,Adult,Female,UK,Standard,Horror,14,Mobile,12.91,2024-09-02,2026-04-08,36,Yes
2610,Kimberly Wilson,65,Adult,Male,UK,Premium,Documentary,5,Tablet,7.1,2021-03-02,2026-02-12,19,No
2611,Erik Miller,46,Adult,Female,Canada,Basic,Drama,29,Laptop,10.98,2021-09-03,2026-04-28,12,Yes
2612,Jo Wilson,6,Kids,Female,UK,Premium,Documentary,47,Mobile,19.37,2024-12-25,2026-03-12,40,Yes
2613,Timothy Tucker,24,Adult,Male,Canada,Basic,Thriller,40,Mobile,12.84,2023-09-05,2026-03-19,19,No
2614,Kimberly Wood,69,Adult,Male,Australia,Premium,Romance,50,Tablet,7.38,2024-10-16,2026-06-08,46,Yes
2615,Courtney Clark,39,Adult,Male,USA,Premium,Action,40,Laptop,13.4,2023-06-07,2026-03-04,15,No
2616,Erik Wood,21,Adult,Male,Germany,Premium,Action,26,Mobile,13.24,2024-09-22,2026-05-05,31,Yes
2617,Kimberly Curtis,63,Adult,Male,USA,Basic,Drama,14,Smart TV,12.26,2021-06-07,2026-04-30,12,Yes
2618,Erik Mendoza,70,Adult,Male,USA,Basic,Comedy,27,Mobile,7.69,2021-01-16,2026-01-19,42,Yes
2619,Courtney Clark,50,Adult,Female,Canada,Premium,Cartoon,8,Mobile,6.74,2023-12-15,2026-01-06,39,Yes
2620,Eddie Garza,69,Adult,Female,India,Basic,Comedy,27,Laptop,18.71,2022-09-23,2026-03-17,20,No
2621,James Kramer,52,Adult,Male,Germany,Premium,Documentary,44,Smart TV,13.7,2024-11-18,2026-01-15,22,Yes
2622,Jonathan Curtis,48,Adult,Female,India,Basic,Animation,15,Tablet,7.23,2024-07-19,2026-04-02,31,Yes
2623,Mark Mendoza,68,Adult,Male,Germany,Standard,Sci-Fi,39,Tablet,12.22,2023-11-30,2026-04-16,36,Yes
2624,Timothy Wood,69,Adult,Female,USA,Premium,Drama,40,Mobile,10.68,2023-08-07,2026-06-02,2,Yes
2625,James Mendoza,65,Adult,Male,UK,Basic,Action,49,Mobile,16.85,2023-04-07,2026-04-05,23,No
2626,Jonathan Wood,35,Adult,Female,Germany,Premium,Romance,46,Mobile,6.27,2022-12-22,2026-04-20,37,No
2627,Jo Mendoza,12,Kids,Male,USA,Premium,Cartoon,6,Tablet,14.79,2023-12-21,2026-05-23,33,No
2628,Timothy Wood,24,Adult,Male,India,Basic,Family,50,Mobile,14.27,2021-06-03,2026-04-15,28,No
2629,David Wilson,34,Adult,Male,India,Basic,Documentary,14,Laptop,7.19,2021-09-14,2026-01-10,48,Yes
2630,Jonathan Tucker,40,Adult,Female,France,Premium,Thriller,40,Smart TV,13.66,2021-02-13,2026-01-26,15,Yes
2631,Jo Miller,65,Adult,Male,Germany,Premium,Thriller,45,Smart TV,18.6,2021-05-03,2026-03-02,36,Yes
2632,Erik Curtis,7,Kids,Female,USA,Premium,Animation,37,Laptop,8.9,2021-09-19,2026-03-16,20,Yes
2633,Jonathan Clark,68,Adult,Male,Australia,Basic,Comedy,26,Laptop,18.75,2021-05-15,2026-04-07,36,Yes
2634,Courtney Mendoza,39,Adult,Male,Canada,Premium,Documentary,25,Laptop,12.3,2024-09-22,2026-01-27,48,No
2635,Jo Mendoza,23,Adult,Female,France,Premium,Family,43,Tablet,13.13,2023-03-08,2026-05-22,46,Yes
2636,Kimberly Miller,43,Adult,Female,Germany,Premium,Animation,31,Tablet,7.38,2021-11-13,2026-04-07,20,Yes
2637,Erik Clark,57,Adult,Female,Australia,Basic,Documentary,27,Mobile,15.23,2024-09-10,2026-05-05,23,Yes
2638,Eddie Sherman,63,Adult,Female,India,Basic,Horror,27,Laptop,7.76,2023-03-13,2026-03-25,10,No
2639,Erik Tucker,49,Adult,Female,Canada,Basic,Romance,42,Mobile,16.61,2021-07-26,2026-06-03,27,No
2640,Jo Wilson,18,Adult,Male,UK,Premium,Horror,10,Laptop,7.92,2022-12-19,2026-03-22,8,Yes
2641,Jo Kramer,51,Adult,Male,India,Basic,Sci-Fi,48,Laptop,6.39,2023-07-29,2026-04-05,11,Yes
2642,David Sherman,6,Kids,Male,Germany,Premium,Thriller,44,Mobile,14.68,2024-09-09,2026-02-22,40,Yes
2643,Jonathan Kramer,57,Adult,Male,USA,Basic,Action,35,Laptop,14.28,2021-03-04,2026-05-04,47,Yes
2644,Kimberly Curtis,65,Adult,Female,Australia,Standard,Documentary,43,Tablet,12.28,2024-08-18,2026-04-13,42,No
2645,James Mendoza,51,Adult,Female,France,Standard,Thriller,35,Laptop,18.46,2022-08-18,2026-03-17,42,No
2646,James Garza,59,Adult,Female,Australia,Basic,Comedy,27,Mobile,15.22,2021-09-23,2026-01-26,48,No
2647,Courtney Sherman,8,Kids,Male,Canada,Standard,Sci-Fi,13,Tablet,14.06,2022-06-18,2026-03-29,45,Yes
2648,David Curtis,56,Adult,Male,UK,Standard,Thriller,19,Tablet,15.07,2022-12-13,2026-03-05,23,Yes
2649,Mark Wilson,63,Adult,Male,UK,Premium,Action,16,Tablet,14.31,2022-12-21,2026-03-27,22,No
2650,Courtney Kramer,64,Adult,Female,Germany,Basic,Family,14,Laptop,12.26,2022-02-05,2026-05-14,28,No
2651,Kimberly Sherman,66,Adult,Female,USA,Premium,Comedy,31,Smart TV,7.71,2023-05-19,2026-01-03,22,Yes
2652,Eddie Miller,24,Adult,Female,Australia,Basic,Cartoon,35,Tablet,17.79,2021-04-05,2026-04-11,38,Yes
2653,Jo Garza,62,Adult,Male,USA,Premium,Romance,17,Laptop,10.93,2025-01-06,2026-03-13,33,Yes
2654,Erik Wilson,69,Adult,Female,UK,Premium,Thriller,19,Smart TV,8.83,2024-03-12,2026-02-27,11,Yes
2655,Mark Sherman,17,Kids,Male,India,Premium,Cartoon,23,Tablet,19.02,2024-06-21,2026-02-13,32,No
2656,Timothy Tucker,46,Adult,Female,India,Standard,Sci-Fi,19,Tablet,9.71,2022-06-05,2026-03-17,22,Yes
2657,Kimberly Clark,62,Adult,Female,India,Premium,Cartoon,21,Smart TV,15.04,2024-02-13,2026-03-05,12,No
2658,Jonathan Wood,46,Adult,Male,Australia,Basic,Action,32,Mobile,14.88,2022-04-04,2026-05-23,33,No
2659,Mark Wood,37,Adult,Male,France,Premium,Drama,50,Smart TV,8.87,2023-10-06,2026-05-05,40,Yes
2660,Timothy Garza,35,Adult,Male,India,Premium,Romance,26,Laptop,8.58,2023-08-28,2026-04-27,16,Yes
2661,Eddie Wilson,6,Kids,Female,France,Premium,Cartoon,13,Tablet,5.45,2021-09-17,2026-04-28,34,Yes
2662,Eddie Clark,6,Kids,Male,Australia,Standard,Romance,37,Mobile,17.62,2022-06-27,2026-01-02,48,No
2663,David Mendoza,64,Adult,Female,Germany,Basic,Comedy,8,Tablet,13.9,2023-01-11,2026-02-16,5,No
2664,Jo Garza,45,Adult,Female,Germany,Standard,Romance,50,Smart TV,10.39,2023-01-27,2026-01-11,17,Yes
2665,Courtney Sherman,34,Adult,Female,Australia,Premium,Family,24,Tablet,15.12,2022-10-08,2026-04-14,2,Yes
2666,Courtney Sherman,54,Adult,Female,UK,Basic,Romance,37,Laptop,5.26,2022-04-03,2026-05-03,48,Yes
2667,David Clark,6,Kids,Male,Germany,Standard,Horror,48,Tablet,12.97,2024-10-16,2026-05-26,1,No
2668,Eddie Clark,60,Adult,Male,India,Basic,Drama,37,Smart TV,19.2,2024-12-03,2026-01-31,19,Yes
2669,David Wood,18,Adult,Male,Canada,Premium,Cartoon,12,Laptop,8.55,2024-03-24,2026-04-18,6,No
2670,Jo Wood,59,Adult,Female,Australia,Standard,Cartoon,23,Tablet,16.17,2021-09-22,2026-04-11,13,Yes
2671,Mark Curtis,53,Adult,Female,France,Premium,Fantasy,46,Mobile,18.13,2022-11-06,2026-05-26,2,Yes
2672,James Wood,15,Kids,Female,Australia,Standard,Action,28,Smart TV,7.27,2022-10-11,2026-03-23,32,No
2673,David Sherman,13,Kids,Female,India,Standard,Thriller,31,Laptop,18.11,2022-03-02,2026-02-25,27,No
2674,Jonathan Kramer,8,Kids,Female,Canada,Premium,Action,20,Smart TV,19.3,2021-09-21,2026-01-12,49,Yes
2675,Timothy Tucker,27,Adult,Female,France,Premium,Romance,17,Mobile,16.46,2025-02-05,2026-03-18,39,No
2676,James Garza,67,Adult,Male,Canada,Basic,Comedy,5,Tablet,7.72,2021-10-16,2026-04-16,15,No
2677,Mark Garza,60,Adult,Female,Canada,Basic,Action,6,Laptop,5.6,2024-03-12,2026-04-27,21,No
2678,Jo Mendoza,44,Adult,Female,Canada,Premium,Animation,30,Laptop,8.31,2024-10-24,2026-02-27,23,Yes
2679,James Wood,8,Kids,Female,USA,Standard,Comedy,9,Laptop,17.22,2024-04-07,2026-01-18,43,No
2680,Kimberly Wood,10,Kids,Female,Australia,Premium,Thriller,39,Smart TV,5.43,2022-10-21,2026-03-09,46,No
2681,Mark Mendoza,26,Adult,Female,Australia,Standard,Drama,17,Smart TV,15.59,2021-05-28,2026-06-02,35,No
2682,Eddie Curtis,23,Adult,Male,Germany,Premium,Romance,41,Smart TV,14.96,2022-09-04,2026-05-02,28,Yes
2683,David Mendoza,21,Adult,Male,Canada,Premium,Documentary,29,Laptop,14.66,2022-01-02,2026-02-24,27,No
2684,Kimberly Sherman,56,Adult,Male,India,Premium,Fantasy,23,Laptop,16.04,2022-12-31,2026-04-18,15,Yes
2685,Eddie Garza,18,Adult,Female,Canada,Premium,Comedy,12,Mobile,6.4,2022-05-10,2026-01-15,42,Yes
2686,Courtney Mendoza,33,Adult,Female,Australia,Premium,Sci-Fi,47,Mobile,15.34,2024-02-04,2026-01-10,37,Yes
2687,David Kramer,50,Adult,Male,USA,Premium,Cartoon,29,Laptop,16.25,2023-10-10,2026-03-28,24,No
2688,Erik Tucker,34,Adult,Female,UK,Premium,Thriller,30,Smart TV,17.81,2022-03-06,2026-02-05,1,No
2689,Erik Wood,65,Adult,Male,USA,Standard,Documentary,28,Tablet,6.41,2021-05-13,2026-04-18,19,No
2690,Jonathan Wood,60,Adult,Female,India,Basic,Family,6,Mobile,15.19,2023-11-04,2026-03-26,50,Yes
2691,Timothy Mendoza,27,Adult,Female,Germany,Standard,Fantasy,41,Tablet,11.49,2021-02-23,2026-03-11,29,No
2692,Courtney Sherman,53,Adult,Female,India,Basic,Romance,43,Laptop,11.01,2025-01-21,2026-05-20,28,No
2693,Courtney Kramer,64,Adult,Female,France,Standard,Sci-Fi,43,Laptop,7.43,2021-06-22,2026-01-05,48,Yes
2694,Timothy Clark,9,Kids,Male,Canada,Standard,Documentary,7,Laptop,16.15,2022-07-10,2026-01-11,12,Yes
2695,Kimberly Curtis,63,Adult,Female,Germany,Basic,Comedy,38,Laptop,8.37,2021-03-14,2026-02-05,30,No
2696,Eddie Sherman,64,Adult,Female,France,Standard,Action,15,Tablet,5.44,2023-06-06,2026-02-13,23,Yes
2697,Jonathan Tucker,18,Adult,Female,Canada,Standard,Thriller,22,Laptop,15.47,2021-08-03,2026-03-30,10,No
2698,David Wilson,58,Adult,Male,USA,Basic,Drama,27,Mobile,14.69,2021-01-03,2026-06-06,30,No
2699,Jonathan Curtis,30,Adult,Male,Australia,Basic,Sci-Fi,18,Tablet,6.67,2022-02-28,2026-03-20,35,No
2700,David Miller,12,Kids,Male,Canada,Basic,Sci-Fi,40,Tablet,6.92,2023-11-23,2026-05-20,22,No
2701,Erik Curtis,33,Adult,Male,USA,Basic,Animation,20,Tablet,18.81,2021-04-08,2026-01-01,3,No
2702,Jo Kramer,21,Adult,Female,France,Basic,Action,16,Mobile,9.71,2024-04-26,2026-01-09,34,Yes
2703,David Kramer,44,Adult,Male,Australia,Premium,Documentary,5,Tablet,13.59,2023-01-18,2026-03-08,16,Yes
2704,Erik Kramer,26,Adult,Male,Germany,Premium,Thriller,7,Laptop,9.63,2024-07-18,2026-04-24,40,No
2705,Erik Tucker,33,Adult,Male,USA,Standard,Romance,14,Laptop,8.33,2023-03-19,2026-05-10,18,Yes
2706,Eddie Wilson,12,Kids,Male,France,Standard,Action,23,Smart TV,10.74,2022-10-06,2026-05-13,39,No
2707,Jonathan Miller,18,Adult,Female,Canada,Standard,Animation,14,Mobile,6.91,2021-08-22,2026-03-05,50,No
2708,Timothy Clark,37,Adult,Female,Germany,Premium,Drama,42,Tablet,17.52,2021-08-24,2026-04-18,18,No
2709,James Tucker,62,Adult,Female,UK,Standard,Fantasy,28,Laptop,6.07,2024-03-23,2026-01-13,46,No
2710,Eddie Tucker,53,Adult,Female,France,Premium,Animation,16,Smart TV,10.93,2022-11-08,2026-05-29,45,Yes
2711,Jo Mendoza,48,Adult,Male,USA,Standard,Romance,49,Laptop,9.38,2024-11-06,2026-05-19,46,Yes
2712,Courtney Miller,10,Kids,Male,Australia,Standard,Romance,17,Laptop,10.79,2021-06-19,2026-02-27,36,No
2713,David Curtis,47,Adult,Female,USA,Standard,Horror,39,Laptop,8.06,2025-01-29,2026-01-11,27,No
2714,Jonathan Curtis,49,Adult,Male,USA,Basic,Horror,25,Tablet,17.63,2021-07-14,2026-01-06,26,No
2715,Timothy Sherman,28,Adult,Female,UK,Premium,Drama,5,Mobile,5.32,2021-07-17,2026-01-04,19,Yes
2716,Mark Miller,62,Adult,Female,Australia,Premium,Horror,14,Smart TV,9.74,2022-02-20,2026-03-18,21,Yes
2717,Eddie Wilson,9,Kids,Male,UK,Premium,Romance,17,Laptop,15.14,2024-11-12,2026-04-26,46,No
2718,David Wilson,44,Adult,Male,India,Premium,Thriller,49,Smart TV,18.38,2024-03-25,2026-03-11,49,Yes
2719,Jonathan Curtis,42,Adult,Female,India,Basic,Romance,35,Mobile,11.24,2023-01-16,2026-05-04,27,No
2720,Kimberly Wilson,20,Adult,Female,USA,Premium,Fantasy,10,Laptop,17.54,2021-04-03,2026-01-16,13,No
2721,Timothy Wood,37,Adult,Male,France,Basic,Romance,48,Smart TV,6.31,2024-06-23,2026-06-03,42,No
2722,Jonathan Garza,34,Adult,Female,USA,Standard,Fantasy,45,Tablet,17.83,2023-01-22,2026-06-01,5,Yes
2723,Mark Curtis,39,Adult,Female,India,Standard,Documentary,11,Laptop,17.21,2021-11-18,2026-03-27,7,No
2724,David Wood,51,Adult,Female,India,Standard,Comedy,40,Tablet,7.37,2021-02-11,2026-02-10,18,No
2725,Mark Wood,17,Kids,Female,UK,Standard,Family,26,Tablet,11.54,2021-08-06,2026-02-08,18,No
2726,James Kramer,34,Adult,Male,India,Standard,Fantasy,28,Mobile,18.82,2021-06-13,2026-01-19,3,Yes
2727,James Miller,11,Kids,Female,USA,Standard,Animation,19,Smart TV,10.97,2021-12-08,2026-02-25,29,No
2728,Courtney Sherman,39,Adult,Male,USA,Premium,Family,26,Tablet,11.39,2023-11-06,2026-03-22,38,No
2729,Jonathan Kramer,30,Adult,Female,USA,Standard,Horror,28,Mobile,10.42,2024-07-05,2026-05-14,19,Yes
2730,Erik Miller,12,Kids,Female,Germany,Basic,Animation,12,Mobile,7.45,2023-06-21,2026-04-21,46,Yes
2731,David Wilson,48,Adult,Male,Canada,Premium,Romance,16,Mobile,10.61,2021-08-18,2026-02-22,39,Yes
2732,Jo Mendoza,38,Adult,Male,Germany,Standard,Animation,19,Mobile,16.64,2022-02-26,2026-01-25,41,No
2733,Mark Miller,10,Kids,Male,Germany,Basic,Cartoon,10,Tablet,10.09,2024-10-03,2026-01-05,17,Yes
2734,Eddie Wilson,35,Adult,Female,Australia,Standard,Thriller,23,Smart TV,6.79,2023-08-05,2026-03-04,39,No
2735,Jonathan Wood,43,Adult,Male,Germany,Basic,Sci-Fi,9,Mobile,8.72,2022-03-21,2026-02-05,8,Yes
2736,Eddie Miller,62,Adult,Male,Germany,Premium,Thriller,42,Smart TV,19.43,2024-05-15,2026-05-07,15,No
2737,James Kramer,52,Adult,Male,Canada,Standard,Romance,9,Mobile,9.87,2024-01-10,2026-01-16,44,Yes
2738,Jonathan Miller,68,Adult,Female,India,Premium,Fantasy,40,Tablet,7.51,2022-07-15,2026-03-31,8,No
2739,Courtney Mendoza,48,Adult,Male,USA,Premium,Comedy,13,Smart TV,18.82,2023-07-22,2026-04-30,9,Yes
2740,Mark Kramer,64,Adult,Male,UK,Basic,Documentary,6,Smart TV,11.86,2021-05-05,2026-05-22,49,Yes
2741,Jo Wilson,28,Adult,Male,Canada,Standard,Cartoon,10,Smart TV,17.71,2024-05-10,2026-03-30,17,Yes
2742,David Miller,64,Adult,Female,Germany,Basic,Drama,24,Laptop,6.26,2021-08-07,2026-02-13,11,No
2743,Kimberly Miller,42,Adult,Female,USA,Basic,Comedy,10,Mobile,7.36,2023-10-04,2026-03-17,42,Yes
2744,Jo Curtis,59,Adult,Female,France,Basic,Sci-Fi,9,Mobile,15.2,2022-09-01,2026-04-19,48,Yes
2745,James Garza,20,Adult,Female,France,Basic,Drama,7,Smart TV,7.17,2023-03-17,2026-02-26,23,Yes
2746,Jo Curtis,62,Adult,Male,France,Standard,Romance,14,Mobile,18.96,2024-05-04,2026-03-08,9,Yes
2747,Jo Wilson,48,Adult,Male,UK,Standard,Documentary,21,Mobile,19.2,2021-05-28,2026-02-01,1,No
2748,Mark Clark,64,Adult,Male,France,Premium,Horror,12,Laptop,19.97,2023-02-22,2026-03-31,49,No
2749,Erik Sherman,5,Kids,Male,France,Basic,Romance,32,Tablet,9.06,2023-06-01,2026-03-26,40,Yes
2750,James Clark,28,Adult,Male,UK,Standard,Cartoon,32,Laptop,15.43,2022-05-11,2026-02-18,14,No
2751,Mark Mendoza,29,Adult,Male,UK,Standard,Animation,44,Mobile,18.69,2021-11-15,2026-01-16,38,Yes
2752,Mark Wilson,16,Kids,Female,UK,Premium,Animation,13,Mobile,9.52,2024-05-05,2026-02-24,50,No
2753,Erik Miller,53,Adult,Male,Germany,Basic,Thriller,18,Smart TV,9.56,2023-11-30,2026-05-12,47,No
2754,Erik Wood,57,Adult,Female,Canada,Premium,Horror,18,Mobile,6.75,2022-08-23,2026-03-04,49,Yes
2755,Jo Garza,54,Adult,Male,Australia,Premium,Action,47,Smart TV,12.31,2023-11-30,2026-01-16,19,No
2756,Eddie Miller,19,Adult,Male,Australia,Standard,Documentary,33,Smart TV,15.71,2022-05-31,2026-01-09,24,Yes
2757,Courtney Mendoza,16,Kids,Male,UK,Premium,Comedy,7,Mobile,17.13,2023-08-07,2026-01-09,10,Yes
2758,James Wood,38,Adult,Female,Australia,Premium,Thriller,22,Mobile,14.22,2023-11-28,2026-01-18,41,Yes
2759,Timothy Wood,17,Kids,Male,UK,Premium,Documentary,50,Tablet,13.82,2024-07-22,2026-05-06,27,Yes
2760,David Garza,45,Adult,Female,Canada,Premium,Comedy,28,Smart TV,18.14,2022-10-09,2026-05-22,42,Yes
2761,Courtney Sherman,68,Adult,Male,UK,Standard,Comedy,26,Laptop,9.78,2022-05-13,2026-01-24,46,Yes
2762,Mark Clark,43,Adult,Male,USA,Basic,Cartoon,49,Tablet,6.07,2022-10-31,2026-06-03,40,Yes
2763,Timothy Kramer,32,Adult,Male,UK,Basic,Romance,48,Laptop,15.55,2021-07-24,2026-04-18,32,No
2764,Jonathan Wilson,69,Adult,Male,USA,Basic,Comedy,27,Mobile,12.16,2022-12-28,2026-05-24,48,Yes
2765,Mark Clark,70,Adult,Male,Canada,Standard,Cartoon,9,Smart TV,6.96,2024-04-02,2026-03-19,45,Yes
2766,James Tucker,27,Adult,Female,Australia,Standard,Sci-Fi,6,Tablet,8.87,2022-01-13,2026-05-13,3,No
2767,David Sherman,65,Adult,Male,Germany,Basic,Drama,5,Laptop,10.78,2021-08-11,2026-05-23,31,Yes
2768,Timothy Wilson,15,Kids,Female,Germany,Standard,Drama,44,Smart TV,15.4,2023-03-14,2026-04-21,16,Yes
2769,Timothy Wilson,55,Adult,Female,India,Standard,Animation,44,Tablet,9.08,2024-07-24,2026-01-26,45,Yes
2770,Erik Mendoza,55,Adult,Male,India,Standard,Horror,41,Smart TV,17.07,2022-10-08,2026-02-07,21,No
2771,James Sherman,49,Adult,Female,Canada,Standard,Comedy,31,Smart TV,14.83,2024-04-03,2026-04-27,12,Yes
2772,Timothy Tucker,50,Adult,Male,UK,Standard,Action,8,Smart TV,19.21,2022-12-30,2026-03-12,24,Yes
2773,Mark Sherman,5,Kids,Male,Germany,Basic,Animation,16,Laptop,11.77,2024-03-24,2026-03-25,5,No
2774,Kimberly Tucker,47,Adult,Male,Germany,Premium,Family,13,Smart TV,17.34,2022-10-07,2026-04-30,31,No
2775,Courtney Wilson,40,Adult,Female,India,Standard,Sci-Fi,24,Laptop,15.46,2022-11-20,2026-04-05,14,No
2776,David Curtis,66,Adult,Male,India,Basic,Animation,38,Smart TV,10.89,2023-09-14,2026-04-07,40,No
2777,Erik Kramer,66,Adult,Female,France,Basic,Horror,7,Mobile,14.87,2022-10-05,2026-02-07,39,Yes
2778,Kimberly Kramer,63,Adult,Male,Australia,Basic,Romance,18,Tablet,12.84,2022-09-07,2026-05-15,20,Yes
2779,Kimberly Clark,46,Adult,Male,USA,Basic,Thriller,46,Mobile,16.75,2021-06-02,2026-05-28,5,Yes
2780,James Sherman,29,Adult,Male,UK,Basic,Animation,6,Mobile,6.31,2022-10-31,2026-06-08,49,No
2781,Mark Miller,48,Adult,Male,USA,Premium,Thriller,9,Smart TV,15.21,2022-07-24,2026-03-17,12,No
2782,Mark Miller,35,Adult,Male,India,Premium,Drama,26,Tablet,8.66,2022-06-28,2026-04-19,43,Yes
2783,Erik Tucker,39,Adult,Male,Australia,Premium,Family,14,Tablet,12.79,2024-12-11,2026-01-25,18,Yes
2784,David Mendoza,10,Kids,Female,France,Standard,Thriller,15,Laptop,11.46,2024-09-18,2026-04-29,25,Yes
2785,Courtney Sherman,56,Adult,Male,Australia,Standard,Comedy,23,Mobile,9.15,2022-09-27,2026-05-13,30,Yes
2786,Jo Garza,9,Kids,Female,Australia,Basic,Action,7,Mobile,10.63,2024-03-21,2026-03-24,10,Yes
2787,Jonathan Garza,23,Adult,Male,France,Premium,Thriller,41,Mobile,12.36,2023-08-29,2026-02-14,27,Yes
2788,James Wood,12,Kids,Female,USA,Premium,Drama,29,Mobile,10.9,2022-06-16,2026-04-02,32,Yes
2789,Kimberly Kramer,63,Adult,Female,Canada,Premium,Documentary,19,Mobile,16.38,2021-06-27,2026-02-16,10,No
2790,David Wood,39,Adult,Female,India,Standard,Fantasy,6,Smart TV,15.99,2024-09-02,2026-04-15,27,No
2791,Jonathan Sherman,18,Adult,Female,USA,Premium,Drama,33,Tablet,11.92,2024-09-15,2026-01-13,25,Yes
2792,Mark Miller,70,Adult,Female,Germany,Standard,Drama,28,Mobile,10.56,2021-03-23,2026-05-06,16,Yes
2793,Erik Wood,10,Kids,Female,France,Basic,Cartoon,8,Tablet,17.74,2021-11-21,2026-01-30,41,Yes
2794,Mark Wilson,68,Adult,Female,France,Basic,Sci-Fi,15,Smart TV,7.04,2023-10-08,2026-04-09,2,No
2795,Erik Miller,6,Kids,Male,Germany,Basic,Sci-Fi,24,Mobile,13.7,2022-08-14,2026-04-03,18,No
2796,Courtney Miller,13,Kids,Male,Canada,Premium,Comedy,24,Laptop,18.3,2022-02-24,2026-01-30,30,No
2797,Timothy Curtis,23,Adult,Male,India,Basic,Fantasy,46,Laptop,6.37,2023-09-17,2026-05-12,50,No
2798,Eddie Tucker,5,Kids,Female,India,Basic,Thriller,11,Laptop,11.95,2024-12-18,2026-04-27,38,No
2799,Timothy Sherman,32,Adult,Male,India,Premium,Sci-Fi,32,Smart TV,12.95,2024-06-09,2026-05-03,12,No
2800,Kimberly Tucker,70,Adult,Female,Germany,Premium,Comedy,19,Smart TV,13.02,2024-07-25,2026-05-18,16,No
2801,James Wilson,7,Kids,Female,Canada,Basic,Family,20,Laptop,15.29,2021-02-04,2026-02-16,6,No
2802,Eddie Miller,8,Kids,Female,India,Premium,Documentary,19,Laptop,14.93,2021-09-11,2026-03-15,29,No
2803,Jonathan Curtis,68,Adult,Female,Canada,Standard,Family,14,Smart TV,13.57,2022-08-09,2026-02-22,7,No
2804,Jonathan Curtis,24,Adult,Female,USA,Basic,Documentary,5,Mobile,17.75,2023-10-11,2026-03-21,19,Yes
2805,Kimberly Clark,20,Adult,Male,Australia,Standard,Drama,39,Tablet,15.57,2022-07-30,2026-05-14,47,Yes
2806,Jonathan Wilson,44,Adult,Female,Canada,Standard,Animation,14,Tablet,15.11,2021-07-01,2026-02-25,48,No
2807,Jonathan Clark,57,Adult,Male,France,Standard,Animation,39,Smart TV,9.29,2024-12-22,2026-01-04,35,Yes
2808,James Curtis,14,Kids,Male,India,Standard,Family,7,Mobile,6.79,2024-12-27,2026-01-21,1,No
2809,Timothy Wilson,24,Adult,Female,Canada,Premium,Action,6,Tablet,13.65,2024-02-04,2026-04-29,50,No
2810,Timothy Wood,49,Adult,Female,India,Premium,Sci-Fi,20,Smart TV,14.58,2023-10-14,2026-03-13,35,Yes
2811,Erik Sherman,37,Adult,Female,France,Standard,Fantasy,49,Smart TV,19.98,2022-12-01,2026-03-03,13,Yes
2812,Timothy Miller,63,Adult,Female,USA,Premium,Action,9,Laptop,18.44,2022-04-08,2026-04-06,46,Yes
2813,Timothy Garza,7,Kids,Female,France,Basic,Romance,48,Smart TV,17.7,2022-09-29,2026-02-24,16,No
2814,Timothy Mendoza,56,Adult,Female,France,Premium,Animation,46,Smart TV,19.34,2022-09-18,2026-03-16,19,Yes
2815,Jo Miller,22,Adult,Female,Australia,Basic,Family,10,Laptop,16.23,2023-10-20,2026-05-19,32,No
2816,Jonathan Miller,16,Kids,Male,India,Standard,Horror,31,Mobile,19.4,2024-02-15,2026-02-05,7,No
2817,James Tucker,47,Adult,Male,Canada,Standard,Romance,25,Tablet,11.42,2021-08-13,2026-01-17,43,No
2818,Courtney Wood,47,Adult,Female,France,Premium,Horror,40,Mobile,5.75,2022-12-14,2026-02-11,22,No
2819,Timothy Miller,59,Adult,Female,India,Premium,Cartoon,16,Mobile,7.58,2024-02-29,2026-05-10,25,Yes
2820,Jo Miller,10,Kids,Male,Canada,Standard,Sci-Fi,35,Laptop,8.35,2024-01-17,2026-04-11,4,No
2821,Eddie Kramer,8,Kids,Male,USA,Standard,Family,13,Mobile,5.93,2025-01-28,2026-02-24,49,No
2822,Eddie Wilson,49,Adult,Female,Germany,Basic,Sci-Fi,39,Laptop,6.95,2022-03-23,2026-02-19,34,Yes
2823,Timothy Tucker,50,Adult,Male,India,Premium,Horror,17,Tablet,18.72,2024-03-04,2026-04-13,9,Yes
2824,Kimberly Mendoza,16,Kids,Female,Australia,Standard,Documentary,39,Laptop,14.31,2021-01-24,2026-05-04,24,No
2825,Jonathan Garza,49,Adult,Female,UK,Standard,Horror,8,Laptop,7.55,2022-07-29,2026-03-01,40,Yes
2826,Mark Garza,18,Adult,Male,Germany,Basic,Documentary,49,Smart TV,6.45,2021-10-07,2026-02-28,27,No
2827,Jo Miller,34,Adult,Male,Australia,Basic,Comedy,44,Smart TV,12.54,2021-03-28,2026-01-14,43,Yes
2828,Eddie Mendoza,8,Kids,Female,Australia,Basic,Drama,14,Laptop,17.44,2021-07-01,2026-04-16,27,Yes
2829,Erik Clark,15,Kids,Male,Canada,Basic,Animation,6,Mobile,7.47,2023-04-20,2026-01-30,38,Yes
2830,Timothy Miller,8,Kids,Female,USA,Premium,Cartoon,23,Tablet,8.8,2022-04-07,2026-03-30,3,No
2831,Jo Curtis,5,Kids,Female,UK,Basic,Cartoon,50,Tablet,10.22,2021-07-10,2026-05-03,22,Yes
2832,David Kramer,68,Adult,Female,USA,Premium,Romance,41,Tablet,14.77,2021-03-29,2026-03-10,27,Yes
2833,David Kramer,53,Adult,Male,France,Premium,Drama,26,Laptop,18.53,2021-12-30,2026-03-25,38,No
2834,Courtney Kramer,60,Adult,Female,India,Standard,Drama,23,Smart TV,16.33,2024-02-19,2026-05-14,5,No
2835,David Garza,24,Adult,Male,Australia,Standard,Action,42,Laptop,5.01,2023-11-13,2026-01-02,1,No
2836,Jonathan Garza,15,Kids,Male,France,Basic,Fantasy,10,Smart TV,6.71,2023-09-19,2026-03-10,30,No
2837,Erik Clark,44,Adult,Male,France,Premium,Comedy,31,Mobile,19.78,2022-09-06,2026-05-11,32,No
2838,Kimberly Clark,47,Adult,Female,India,Basic,Horror,28,Laptop,15.1,2021-06-02,2026-04-12,1,No
2839,Timothy Curtis,16,Kids,Male,France,Basic,Action,8,Smart TV,7.55,2023-12-04,2026-02-16,10,No
2840,Mark Kramer,56,Adult,Female,France,Standard,Romance,13,Mobile,10.78,2021-04-15,2026-05-10,44,No
2841,David Miller,19,Adult,Female,USA,Standard,Animation,42,Laptop,14.37,2021-05-10,2026-04-25,46,Yes
2842,James Miller,37,Adult,Male,UK,Standard,Cartoon,6,Laptop,16.45,2022-05-30,2026-05-16,47,No
2843,Erik Sherman,67,Adult,Female,Germany,Standard,Sci-Fi,28,Laptop,9.4,2021-01-27,2026-01-02,10,No
2844,James Curtis,36,Adult,Male,Canada,Basic,Horror,31,Mobile,19.97,2023-04-06,2026-03-31,23,No
2845,Courtney Mendoza,11,Kids,Male,France,Premium,Comedy,16,Laptop,8.39,2023-09-07,2026-02-23,20,Yes
2846,Timothy Sherman,34,Adult,Female,UK,Premium,Action,43,Laptop,7.97,2021-11-12,2026-01-20,20,No
2847,Eddie Garza,62,Adult,Female,Germany,Premium,Fantasy,11,Tablet,9.26,2024-07-19,2026-03-24,2,No
2848,David Wood,32,Adult,Male,Germany,Premium,Romance,11,Laptop,15,2023-06-05,2026-03-02,22,Yes
2849,Mark Kramer,24,Adult,Male,India,Basic,Fantasy,16,Smart TV,19.11,2022-01-30,2026-02-08,3,No
2850,Kimberly Kramer,39,Adult,Male,France,Premium,Action,26,Laptop,7.96,2021-07-01,2026-01-01,18,No
2851,Jo Mendoza,48,Adult,Male,Canada,Standard,Comedy,30,Tablet,14.04,2023-09-08,2026-01-26,27,Yes
2852,Erik Mendoza,16,Kids,Male,France,Basic,Animation,6,Laptop,18.76,2023-11-22,2026-01-10,2,Yes
2853,James Curtis,20,Adult,Female,India,Basic,Thriller,13,Smart TV,6.8,2024-12-06,2026-04-14,42,Yes
2854,Erik Mendoza,36,Adult,Female,Canada,Basic,Sci-Fi,10,Laptop,7.05,2024-10-18,2026-03-30,3,Yes
2855,Courtney Wilson,19,Adult,Male,India,Standard,Thriller,38,Mobile,19.62,2022-09-01,2026-01-17,40,Yes
2856,Timothy Sherman,39,Adult,Male,Germany,Standard,Animation,39,Mobile,16.83,2022-05-10,2026-03-27,14,Yes
2857,Timothy Clark,39,Adult,Male,Germany,Premium,Horror,21,Smart TV,6.82,2023-11-16,2026-03-28,5,No
2858,David Garza,23,Adult,Female,India,Basic,Animation,39,Laptop,10.65,2021-01-04,2026-04-29,15,Yes
2859,Erik Wilson,5,Kids,Female,Australia,Standard,Drama,11,Tablet,18.86,2024-08-13,2026-05-28,39,Yes
2860,James Kramer,37,Adult,Female,USA,Standard,Family,17,Mobile,17.4,2021-01-27,2026-01-21,43,No
2861,Courtney Sherman,6,Kids,Female,France,Premium,Drama,24,Laptop,19.96,2022-02-13,2026-03-20,39,Yes
2862,Jonathan Mendoza,43,Adult,Female,Australia,Premium,Comedy,34,Smart TV,11.8,2023-04-11,2026-06-03,2,Yes
2863,James Tucker,52,Adult,Female,France,Premium,Comedy,19,Tablet,12.8,2021-05-17,2026-05-04,23,Yes
2864,Erik Wilson,59,Adult,Female,India,Basic,Sci-Fi,36,Tablet,18.86,2023-10-07,2026-02-18,50,No
2865,Jonathan Wilson,24,Adult,Male,Canada,Basic,Sci-Fi,44,Tablet,17.32,2024-06-28,2026-05-02,27,No
2866,Eddie Garza,48,Adult,Male,France,Standard,Thriller,47,Smart TV,13.34,2024-11-04,2026-02-06,25,Yes
2867,Kimberly Sherman,54,Adult,Female,USA,Basic,Horror,24,Mobile,15.66,2023-12-25,2026-01-21,27,No
2868,David Sherman,36,Adult,Female,Australia,Basic,Drama,32,Mobile,11.92,2021-12-03,2026-05-11,30,Yes
2869,Kimberly Wood,25,Adult,Male,USA,Premium,Cartoon,15,Mobile,15.49,2022-01-12,2026-06-09,46,Yes
2870,Courtney Miller,53,Adult,Female,Australia,Basic,Documentary,9,Laptop,12.01,2023-07-23,2026-04-21,13,Yes
2871,Jonathan Kramer,46,Adult,Female,France,Premium,Drama,23,Mobile,19.94,2025-02-02,2026-04-05,34,Yes
2872,Kimberly Miller,66,Adult,Male,France,Premium,Cartoon,43,Tablet,15.98,2021-05-10,2026-02-24,30,No
2873,Erik Wood,65,Adult,Male,USA,Premium,Horror,42,Laptop,8.94,2023-10-28,2026-02-26,48,No
2874,Mark Garza,35,Adult,Female,France,Standard,Cartoon,41,Laptop,12.02,2024-01-22,2026-05-16,44,No
2875,Eddie Curtis,6,Kids,Male,France,Premium,Thriller,15,Mobile,19.58,2023-05-06,2026-06-06,39,Yes
2876,Courtney Curtis,64,Adult,Male,Germany,Basic,Comedy,31,Mobile,10.77,2023-10-13,2026-06-05,7,No
2877,Mark Kramer,61,Adult,Female,UK,Standard,Sci-Fi,20,Tablet,10.08,2021-05-22,2026-03-11,50,Yes
2878,Kimberly Curtis,22,Adult,Female,France,Basic,Family,43,Tablet,19.52,2022-08-31,2026-03-28,24,No
2879,Eddie Miller,58,Adult,Male,Canada,Basic,Action,39,Laptop,11.28,2022-04-19,2026-02-08,5,Yes
2880,Jo Mendoza,9,Kids,Male,India,Basic,Family,14,Mobile,16.42,2021-06-22,2026-05-28,1,No
2881,Kimberly Wilson,19,Adult,Male,UK,Standard,Comedy,31,Tablet,16.66,2023-08-10,2026-01-07,38,Yes
2882,Mark Tucker,9,Kids,Female,UK,Basic,Drama,19,Tablet,12.22,2022-04-18,2026-05-31,26,Yes
2883,Timothy Clark,56,Adult,Male,India,Standard,Sci-Fi,31,Tablet,8.38,2021-04-06,2026-05-10,27,Yes
2884,Jonathan Curtis,59,Adult,Male,Australia,Standard,Comedy,48,Laptop,12.23,2022-11-08,2026-05-06,30,Yes
2885,Jonathan Tucker,46,Adult,Male,Germany,Basic,Romance,21,Laptop,8.77,2024-06-17,2026-01-04,3,Yes
2886,Mark Curtis,22,Adult,Male,Germany,Standard,Family,13,Smart TV,18.48,2021-11-26,2026-01-23,8,No
2887,Erik Kramer,50,Adult,Male,Australia,Standard,Action,18,Tablet,7.15,2021-09-29,2026-02-13,23,Yes
2888,Courtney Kramer,57,Adult,Male,Australia,Premium,Thriller,13,Smart TV,18.8,2023-09-20,2026-03-06,39,Yes
2889,David Curtis,11,Kids,Male,UK,Standard,Horror,10,Tablet,15.53,2022-11-20,2026-05-14,40,Yes
2890,Eddie Tucker,6,Kids,Female,India,Basic,Action,5,Laptop,16.73,2021-01-06,2026-04-29,15,Yes
2891,David Tucker,14,Kids,Female,France,Premium,Animation,26,Mobile,18.12,2022-09-27,2026-02-02,21,No
2892,James Clark,21,Adult,Male,Australia,Basic,Romance,22,Smart TV,8.25,2021-08-10,2026-03-09,24,Yes
2893,Mark Wilson,64,Adult,Male,Australia,Basic,Cartoon,14,Laptop,10.98,2022-01-26,2026-04-25,16,No
2894,Mark Miller,7,Kids,Female,Australia,Standard,Romance,50,Smart TV,18.96,2021-02-24,2026-02-08,43,Yes
2895,Jonathan Curtis,17,Kids,Male,Australia,Premium,Cartoon,19,Smart TV,8.55,2021-08-05,2026-05-24,50,No
2896,Eddie Miller,7,Kids,Male,Australia,Basic,Cartoon,17,Mobile,6.65,2023-07-02,2026-02-27,15,No
2897,Jo Clark,43,Adult,Female,Canada,Standard,Animation,22,Laptop,5.82,2025-01-29,2026-05-31,21,No
2898,Kimberly Tucker,40,Adult,Female,USA,Premium,Cartoon,28,Tablet,11.64,2023-05-08,2026-03-19,42,No
2899,Mark Kramer,44,Adult,Male,UK,Basic,Comedy,34,Tablet,10.02,2022-05-25,2026-06-01,35,No
2900,James Sherman,17,Kids,Male,Australia,Standard,Horror,35,Tablet,18.81,2021-05-01,2026-03-16,6,Yes
2901,David Curtis,63,Adult,Female,India,Standard,Horror,46,Laptop,5.67,2023-04-17,2026-04-11,19,No
2902,Courtney Sherman,13,Kids,Female,Germany,Basic,Animation,44,Mobile,5.15,2023-01-17,2026-05-12,43,Yes
2903,Kimberly Clark,49,Adult,Female,Canada,Premium,Thriller,16,Mobile,18.71,2024-01-02,2026-01-20,29,No
2904,Jo Curtis,69,Adult,Male,UK,Basic,Comedy,13,Laptop,19.17,2023-06-04,2026-05-17,50,Yes
2905,Timothy Curtis,20,Adult,Female,Australia,Basic,Horror,7,Smart TV,8.48,2023-02-24,2026-02-21,11,No
2906,Erik Wood,56,Adult,Female,Germany,Standard,Comedy,20,Laptop,13.26,2021-02-23,2026-03-05,4,Yes
2907,Courtney Curtis,40,Adult,Female,India,Basic,Documentary,49,Tablet,5.37,2024-02-14,2026-04-11,2,Yes
2908,Mark Kramer,65,Adult,Male,Germany,Premium,Documentary,47,Laptop,5.82,2022-03-31,2026-03-13,22,No
2909,Timothy Garza,40,Adult,Female,Germany,Premium,Romance,22,Laptop,12.52,2022-02-12,2026-01-31,50,No
2910,Timothy Tucker,30,Adult,Male,UK,Standard,Family,31,Tablet,10.02,2024-05-18,2026-04-10,14,Yes
2911,James Wilson,63,Adult,Female,France,Standard,Comedy,14,Smart TV,10.28,2022-07-16,2026-05-11,48,Yes
2912,James Wood,9,Kids,Female,USA,Basic,Cartoon,40,Smart TV,18.07,2023-06-16,2026-05-11,9,No
2913,Jonathan Miller,44,Adult,Male,Australia,Premium,Documentary,23,Laptop,5.24,2023-05-01,2026-04-20,42,Yes
2914,David Curtis,31,Adult,Male,Germany,Standard,Action,45,Smart TV,12.33,2022-10-25,2026-03-25,5,No
2915,Mark Curtis,15,Kids,Male,USA,Standard,Horror,28,Tablet,14.38,2023-04-03,2026-01-20,38,No
2916,David Sherman,38,Adult,Female,Canada,Basic,Action,47,Laptop,11.1,2023-06-01,2026-03-27,26,Yes
2917,David Sherman,39,Adult,Female,France,Standard,Drama,23,Smart TV,8.1,2021-09-19,2026-04-27,33,No
2918,James Kramer,58,Adult,Female,Canada,Standard,Sci-Fi,26,Mobile,6.4,2021-12-03,2026-01-14,36,Yes
2919,James Garza,33,Adult,Male,USA,Standard,Documentary,34,Mobile,19.31,2022-03-25,2026-02-18,26,No
2920,David Wilson,52,Adult,Female,India,Premium,Family,12,Mobile,7.56,2021-09-25,2026-03-13,7,Yes
2921,Mark Wilson,17,Kids,Female,Germany,Standard,Action,40,Mobile,14.17,2024-06-22,2026-01-01,11,No
2922,Timothy Miller,12,Kids,Female,Canada,Basic,Horror,45,Mobile,17.2,2022-08-28,2026-04-15,46,No
2923,Jonathan Kramer,54,Adult,Female,Canada,Basic,Cartoon,46,Smart TV,13.45,2022-10-05,2026-04-20,43,No
2924,Jonathan Garza,36,Adult,Male,Australia,Standard,Sci-Fi,48,Smart TV,16.6,2021-03-03,2026-05-28,22,No
2925,Mark Sherman,36,Adult,Female,Germany,Premium,Animation,37,Tablet,16.2,2025-01-07,2026-03-06,42,Yes
2926,Mark Curtis,70,Adult,Male,Canada,Standard,Thriller,25,Tablet,14.32,2023-11-24,2026-04-25,35,No
2927,James Garza,34,Adult,Male,France,Standard,Documentary,22,Smart TV,10.87,2022-08-28,2026-05-14,41,No
2928,David Miller,20,Adult,Female,USA,Standard,Drama,16,Tablet,9.44,2024-03-11,2026-01-19,9,Yes
2929,David Kramer,36,Adult,Female,Canada,Standard,Animation,47,Smart TV,11.7,2022-02-27,2026-02-02,2,Yes
2930,Jonathan Mendoza,26,Adult,Male,India,Basic,Horror,14,Tablet,12.17,2025-01-27,2026-01-11,28,Yes
2931,Erik Wilson,35,Adult,Male,Australia,Premium,Cartoon,24,Laptop,19.53,2024-05-19,2026-03-18,45,Yes
2932,David Curtis,29,Adult,Male,UK,Standard,Thriller,42,Mobile,16.3,2022-05-31,2026-03-25,20,Yes
2933,Courtney Mendoza,56,Adult,Male,Canada,Basic,Fantasy,35,Laptop,14.61,2021-04-14,2026-04-18,34,No
2934,Eddie Wood,32,Adult,Male,France,Premium,Action,13,Mobile,8.29,2024-09-13,2026-02-28,24,Yes
2935,Jo Mendoza,33,Adult,Male,Australia,Basic,Comedy,30,Mobile,17.39,2024-06-07,2026-02-21,22,No
2936,Jo Kramer,54,Adult,Male,UK,Standard,Fantasy,26,Laptop,17.26,2024-12-24,2026-02-19,50,No
2937,David Clark,40,Adult,Female,Australia,Standard,Family,29,Smart TV,18.62,2022-02-03,2026-02-04,38,Yes
2938,David Miller,24,Adult,Female,USA,Basic,Documentary,41,Laptop,11.49,2023-08-23,2026-03-06,24,Yes
2939,Eddie Sherman,21,Adult,Female,UK,Premium,Animation,22,Laptop,5.78,2021-11-24,2026-04-11,34,No
2940,Eddie Wood,23,Adult,Male,India,Basic,Cartoon,48,Laptop,13.3,2021-05-19,2026-03-15,8,No
2941,Courtney Wood,68,Adult,Male,USA,Standard,Thriller,16,Mobile,9.04,2023-03-24,2026-05-24,12,Yes
2942,Erik Wood,45,Adult,Male,Germany,Standard,Documentary,12,Laptop,18.91,2023-07-14,2026-02-10,47,No
2943,Mark Mendoza,24,Adult,Female,India,Standard,Documentary,24,Mobile,6.21,2024-01-06,2026-04-14,10,No
2944,Courtney Wood,28,Adult,Female,Canada,Basic,Comedy,16,Mobile,18.71,2024-06-02,2026-03-14,29,No
2945,Kimberly Mendoza,20,Adult,Male,Australia,Standard,Drama,13,Tablet,16.77,2023-10-05,2026-05-19,47,Yes
2946,Courtney Curtis,55,Adult,Male,Australia,Standard,Animation,11,Laptop,10.05,2024-06-28,2026-05-08,19,No
2947,Jonathan Garza,25,Adult,Female,France,Standard,Animation,18,Tablet,10.37,2022-09-06,2026-06-02,48,Yes
2948,Mark Kramer,56,Adult,Male,France,Premium,Romance,38,Mobile,18.99,2024-07-24,2026-05-30,25,No
2949,Jo Miller,6,Kids,Male,Australia,Premium,Fantasy,38,Laptop,14.56,2024-12-08,2026-06-01,40,Yes
2950,Timothy Curtis,15,Kids,Male,France,Premium,Cartoon,10,Laptop,14.98,2022-08-14,2026-02-25,13,Yes
2951,Courtney Wood,39,Adult,Male,Canada,Basic,Animation,27,Smart TV,8.46,2022-06-19,2026-04-13,31,No
2952,Eddie Mendoza,21,Adult,Female,Canada,Standard,Animation,27,Laptop,11.7,2024-12-21,2026-02-08,30,Yes
2953,Courtney Clark,30,Adult,Male,India,Basic,Comedy,45,Smart TV,13.42,2021-05-26,2026-04-17,36,Yes
2954,Kimberly Sherman,42,Adult,Male,France,Basic,Sci-Fi,30,Laptop,14.1,2022-03-01,2026-04-19,42,No
2955,James Tucker,35,Adult,Male,India,Basic,Family,40,Smart TV,16.9,2024-02-21,2026-05-27,4,No
2956,Erik Garza,9,Kids,Male,USA,Basic,Comedy,46,Smart TV,5.14,2022-09-13,2026-02-08,44,Yes
2957,David Miller,17,Kids,Female,France,Premium,Horror,31,Laptop,16.27,2021-11-09,2026-01-04,7,Yes
2958,Courtney Kramer,11,Kids,Female,UK,Premium,Horror,31,Smart TV,12.71,2021-02-06,2026-02-02,12,No
2959,Mark Kramer,34,Adult,Male,Germany,Basic,Cartoon,7,Laptop,5.75,2022-12-08,2026-04-22,8,No
2960,Erik Mendoza,27,Adult,Female,Canada,Standard,Thriller,12,Mobile,9.94,2024-05-08,2026-05-05,32,No
2961,Courtney Kramer,23,Adult,Female,Germany,Basic,Horror,15,Laptop,8.93,2023-04-19,2026-03-06,25,No
2962,Erik Tucker,68,Adult,Female,UK,Basic,Comedy,29,Mobile,15,2023-11-09,2026-01-29,2,Yes
2963,Eddie Wood,50,Adult,Female,France,Premium,Romance,49,Tablet,12.37,2023-06-02,2026-03-02,18,No
2964,Jo Wilson,7,Kids,Male,UK,Standard,Drama,13,Laptop,8.86,2022-06-03,2026-03-13,3,Yes
2965,Jo Mendoza,15,Kids,Male,Canada,Premium,Fantasy,8,Laptop,14.87,2023-09-02,2026-05-18,3,Yes
2966,Kimberly Wood,69,Adult,Female,France,Basic,Animation,38,Smart TV,12.3,2023-03-12,2026-03-13,24,No
2967,Kimberly Curtis,38,Adult,Female,USA,Premium,Romance,24,Smart TV,11.42,2021-07-07,2026-02-18,40,No
2968,Timothy Kramer,27,Adult,Female,Germany,Standard,Cartoon,24,Laptop,19.89,2023-08-13,2026-03-13,43,No
2969,Eddie Miller,41,Adult,Male,Germany,Standard,Romance,42,Smart TV,6.8,2021-10-16,2026-01-05,9,No
2970,Jonathan Garza,56,Adult,Male,Germany,Premium,Horror,16,Mobile,10.23,2021-06-23,2026-04-20,40,Yes
2971,Jonathan Wilson,68,Adult,Male,France,Premium,Fantasy,31,Tablet,11.47,2024-01-15,2026-05-02,47,No
2972,Jonathan Wilson,70,Adult,Female,UK,Basic,Family,47,Smart TV,10,2023-12-18,2026-01-20,27,No
2973,Timothy Sherman,60,Adult,Male,Australia,Premium,Sci-Fi,18,Mobile,12.78,2022-07-10,2026-02-25,38,No
2974,Courtney Wilson,45,Adult,Female,India,Standard,Action,27,Laptop,7.22,2021-10-03,2026-02-04,46,No
2975,David Clark,38,Adult,Female,USA,Standard,Thriller,21,Mobile,13.95,2021-02-04,2026-05-05,45,Yes
2976,Eddie Curtis,42,Adult,Male,Australia,Premium,Romance,7,Smart TV,11.38,2023-06-16,2026-06-03,43,Yes
2977,Kimberly Curtis,61,Adult,Male,Australia,Basic,Drama,48,Smart TV,14.04,2023-05-17,2026-05-16,22,Yes
2978,Jonathan Sherman,12,Kids,Female,India,Basic,Romance,28,Tablet,12.52,2021-12-31,2026-03-04,44,Yes
2979,Eddie Mendoza,38,Adult,Female,USA,Premium,Family,19,Tablet,14.96,2024-09-19,2026-05-21,50,Yes
2980,James Sherman,25,Adult,Female,Canada,Basic,Animation,30,Mobile,19.46,2024-05-30,2026-06-08,2,No
2981,David Wood,59,Adult,Male,Australia,Basic,Cartoon,48,Smart TV,17.33,2023-04-21,2026-05-23,43,No
2982,Mark Curtis,22,Adult,Male,Australia,Basic,Sci-Fi,10,Mobile,5.53,2022-06-12,2026-03-10,26,No
2983,Mark Sherman,16,Kids,Male,USA,Standard,Horror,14,Smart TV,13.84,2021-08-26,2026-02-20,49,No
2984,Mark Wood,41,Adult,Male,India,Basic,Action,8,Tablet,13.03,2024-12-26,2026-04-03,12,No
2985,Eddie Kramer,20,Adult,Female,Germany,Standard,Comedy,26,Smart TV,8.6,2021-09-20,2026-05-13,43,No
2986,Jo Kramer,44,Adult,Male,USA,Premium,Animation,17,Tablet,12.94,2021-12-01,2026-03-06,47,Yes
2987,Eddie Mendoza,11,Kids,Female,UK,Premium,Comedy,12,Mobile,14.42,2022-09-23,2026-02-06,34,Yes
2988,Jonathan Wood,36,Adult,Female,India,Premium,Sci-Fi,20,Laptop,18.72,2023-11-23,2026-03-11,20,Yes
2989,Erik Garza,8,Kids,Female,France,Standard,Thriller,16,Mobile,10.38,2024-03-31,2026-01-14,15,Yes
2990,Kimberly Sherman,11,Kids,Male,USA,Basic,Horror,33,Mobile,9.79,2024-03-20,2026-03-15,36,Yes
2991,Kimberly Tucker,62,Adult,Male,France,Standard,Fantasy,11,Tablet,6.75,2024-02-10,2026-06-06,12,Yes
2992,Courtney Clark,58,Adult,Male,France,Basic,Animation,50,Tablet,14.22,2022-02-25,2026-05-27,27,Yes
2993,Courtney Tucker,62,Adult,Male,India,Premium,Family,48,Tablet,8.17,2021-04-23,2026-02-16,2,Yes
2994,Eddie Wilson,36,Adult,Female,Australia,Basic,Fantasy,25,Smart TV,6.26,2023-09-03,2026-04-26,34,No
2995,Courtney Curtis,30,Adult,Female,USA,Standard,Drama,8,Mobile,12.98,2023-05-25,2026-04-24,6,Yes
2996,David Miller,35,Adult,Female,UK,Standard,Documentary,17,Smart TV,15.78,2021-12-15,2026-01-20,36,Yes
2997,Jo Miller,51,Adult,Male,USA,Premium,Family,46,Mobile,16.65,2024-03-29,2026-04-25,37,Yes
2998,James Wilson,49,Adult,Female,UK,Premium,Comedy,50,Tablet,17.66,2024-03-29,2026-03-26,50,No
2999,Mark Sherman,70,Adult,Female,France,Standard,Romance,37,Tablet,10.93,2021-10-29,2026-05-10,23,No
3000,Kimberly Curtis,48,Adult,Female,India,Standard,Sci-Fi,28,Smart TV,15.02,2024-10-28,2026-01-27,21,No
3001,Erik Mendoza,61,Adult,Male,Australia,Basic,Documentary,34,Mobile,14.13,2023-06-22,2026-02-24,23,Yes
3002,Courtney Miller,23,Adult,Female,Germany,Standard,Animation,20,Laptop,16.69,2023-09-13,2026-04-27,2,No
3003,James Wood,36,Adult,Male,USA,Premium,Comedy,44,Tablet,8.81,2024-08-03,2026-03-02,44,Yes
3004,Courtney Wilson,62,Adult,Female,Canada,Standard,Animation,21,Mobile,8.45,2023-12-05,2026-04-19,34,Yes
3005,Jo Curtis,52,Adult,Female,UK,Premium,Family,19,Mobile,11.47,2024-07-25,2026-02-14,15,Yes
3006,Kimberly Tucker,20,Adult,Female,Australia,Standard,Action,48,Tablet,9.36,2021-01-21,2026-05-22,44,No
3007,James Curtis,57,Adult,Female,UK,Premium,Sci-Fi,12,Smart TV,16.95,2022-02-20,2026-05-10,46,Yes
3008,Kimberly Clark,55,Adult,Male,India,Basic,Fantasy,27,Mobile,12.67,2021-12-09,2026-01-15,41,No
3009,David Kramer,57,Adult,Female,Australia,Standard,Romance,11,Tablet,5.09,2023-02-27,2026-02-24,13,No
3010,Kimberly Mendoza,14,Kids,Male,Australia,Premium,Action,32,Mobile,15.66,2021-08-20,2026-01-18,14,No
3011,Eddie Miller,39,Adult,Female,Canada,Basic,Family,11,Smart TV,14.26,2023-06-29,2026-03-18,6,Yes
3012,David Kramer,70,Adult,Male,UK,Basic,Action,19,Laptop,17.85,2022-11-19,2026-03-31,11,No
3013,Timothy Kramer,24,Adult,Male,UK,Basic,Romance,42,Smart TV,11.82,2022-06-18,2026-01-20,48,Yes
3014,Eddie Miller,22,Adult,Male,Germany,Standard,Documentary,10,Smart TV,5.82,2024-03-14,2026-01-17,10,Yes
3015,David Wilson,70,Adult,Male,Australia,Standard,Animation,20,Tablet,5.4,2023-02-19,2026-04-09,15,No
3016,James Clark,13,Kids,Female,Germany,Premium,Comedy,7,Smart TV,14.8,2021-07-29,2026-06-01,34,Yes
3017,David Kramer,62,Adult,Female,India,Standard,Comedy,24,Laptop,18.03,2023-05-10,2026-03-17,8,Yes
3018,Kimberly Wood,27,Adult,Male,France,Premium,Fantasy,22,Smart TV,10.94,2021-02-05,2026-02-02,42,Yes
3019,Mark Clark,63,Adult,Male,UK,Standard,Cartoon,6,Tablet,6.79,2022-05-05,2026-02-22,44,Yes
3020,Jo Sherman,29,Adult,Female,Canada,Premium,Fantasy,44,Smart TV,10.2,2022-12-20,2026-01-19,21,Yes
3021,Kimberly Garza,27,Adult,Female,Australia,Premium,Romance,28,Laptop,14.61,2024-07-07,2026-03-16,1,Yes
3022,David Mendoza,59,Adult,Male,India,Premium,Action,14,Laptop,19.92,2022-08-07,2026-05-11,36,No
3023,Kimberly Mendoza,6,Kids,Male,Canada,Premium,Romance,9,Smart TV,18.2,2023-05-26,2026-01-01,20,No
3024,Courtney Clark,65,Adult,Male,Germany,Premium,Thriller,10,Smart TV,18.24,2024-01-14,2026-03-12,21,Yes
3025,Kimberly Wilson,26,Adult,Male,USA,Basic,Fantasy,38,Smart TV,14.9,2021-06-19,2026-05-25,15,No
3026,Erik Sherman,20,Adult,Female,Germany,Premium,Drama,38,Tablet,11.96,2021-01-17,2026-03-31,3,Yes
3027,Timothy Garza,6,Kids,Male,UK,Standard,Horror,15,Tablet,8.12,2021-04-19,2026-05-27,8,Yes
3028,Eddie Garza,50,Adult,Male,USA,Premium,Romance,49,Mobile,16.51,2022-03-08,2026-03-08,17,Yes
3029,Timothy Clark,37,Adult,Male,Germany,Basic,Family,28,Laptop,13.3,2022-04-29,2026-04-05,19,Yes
3030,Erik Miller,66,Adult,Male,UK,Basic,Cartoon,8,Tablet,12.04,2022-01-29,2026-03-26,30,No
3031,David Miller,23,Adult,Male,India,Premium,Documentary,32,Mobile,7.31,2022-09-15,2026-04-25,43,Yes
3032,Jonathan Tucker,25,Adult,Female,Australia,Basic,Cartoon,12,Laptop,15.19,2023-03-31,2026-03-04,28,Yes
3033,Jonathan Miller,39,Adult,Female,Germany,Premium,Animation,20,Laptop,9.49,2021-06-16,2026-05-02,29,No
3034,Jo Miller,6,Kids,Male,India,Basic,Comedy,8,Mobile,13.15,2021-08-31,2026-01-20,37,No
3035,Kimberly Garza,8,Kids,Female,France,Basic,Documentary,6,Tablet,11.19,2021-12-10,2026-01-13,8,No
3036,Kimberly Clark,30,Adult,Male,Germany,Standard,Action,42,Tablet,11.79,2024-07-02,2026-05-31,36,No
3037,Erik Wood,25,Adult,Male,Germany,Standard,Romance,10,Smart TV,10.15,2022-08-06,2026-06-02,46,No
3038,David Miller,56,Adult,Male,Australia,Basic,Family,5,Laptop,5.31,2021-08-01,2026-02-28,43,No
3039,Erik Garza,18,Adult,Male,USA,Basic,Thriller,21,Laptop,10.35,2022-05-02,2026-03-16,9,Yes
3040,David Mendoza,13,Kids,Male,Germany,Premium,Action,50,Mobile,10.84,2022-09-10,2026-05-03,48,Yes
3041,Erik Clark,67,Adult,Male,Canada,Basic,Family,10,Smart TV,8.75,2022-07-01,2026-05-01,19,No
3042,Mark Wilson,17,Kids,Male,Canada,Basic,Thriller,14,Tablet,17.27,2024-08-31,2026-02-20,17,Yes
3043,David Wilson,34,Adult,Female,Canada,Standard,Sci-Fi,36,Smart TV,14.56,2021-04-05,2026-01-20,21,No
3044,James Kramer,8,Kids,Male,France,Basic,Action,44,Laptop,13.55,2023-07-26,2026-02-26,14,No
3045,Jo Wood,45,Adult,Female,India,Premium,Romance,20,Mobile,12.96,2021-12-25,2026-02-16,15,No
3046,Jonathan Kramer,52,Adult,Male,Germany,Basic,Drama,36,Mobile,11.77,2023-12-27,2026-01-21,10,No
3047,Timothy Garza,19,Adult,Male,Canada,Premium,Drama,23,Laptop,18.43,2024-07-19,2026-03-19,10,Yes
3048,Courtney Wood,45,Adult,Female,Australia,Premium,Family,11,Laptop,7.08,2021-05-21,2026-05-29,38,No
3049,Eddie Clark,67,Adult,Male,India,Premium,Horror,28,Laptop,11.9,2023-09-05,2026-04-15,41,Yes
3050,Jo Kramer,50,Adult,Male,Germany,Basic,Thriller,31,Laptop,15.12,2025-01-13,2026-03-29,49,Yes
3051,David Garza,64,Adult,Male,UK,Premium,Action,11,Laptop,10.5,2023-12-15,2026-05-03,4,No
3052,Erik Tucker,36,Adult,Female,Canada,Premium,Romance,23,Tablet,15.99,2024-03-22,2026-03-20,28,No
3053,Timothy Kramer,61,Adult,Male,France,Standard,Documentary,37,Mobile,5.38,2022-12-16,2026-05-02,45,Yes
3054,Eddie Sherman,21,Adult,Female,Australia,Premium,Documentary,21,Smart TV,11.03,2023-01-09,2026-03-11,36,No
3055,Mark Wilson,69,Adult,Female,Canada,Basic,Sci-Fi,36,Mobile,19.64,2022-08-04,2026-02-20,41,No
3056,James Curtis,60,Adult,Male,Australia,Premium,Fantasy,30,Tablet,19.52,2021-09-24,2026-04-08,31,Yes
3057,Jo Curtis,45,Adult,Female,USA,Premium,Cartoon,32,Laptop,14.78,2024-10-22,2026-04-09,38,No
3058,Mark Clark,8,Kids,Male,Germany,Premium,Fantasy,21,Smart TV,15.67,2021-12-10,2026-01-30,26,No
3059,Jonathan Wood,32,Adult,Female,France,Premium,Romance,27,Mobile,13.49,2022-11-06,2026-04-06,7,Yes
3060,David Miller,28,Adult,Female,UK,Premium,Drama,25,Tablet,17.34,2021-03-13,2026-02-22,1,No
3061,Jo Kramer,44,Adult,Female,USA,Basic,Thriller,5,Mobile,15.22,2023-03-23,2026-03-07,9,Yes
3062,Kimberly Curtis,70,Adult,Female,USA,Basic,Action,12,Tablet,9.03,2024-02-19,2026-01-05,16,No
3063,Timothy Tucker,70,Adult,Female,France,Standard,Animation,47,Laptop,17.79,2024-04-23,2026-05-17,24,No
3064,Mark Kramer,50,Adult,Female,Australia,Standard,Comedy,20,Smart TV,19.74,2022-04-09,2026-05-11,45,No
3065,James Kramer,67,Adult,Male,India,Premium,Comedy,30,Smart TV,15.29,2023-05-28,2026-03-11,34,No
3066,Jo Wilson,18,Adult,Female,Germany,Basic,Horror,47,Smart TV,19.22,2025-01-11,2026-01-03,21,Yes
3067,Jo Miller,47,Adult,Male,USA,Basic,Thriller,22,Smart TV,6.24,2023-08-25,2026-04-30,49,No
3068,Eddie Mendoza,32,Adult,Male,France,Standard,Documentary,12,Tablet,8.65,2021-02-26,2026-01-11,46,No
3069,Jo Miller,53,Adult,Male,Canada,Premium,Action,12,Laptop,17.56,2022-02-03,2026-05-31,33,Yes
3070,David Curtis,27,Adult,Male,Canada,Standard,Cartoon,35,Mobile,10.88,2023-05-11,2026-03-22,45,Yes
3071,James Wilson,29,Adult,Female,India,Basic,Family,15,Smart TV,6.29,2023-03-04,2026-04-02,25,No
3072,Jonathan Wilson,26,Adult,Female,Germany,Basic,Sci-Fi,10,Smart TV,19.52,2024-01-02,2026-03-09,4,No
3073,James Wilson,70,Adult,Female,UK,Basic,Cartoon,32,Laptop,13.93,2021-03-17,2026-02-21,1,Yes
3074,Mark Clark,61,Adult,Male,UK,Basic,Cartoon,34,Mobile,5.03,2022-03-08,2026-02-16,17,Yes
3075,Courtney Tucker,43,Adult,Male,USA,Basic,Documentary,19,Laptop,7.1,2021-12-03,2026-05-02,28,No
3076,Courtney Clark,61,Adult,Female,Australia,Standard,Horror,17,Mobile,10.7,2022-06-18,2026-06-10,36,No
3077,Timothy Tucker,33,Adult,Male,France,Basic,Romance,24,Laptop,12.82,2022-03-19,2026-06-03,6,No
3078,James Kramer,46,Adult,Female,UK,Premium,Fantasy,46,Laptop,9.04,2022-11-03,2026-01-24,7,Yes
3079,Jonathan Garza,48,Adult,Male,UK,Premium,Romance,49,Laptop,11.46,2021-08-24,2026-03-31,1,No
3080,Jo Sherman,54,Adult,Male,USA,Basic,Thriller,35,Mobile,18.42,2024-04-18,2026-01-22,25,Yes
3081,Eddie Mendoza,13,Kids,Female,USA,Standard,Family,7,Smart TV,16.4,2023-07-09,2026-05-23,39,Yes
3082,Mark Mendoza,22,Adult,Male,Australia,Basic,Fantasy,26,Tablet,14.72,2024-08-20,2026-04-24,17,Yes
3083,David Wood,10,Kids,Male,USA,Standard,Thriller,37,Laptop,7.59,2023-07-31,2026-01-03,21,Yes
3084,Erik Wood,40,Adult,Male,Australia,Premium,Romance,14,Smart TV,6.42,2024-09-16,2026-01-31,43,Yes
3085,Erik Tucker,45,Adult,Female,Australia,Standard,Romance,6,Tablet,11.11,2024-08-17,2026-02-08,9,Yes
3086,James Sherman,31,Adult,Female,Germany,Premium,Romance,13,Smart TV,19.7,2021-08-08,2026-02-12,11,No
3087,Jo Wood,5,Kids,Male,Germany,Basic,Family,22,Laptop,9.35,2024-08-18,2026-03-10,50,No
3088,James Garza,35,Adult,Female,UK,Standard,Thriller,13,Smart TV,9.79,2024-01-26,2026-01-24,46,No
3089,Kimberly Tucker,41,Adult,Male,Canada,Standard,Romance,12,Smart TV,18.73,2024-03-21,2026-04-15,34,Yes
3090,Eddie Wilson,67,Adult,Male,UK,Standard,Action,11,Mobile,7.99,2021-01-06,2026-03-30,23,No
3091,Jo Curtis,13,Kids,Female,Australia,Standard,Romance,29,Smart TV,5.64,2023-11-11,2026-05-23,45,Yes
3092,James Kramer,32,Adult,Male,USA,Standard,Animation,21,Mobile,6.09,2025-02-04,2026-04-01,13,Yes
3093,Courtney Kramer,46,Adult,Male,France,Premium,Thriller,14,Tablet,8.38,2021-09-23,2026-01-31,49,No
3094,Timothy Curtis,48,Adult,Female,France,Standard,Documentary,9,Tablet,10.33,2023-08-11,2026-03-01,4,No
3095,David Clark,67,Adult,Male,Canada,Standard,Horror,21,Mobile,16.59,2022-02-24,2026-03-23,17,Yes
3096,Courtney Curtis,26,Adult,Male,Germany,Premium,Family,15,Laptop,7.14,2022-07-22,2026-01-25,39,Yes
3097,Kimberly Mendoza,65,Adult,Female,UK,Premium,Horror,12,Laptop,11.19,2023-12-12,2026-01-31,11,No
3098,James Wilson,69,Adult,Male,UK,Premium,Documentary,43,Laptop,14.98,2024-01-08,2026-04-21,34,Yes
3099,Jo Wilson,58,Adult,Female,Canada,Standard,Sci-Fi,28,Mobile,14.05,2023-06-26,2026-03-08,8,Yes
3100,Jo Curtis,53,Adult,Male,France,Premium,Comedy,30,Laptop,5.13,2021-11-13,2026-03-03,41,Yes
3101,Erik Clark,5,Kids,Female,USA,Premium,Action,24,Smart TV,18.36,2024-03-18,2026-01-09,17,Yes
3102,Kimberly Tucker,62,Adult,Male,Australia,Basic,Sci-Fi,30,Laptop,9.72,2021-03-23,2026-04-04,43,No
3103,Jonathan Miller,57,Adult,Male,France,Basic,Sci-Fi,27,Tablet,8.02,2022-02-07,2026-03-10,29,Yes
3104,Eddie Miller,48,Adult,Male,Germany,Basic,Romance,28,Tablet,14.23,2023-07-23,2026-03-14,48,Yes
3105,Courtney Curtis,61,Adult,Male,France,Premium,Romance,18,Mobile,10.56,2023-01-10,2026-05-29,42,Yes
3106,Jo Wood,10,Kids,Female,UK,Standard,Fantasy,6,Laptop,8.1,2024-06-20,2026-03-08,37,No
3107,Timothy Wood,52,Adult,Female,India,Premium,Sci-Fi,5,Smart TV,15.63,2024-07-29,2026-06-09,12,Yes
3108,Mark Mendoza,51,Adult,Male,UK,Basic,Romance,35,Smart TV,10.64,2021-08-16,2026-04-04,26,No
3109,Timothy Clark,23,Adult,Female,Canada,Basic,Cartoon,32,Tablet,11.6,2024-01-01,2026-02-20,35,No
3110,Mark Wilson,59,Adult,Female,Canada,Premium,Documentary,42,Laptop,14.38,2021-10-04,2026-01-22,11,No
3111,Courtney Sherman,24,Adult,Male,USA,Premium,Comedy,23,Smart TV,10.38,2021-06-15,2026-03-02,21,Yes
3112,James Kramer,32,Adult,Male,France,Premium,Documentary,10,Smart TV,18.21,2022-10-27,2026-02-05,50,No
3113,Kimberly Miller,66,Adult,Male,Canada,Basic,Fantasy,30,Smart TV,12.74,2021-07-05,2026-04-11,26,Yes
3114,Jo Wood,42,Adult,Female,UK,Basic,Sci-Fi,25,Tablet,18.15,2023-11-01,2026-04-25,34,No
3115,Courtney Kramer,15,Kids,Female,France,Premium,Thriller,25,Smart TV,18.57,2021-05-25,2026-03-04,15,Yes
3116,Erik Clark,62,Adult,Female,Australia,Basic,Cartoon,12,Tablet,14.39,2022-02-22,2026-03-13,26,No
3117,Erik Clark,5,Kids,Male,Germany,Standard,Romance,9,Mobile,12.2,2023-07-25,2026-01-04,48,Yes
3118,Eddie Mendoza,67,Adult,Male,Australia,Standard,Comedy,30,Mobile,18.14,2021-02-10,2026-05-28,47,No
3119,Mark Tucker,25,Adult,Male,France,Premium,Comedy,38,Mobile,7.95,2022-12-20,2026-03-25,3,No
3120,James Tucker,25,Adult,Male,Australia,Standard,Comedy,47,Smart TV,9.77,2021-11-14,2026-05-06,29,No
3121,Eddie Mendoza,23,Adult,Female,India,Premium,Drama,49,Tablet,17.35,2022-02-06,2026-02-04,18,Yes
3122,David Curtis,69,Adult,Male,India,Standard,Animation,26,Tablet,13.44,2023-06-26,2026-06-10,9,Yes
3123,Kimberly Clark,6,Kids,Male,Australia,Basic,Family,19,Laptop,13.79,2022-11-26,2026-06-09,44,No
3124,Mark Garza,34,Adult,Male,France,Basic,Animation,15,Mobile,17.75,2024-07-16,2026-03-25,33,No
3125,Eddie Miller,22,Adult,Female,Australia,Basic,Family,16,Smart TV,6.47,2024-10-11,2026-02-20,6,Yes
3126,Timothy Curtis,67,Adult,Male,India,Standard,Cartoon,15,Smart TV,8.4,2021-06-06,2026-04-15,46,No
3127,Erik Clark,39,Adult,Male,UK,Standard,Thriller,21,Laptop,18.49,2024-08-27,2026-05-15,4,No
3128,Courtney Kramer,40,Adult,Male,Australia,Premium,Romance,38,Tablet,18.06,2021-12-31,2026-02-28,41,Yes
3129,James Wilson,69,Adult,Female,USA,Basic,Documentary,12,Mobile,11.26,2023-08-31,2026-01-04,35,Yes
3130,David Mendoza,40,Adult,Male,UK,Premium,Animation,16,Mobile,13.24,2022-12-03,2026-05-23,34,Yes
3131,Mark Garza,16,Kids,Male,Germany,Standard,Animation,10,Mobile,9.79,2021-12-18,2026-01-22,5,No
3132,David Miller,6,Kids,Male,France,Premium,Fantasy,25,Mobile,8.89,2023-07-27,2026-06-02,31,Yes
3133,Timothy Miller,25,Adult,Male,Germany,Premium,Romance,5,Mobile,5.78,2022-12-11,2026-05-10,4,Yes
3134,David Wood,61,Adult,Female,UK,Basic,Comedy,28,Laptop,19.92,2023-01-01,2026-02-15,22,Yes
3135,Erik Curtis,57,Adult,Female,France,Standard,Action,17,Smart TV,18.4,2025-01-03,2026-06-03,26,No
3136,Mark Tucker,70,Adult,Female,Germany,Standard,Romance,30,Smart TV,11.64,2024-04-07,2026-05-14,49,Yes
3137,Timothy Sherman,48,Adult,Male,India,Standard,Comedy,41,Smart TV,13.52,2021-03-17,2026-02-14,24,No
3138,Jo Miller,43,Adult,Male,USA,Premium,Thriller,48,Tablet,10.99,2021-02-12,2026-05-13,26,No
3139,Kimberly Miller,39,Adult,Female,France,Standard,Animation,20,Tablet,17.45,2023-11-10,2026-04-21,41,Yes
3140,Jo Garza,31,Adult,Male,Germany,Basic,Action,26,Smart TV,19.76,2021-06-24,2026-01-26,21,No
3141,James Wood,62,Adult,Female,Australia,Standard,Romance,36,Smart TV,7.67,2021-04-26,2026-05-07,48,Yes
3142,Courtney Wood,50,Adult,Female,Germany,Standard,Family,43,Mobile,16.57,2023-01-25,2026-05-05,31,No
3143,Erik Garza,5,Kids,Male,Canada,Premium,Animation,33,Tablet,19.95,2023-11-24,2026-04-28,2,No
3144,Mark Sherman,42,Adult,Female,USA,Standard,Action,28,Smart TV,9.34,2022-10-01,2026-02-13,4,Yes
3145,Jonathan Mendoza,13,Kids,Male,Germany,Premium,Fantasy,16,Laptop,10.44,2024-04-27,2026-06-09,3,Yes
3146,Eddie Tucker,43,Adult,Male,Australia,Basic,Horror,41,Laptop,17.28,2023-06-09,2026-06-06,10,Yes
3147,Jo Wilson,11,Kids,Male,USA,Standard,Fantasy,36,Smart TV,6.16,2022-07-16,2026-02-06,33,Yes
3148,Mark Mendoza,30,Adult,Male,France,Standard,Action,37,Tablet,7.58,2022-05-11,2026-03-28,4,Yes
3149,Jo Garza,37,Adult,Male,UK,Standard,Family,47,Mobile,5.5,2023-11-03,2026-01-27,46,No
3150,James Kramer,35,Adult,Male,France,Basic,Comedy,29,Mobile,8.72,2023-11-04,2026-02-14,28,Yes
3151,Erik Tucker,18,Adult,Male,Australia,Basic,Animation,48,Smart TV,15.9,2022-06-08,2026-04-03,24,Yes
3152,Kimberly Miller,68,Adult,Female,Australia,Standard,Horror,48,Laptop,6.35,2023-07-24,2026-04-30,37,No
3153,Jonathan Sherman,43,Adult,Female,Canada,Basic,Animation,31,Laptop,5.92,2024-01-03,2026-05-27,13,Yes
3154,Kimberly Wood,10,Kids,Female,UK,Basic,Romance,47,Tablet,18.65,2023-04-08,2026-03-17,26,No
3155,Kimberly Tucker,7,Kids,Male,Germany,Premium,Cartoon,5,Mobile,15.15,2021-10-09,2026-01-04,36,Yes
3156,Timothy Mendoza,5,Kids,Male,Canada,Basic,Thriller,36,Smart TV,5.78,2021-10-01,2026-06-08,41,No
3157,Kimberly Garza,32,Adult,Male,USA,Standard,Family,20,Smart TV,19.01,2021-09-26,2026-01-14,34,Yes
3158,James Wood,38,Adult,Female,India,Standard,Thriller,17,Tablet,8.15,2022-03-05,2026-01-21,6,No
3159,Jo Sherman,23,Adult,Female,USA,Standard,Fantasy,11,Tablet,13.81,2022-04-23,2026-04-03,10,Yes
3160,Erik Garza,6,Kids,Female,France,Standard,Fantasy,28,Mobile,13.06,2024-01-19,2026-05-01,33,No
3161,Eddie Curtis,8,Kids,Female,Australia,Basic,Comedy,20,Tablet,7.07,2022-11-15,2026-04-03,13,Yes
3162,Mark Miller,25,Adult,Male,India,Basic,Cartoon,21,Smart TV,10.31,2022-12-26,2026-02-15,37,Yes
3163,Courtney Sherman,15,Kids,Male,USA,Standard,Thriller,29,Tablet,12.46,2023-09-21,2026-04-05,10,Yes
3164,Timothy Garza,60,Adult,Female,Australia,Basic,Animation,25,Laptop,17.69,2024-10-28,2026-06-01,34,No
3165,Jo Wilson,25,Adult,Male,Germany,Basic,Family,26,Laptop,18.31,2022-05-06,2026-03-09,2,No
3166,Erik Sherman,60,Adult,Male,India,Standard,Action,35,Mobile,19.43,2024-04-23,2026-03-27,38,Yes
3167,Erik Wilson,33,Adult,Male,Australia,Basic,Cartoon,16,Smart TV,11.82,2021-04-06,2026-06-08,23,No
3168,Jonathan Clark,31,Adult,Female,India,Basic,Family,38,Mobile,9.23,2022-08-06,2026-06-02,25,Yes
3169,Eddie Kramer,9,Kids,Male,USA,Premium,Comedy,15,Smart TV,5.82,2023-02-16,2026-04-15,20,Yes
3170,Jo Clark,24,Adult,Male,UK,Premium,Comedy,41,Laptop,9.59,2024-09-11,2026-02-14,31,Yes
3171,Courtney Miller,21,Adult,Male,UK,Premium,Family,42,Tablet,15.73,2024-06-29,2026-02-20,25,Yes
3172,Kimberly Wilson,36,Adult,Female,Canada,Basic,Cartoon,19,Smart TV,19.3,2023-01-30,2026-05-28,7,No
3173,David Miller,69,Adult,Female,Canada,Basic,Animation,43,Mobile,6.73,2023-01-11,2026-04-13,17,No
3174,Jo Wood,9,Kids,Female,Australia,Premium,Romance,41,Mobile,9.85,2024-07-18,2026-06-02,15,Yes
3175,Kimberly Mendoza,67,Adult,Male,USA,Premium,Fantasy,26,Tablet,17.07,2023-03-20,2026-02-13,6,No
3176,David Garza,19,Adult,Male,Australia,Standard,Documentary,50,Tablet,8.76,2023-08-08,2026-04-20,13,No
3177,James Curtis,70,Adult,Female,USA,Standard,Animation,40,Laptop,6.49,2021-04-30,2026-02-05,1,Yes
3178,Kimberly Kramer,46,Adult,Male,India,Standard,Drama,32,Mobile,5.9,2021-01-26,2026-04-11,6,Yes
3179,David Miller,61,Adult,Female,Australia,Standard,Comedy,48,Smart TV,16.9,2024-11-13,2026-04-15,8,Yes
3180,Timothy Mendoza,35,Adult,Male,France,Premium,Romance,35,Tablet,12.41,2022-10-02,2026-03-20,39,No
3181,Jo Kramer,26,Adult,Female,UK,Premium,Cartoon,18,Laptop,10.23,2023-08-15,2026-05-22,49,Yes
3182,Timothy Tucker,43,Adult,Female,India,Premium,Family,32,Smart TV,8.82,2022-06-12,2026-01-31,30,No
3183,Kimberly Wilson,58,Adult,Male,Australia,Standard,Comedy,23,Tablet,12.81,2022-04-20,2026-04-30,36,Yes
3184,James Tucker,14,Kids,Male,UK,Standard,Romance,32,Tablet,16.19,2023-09-29,2026-02-11,31,No
3185,Kimberly Miller,43,Adult,Female,UK,Premium,Sci-Fi,19,Mobile,9.96,2022-10-21,2026-01-21,42,Yes
3186,Courtney Miller,22,Adult,Male,Australia,Standard,Drama,45,Laptop,6.18,2022-11-11,2026-06-09,35,No
3187,Jo Wilson,70,Adult,Male,France,Premium,Romance,18,Smart TV,11.33,2022-06-12,2026-04-10,40,No
3188,Courtney Mendoza,28,Adult,Female,India,Basic,Fantasy,36,Mobile,15.25,2023-10-17,2026-01-22,2,No
3189,Erik Garza,58,Adult,Female,USA,Premium,Drama,29,Smart TV,17.99,2025-01-17,2026-01-06,48,No
3190,Courtney Clark,42,Adult,Female,India,Standard,Action,32,Mobile,5.56,2022-05-01,2026-05-01,1,Yes
3191,Eddie Sherman,53,Adult,Female,India,Premium,Family,48,Laptop,16.95,2021-07-29,2026-04-05,31,No
3192,Jonathan Wood,9,Kids,Male,USA,Premium,Family,25,Tablet,12.42,2023-12-09,2026-05-16,17,No
3193,Erik Garza,19,Adult,Female,India,Standard,Sci-Fi,29,Smart TV,5.99,2024-03-08,2026-04-14,29,No
3194,James Curtis,33,Adult,Female,UK,Standard,Documentary,36,Laptop,19.78,2023-01-09,2026-02-13,15,No
3195,Timothy Wood,17,Kids,Male,Australia,Basic,Fantasy,5,Smart TV,12.53,2021-10-15,2026-03-22,32,Yes
3196,David Sherman,46,Adult,Female,India,Basic,Horror,10,Mobile,13.7,2023-09-18,2026-03-09,29,No
3197,Timothy Wood,37,Adult,Female,UK,Basic,Animation,40,Tablet,12.85,2024-09-27,2026-03-17,2,Yes
3198,Eddie Sherman,37,Adult,Male,USA,Premium,Thriller,48,Laptop,13.72,2024-12-17,2026-05-20,35,Yes
3199,Kimberly Sherman,54,Adult,Male,USA,Basic,Documentary,25,Tablet,8.84,2023-09-04,2026-02-13,4,No
3200,Jo Wood,27,Adult,Female,Canada,Standard,Comedy,39,Tablet,17.58,2022-11-12,2026-03-21,20,Yes
3201,Eddie Wilson,43,Adult,Male,USA,Basic,Romance,36,Smart TV,17.92,2021-08-11,2026-03-05,31,Yes
3202,Mark Wilson,7,Kids,Female,Australia,Premium,Cartoon,15,Mobile,16.86,2024-03-06,2026-02-14,43,Yes
3203,Erik Clark,22,Adult,Female,Australia,Basic,Sci-Fi,47,Smart TV,18.3,2024-04-24,2026-05-10,33,No
3204,Kimberly Tucker,60,Adult,Female,India,Premium,Comedy,5,Laptop,15.15,2022-01-25,2026-01-15,9,Yes
3205,David Mendoza,16,Kids,Male,USA,Basic,Sci-Fi,19,Smart TV,13.84,2023-07-06,2026-04-29,2,Yes
3206,Jo Curtis,54,Adult,Male,Australia,Basic,Drama,23,Tablet,14.69,2023-12-26,2026-06-02,48,No
3207,Eddie Sherman,29,Adult,Male,India,Standard,Animation,29,Mobile,5.03,2025-01-24,2026-05-29,13,Yes
3208,Kimberly Sherman,70,Adult,Female,Australia,Standard,Romance,23,Laptop,10.63,2022-08-05,2026-02-04,18,No
3209,Kimberly Mendoza,44,Adult,Female,Australia,Standard,Horror,14,Tablet,8.65,2024-03-15,2026-01-14,12,Yes
3210,Jo Wood,38,Adult,Female,Canada,Standard,Romance,12,Tablet,6.65,2024-07-09,2026-01-13,32,No
3211,Eddie Tucker,8,Kids,Female,UK,Basic,Fantasy,27,Mobile,8.92,2024-12-31,2026-06-01,21,No
3212,James Miller,60,Adult,Female,Germany,Premium,Family,6,Smart TV,16.38,2024-07-11,2026-02-18,42,No
3213,James Miller,52,Adult,Female,Canada,Premium,Family,42,Smart TV,17.87,2021-05-22,2026-05-31,16,Yes
3214,Courtney Tucker,19,Adult,Female,Germany,Premium,Drama,48,Laptop,7.15,2021-07-02,2026-05-07,25,Yes
3215,Timothy Curtis,52,Adult,Female,Canada,Premium,Cartoon,30,Tablet,11.82,2024-04-07,2026-03-23,29,Yes
3216,David Wood,19,Adult,Female,USA,Premium,Fantasy,5,Mobile,6.46,2022-04-11,2026-02-10,24,No
3217,Kimberly Miller,61,Adult,Female,USA,Standard,Cartoon,10,Tablet,15.47,2024-01-12,2026-05-13,34,No
3218,David Wilson,54,Adult,Male,Germany,Premium,Thriller,15,Mobile,5.18,2023-06-06,2026-02-17,30,No
3219,Mark Curtis,57,Adult,Male,Canada,Basic,Comedy,36,Tablet,12.76,2022-09-27,2026-03-19,12,No
3220,Kimberly Kramer,44,Adult,Female,Germany,Premium,Action,40,Smart TV,17.1,2024-10-17,2026-01-26,28,Yes
3221,Eddie Wood,10,Kids,Male,France,Premium,Drama,5,Mobile,13.86,2021-06-17,2026-02-27,3,No
3222,Erik Tucker,68,Adult,Female,USA,Premium,Comedy,18,Smart TV,8.07,2022-08-19,2026-05-13,4,No
3223,Timothy Mendoza,63,Adult,Male,Germany,Premium,Romance,33,Laptop,17.87,2022-09-04,2026-05-18,36,No
3224,Eddie Curtis,19,Adult,Male,Australia,Premium,Sci-Fi,13,Mobile,5.24,2023-07-07,2026-02-09,24,Yes
3225,Eddie Wilson,40,Adult,Male,UK,Premium,Romance,34,Smart TV,16.86,2022-10-08,2026-05-29,29,Yes
3226,Kimberly Kramer,59,Adult,Male,UK,Standard,Horror,25,Mobile,10.26,2022-01-13,2026-06-05,29,Yes
3227,Jonathan Clark,64,Adult,Male,Australia,Standard,Thriller,26,Mobile,19.27,2022-10-05,2026-03-08,37,No
3228,Jonathan Wilson,7,Kids,Male,India,Premium,Family,49,Smart TV,12.81,2021-09-03,2026-05-21,38,No
3229,Courtney Wilson,17,Kids,Female,UK,Standard,Cartoon,42,Mobile,13.92,2021-10-23,2026-04-28,8,Yes
3230,Jonathan Wood,43,Adult,Female,Australia,Standard,Sci-Fi,19,Smart TV,7.84,2025-01-14,2026-03-23,28,No
3231,Jo Garza,41,Adult,Female,UK,Basic,Cartoon,6,Tablet,13.71,2021-08-28,2026-03-05,27,No
3232,Eddie Clark,43,Adult,Female,India,Basic,Romance,13,Tablet,12.69,2021-10-16,2026-05-18,7,No
3233,James Mendoza,65,Adult,Male,Australia,Premium,Horror,19,Mobile,11.82,2023-09-12,2026-01-21,3,No
3234,Timothy Mendoza,14,Kids,Male,Australia,Premium,Family,22,Tablet,18.28,2024-11-22,2026-06-08,17,No
3235,David Clark,29,Adult,Female,USA,Standard,Drama,42,Laptop,13.28,2024-05-26,2026-06-07,24,Yes
3236,Timothy Mendoza,24,Adult,Male,USA,Standard,Documentary,21,Smart TV,10.48,2021-12-20,2026-02-14,2,Yes
3237,Kimberly Curtis,11,Kids,Female,Canada,Premium,Animation,26,Laptop,10.9,2021-06-03,2026-02-08,20,No
3238,Timothy Miller,59,Adult,Male,UK,Premium,Horror,47,Laptop,5.19,2022-09-04,2026-03-08,10,Yes
3239,Eddie Clark,64,Adult,Female,France,Standard,Animation,21,Smart TV,8.98,2021-04-13,2026-06-08,37,No
3240,Jo Tucker,69,Adult,Female,Canada,Standard,Romance,33,Mobile,8.36,2022-09-09,2026-05-11,33,Yes
3241,James Sherman,57,Adult,Male,UK,Basic,Family,40,Mobile,12.88,2021-02-15,2026-01-26,9,Yes
3242,Jonathan Clark,5,Kids,Female,Canada,Basic,Fantasy,16,Mobile,15.32,2021-05-01,2026-01-02,10,No
3243,James Kramer,42,Adult,Male,Canada,Basic,Documentary,36,Laptop,14.16,2021-06-11,2026-04-18,18,Yes
3244,Timothy Garza,43,Adult,Female,Canada,Standard,Romance,13,Mobile,14.51,2024-06-09,2026-03-31,8,Yes
3245,Mark Sherman,56,Adult,Male,USA,Premium,Documentary,39,Tablet,13.75,2022-05-10,2026-05-10,17,No
3246,Jonathan Tucker,24,Adult,Male,UK,Premium,Comedy,37,Laptop,8.72,2022-04-19,2026-04-24,44,Yes
3247,James Wood,58,Adult,Female,UK,Premium,Comedy,39,Laptop,11.03,2022-07-12,2026-06-01,39,No
3248,Kimberly Wood,45,Adult,Female,India,Basic,Cartoon,6,Laptop,7.01,2021-06-14,2026-03-06,33,Yes
3249,Mark Tucker,53,Adult,Male,UK,Basic,Action,14,Mobile,11.39,2024-06-19,2026-02-10,33,No
3250,Erik Garza,31,Adult,Female,USA,Premium,Comedy,17,Laptop,13.22,2021-10-06,2026-02-09,49,Yes
3251,Timothy Mendoza,20,Adult,Female,Germany,Standard,Sci-Fi,46,Tablet,15.34,2021-02-09,2026-01-26,31,Yes
3252,Erik Mendoza,19,Adult,Male,France,Premium,Animation,43,Mobile,9.42,2023-03-22,2026-01-04,17,No
3253,Jonathan Miller,69,Adult,Male,France,Basic,Animation,35,Mobile,6.03,2021-01-02,2026-01-20,9,No
3254,David Wood,54,Adult,Female,Canada,Premium,Fantasy,38,Tablet,11.32,2021-02-04,2026-05-07,28,No
3255,Jonathan Tucker,57,Adult,Male,UK,Premium,Action,6,Smart TV,6.24,2022-11-26,2026-02-20,3,Yes
3256,Jo Mendoza,31,Adult,Male,India,Premium,Drama,43,Mobile,10.2,2021-06-03,2026-02-06,35,No
3257,Courtney Tucker,9,Kids,Female,Australia,Basic,Documentary,17,Smart TV,7.06,2021-01-31,2026-02-20,13,No
3258,Jo Miller,37,Adult,Male,USA,Basic,Drama,19,Smart TV,9.42,2023-06-02,2026-01-14,47,No
3259,David Garza,8,Kids,Male,USA,Basic,Family,44,Laptop,8.86,2022-09-16,2026-04-18,24,No
3260,Eddie Mendoza,19,Adult,Male,India,Basic,Cartoon,30,Tablet,17.56,2024-01-13,2026-04-12,4,No
3261,Jonathan Tucker,13,Kids,Female,Germany,Premium,Romance,33,Laptop,12.95,2024-08-04,2026-01-28,24,No
3262,Courtney Wilson,30,Adult,Female,France,Basic,Action,42,Smart TV,18.88,2022-05-31,2026-05-21,44,No
3263,Timothy Garza,53,Adult,Male,India,Standard,Drama,10,Smart TV,17.28,2023-04-21,2026-04-10,24,Yes
3264,David Miller,25,Adult,Female,USA,Basic,Cartoon,12,Laptop,8.39,2021-10-02,2026-03-14,21,Yes
3265,Mark Garza,5,Kids,Male,UK,Standard,Drama,13,Laptop,10.81,2023-11-23,2026-02-13,7,No
3266,Jo Miller,10,Kids,Female,Germany,Standard,Action,14,Laptop,8.68,2023-12-08,2026-02-10,14,No
3267,David Mendoza,9,Kids,Female,India,Basic,Family,15,Smart TV,14.41,2021-12-20,2026-06-02,25,No
3268,Jonathan Clark,48,Adult,Male,France,Basic,Documentary,28,Mobile,15.75,2021-01-24,2026-04-11,17,Yes
3269,Jonathan Miller,60,Adult,Male,France,Premium,Thriller,11,Smart TV,8.85,2021-04-27,2026-03-27,43,Yes
3270,Jo Miller,41,Adult,Male,France,Premium,Fantasy,34,Tablet,5.2,2021-10-23,2026-01-31,22,No
3271,Kimberly Wood,22,Adult,Male,USA,Premium,Drama,30,Smart TV,8.21,2023-03-25,2026-03-03,38,Yes
3272,Jonathan Clark,25,Adult,Female,France,Premium,Action,26,Laptop,19.4,2024-09-28,2026-04-09,12,No
3273,Courtney Garza,31,Adult,Female,India,Standard,Cartoon,20,Mobile,17.68,2022-06-10,2026-02-11,1,No
3274,Courtney Tucker,52,Adult,Male,India,Standard,Action,50,Tablet,11.46,2021-08-30,2026-03-18,5,No
3275,Eddie Tucker,51,Adult,Female,Germany,Premium,Fantasy,15,Smart TV,5.6,2021-08-31,2026-02-20,35,No
3276,Jo Wood,17,Kids,Female,India,Premium,Romance,22,Smart TV,11.37,2024-08-10,2026-03-02,22,Yes
3277,Kimberly Wilson,16,Kids,Female,Canada,Premium,Action,48,Mobile,9.78,2022-01-28,2026-01-28,25,Yes
3278,Kimberly Wood,55,Adult,Female,Germany,Premium,Animation,28,Smart TV,9.77,2024-04-22,2026-03-01,5,No
3279,Erik Miller,62,Adult,Female,India,Standard,Drama,32,Smart TV,11.56,2023-04-16,2026-04-17,23,Yes
3280,James Wilson,58,Adult,Female,UK,Basic,Action,32,Mobile,10.78,2024-03-31,2026-03-12,18,No
3281,Mark Kramer,68,Adult,Female,Australia,Basic,Fantasy,16,Smart TV,7.57,2022-04-22,2026-06-10,42,Yes
3282,Timothy Garza,18,Adult,Male,Germany,Standard,Comedy,38,Tablet,6.91,2024-03-28,2026-05-04,11,No
3283,David Sherman,31,Adult,Female,UK,Basic,Thriller,34,Mobile,19.6,2024-12-07,2026-03-21,3,No
3284,James Curtis,53,Adult,Male,India,Basic,Action,15,Smart TV,15.89,2023-04-05,2026-01-12,9,Yes
3285,James Miller,68,Adult,Female,USA,Basic,Romance,34,Tablet,9.45,2024-02-23,2026-03-24,24,Yes
3286,Mark Sherman,21,Adult,Male,UK,Basic,Drama,5,Laptop,12.73,2021-08-10,2026-01-03,45,Yes
3287,Jo Garza,45,Adult,Male,Australia,Basic,Fantasy,50,Smart TV,18.36,2022-06-15,2026-03-31,41,Yes
3288,David Mendoza,50,Adult,Female,Australia,Standard,Fantasy,12,Tablet,6.45,2022-12-13,2026-01-03,6,Yes
3289,Timothy Garza,36,Adult,Female,UK,Premium,Romance,31,Laptop,6.81,2023-01-15,2026-01-04,32,No
3290,Courtney Tucker,46,Adult,Male,Germany,Premium,Documentary,42,Smart TV,9.64,2024-05-02,2026-01-06,10,No
3291,James Curtis,67,Adult,Male,USA,Basic,Thriller,44,Mobile,15.43,2024-09-25,2026-06-01,21,Yes
3292,James Kramer,6,Kids,Female,UK,Standard,Comedy,19,Laptop,5.57,2024-02-01,2026-01-25,2,Yes
3293,Courtney Curtis,36,Adult,Female,Australia,Premium,Action,25,Mobile,18.74,2025-02-03,2026-01-31,46,No
3294,David Sherman,19,Adult,Female,France,Basic,Comedy,43,Smart TV,9.64,2021-03-09,2026-02-20,18,No
3295,Erik Wood,63,Adult,Male,Australia,Standard,Drama,38,Smart TV,15.5,2022-11-16,2026-05-01,17,No
3296,Jo Kramer,28,Adult,Male,Australia,Basic,Romance,22,Tablet,8.27,2023-12-15,2026-04-10,40,No
3297,Eddie Miller,25,Adult,Female,Germany,Basic,Fantasy,11,Tablet,6.62,2022-11-18,2026-05-23,3,Yes
3298,Erik Clark,36,Adult,Male,Australia,Basic,Comedy,11,Tablet,13.93,2023-01-27,2026-03-03,18,Yes
3299,Eddie Tucker,55,Adult,Male,Germany,Premium,Drama,39,Laptop,13.4,2023-10-06,2026-03-04,9,Yes
3300,Erik Wood,53,Adult,Male,Canada,Premium,Drama,29,Tablet,14.74,2022-08-05,2026-03-28,32,No
3301,Jonathan Wilson,21,Adult,Female,Australia,Standard,Comedy,7,Smart TV,11.5,2024-03-10,2026-03-16,22,Yes
3302,Courtney Kramer,43,Adult,Male,USA,Premium,Documentary,45,Tablet,10.52,2022-08-20,2026-01-09,16,No
3303,Jonathan Wood,36,Adult,Male,France,Basic,Action,43,Laptop,15.28,2022-04-20,2026-04-24,17,Yes
3304,Jo Wood,8,Kids,Male,India,Premium,Cartoon,44,Mobile,18.71,2021-07-08,2026-01-28,2,Yes
3305,Timothy Kramer,69,Adult,Male,UK,Standard,Sci-Fi,25,Smart TV,18.99,2021-05-01,2026-01-10,14,No
3306,James Kramer,47,Adult,Female,India,Basic,Romance,34,Laptop,15.68,2021-10-29,2026-02-13,47,No
3307,Courtney Miller,22,Adult,Male,USA,Premium,Horror,47,Laptop,19.41,2024-09-12,2026-03-21,10,No
3308,Eddie Clark,64,Adult,Female,Australia,Standard,Comedy,16,Laptop,18.37,2021-11-25,2026-01-28,39,No
3309,Jo Tucker,42,Adult,Female,Germany,Basic,Drama,45,Mobile,15.32,2024-01-05,2026-04-28,11,No
3310,Eddie Garza,68,Adult,Male,UK,Basic,Sci-Fi,21,Smart TV,12.61,2021-08-17,2026-01-10,37,No
3311,Mark Tucker,53,Adult,Male,UK,Premium,Cartoon,19,Laptop,8.28,2023-06-09,2026-03-14,5,No
3312,Timothy Wilson,22,Adult,Male,Germany,Basic,Thriller,32,Tablet,5.07,2021-10-06,2026-01-05,31,No
3313,James Wilson,6,Kids,Female,USA,Standard,Drama,9,Mobile,9.21,2022-05-28,2026-05-10,19,No
3314,James Wood,41,Adult,Male,Canada,Premium,Comedy,47,Laptop,8.35,2023-06-16,2026-05-03,6,No
3315,David Curtis,53,Adult,Female,Canada,Standard,Fantasy,33,Mobile,12.06,2021-11-22,2026-04-14,50,No
3316,Erik Wood,36,Adult,Male,UK,Basic,Family,40,Mobile,16.81,2025-01-11,2026-02-01,48,No
3317,Jonathan Clark,23,Adult,Male,Germany,Standard,Family,50,Laptop,16.86,2024-01-18,2026-01-06,45,No
3318,Eddie Clark,32,Adult,Female,Germany,Standard,Drama,10,Laptop,13.27,2024-08-31,2026-03-18,48,No
3319,Kimberly Garza,28,Adult,Male,India,Basic,Documentary,16,Tablet,9.26,2024-04-14,2026-05-27,13,No
3320,Jo Miller,21,Adult,Female,Canada,Premium,Comedy,49,Smart TV,5.36,2023-05-10,2026-03-27,11,Yes
3321,Jo Curtis,65,Adult,Female,UK,Basic,Cartoon,21,Laptop,10.16,2022-11-13,2026-03-20,5,Yes
3322,Eddie Kramer,42,Adult,Female,Australia,Premium,Romance,9,Laptop,5.72,2023-05-22,2026-02-09,11,No
3323,Erik Garza,66,Adult,Male,France,Standard,Romance,27,Smart TV,8.57,2024-04-02,2026-04-29,3,No
3324,Jo Tucker,63,Adult,Male,Canada,Standard,Thriller,10,Tablet,5.81,2022-07-07,2026-03-31,48,No
3325,David Wilson,58,Adult,Male,France,Basic,Action,21,Mobile,13.87,2025-01-28,2026-01-26,34,Yes
3326,Eddie Clark,26,Adult,Female,UK,Premium,Thriller,45,Tablet,11.34,2024-04-24,2026-01-23,50,No
3327,Eddie Mendoza,29,Adult,Male,UK,Basic,Thriller,11,Mobile,8.74,2022-01-11,2026-05-16,40,Yes
3328,Mark Mendoza,26,Adult,Male,Germany,Standard,Cartoon,48,Tablet,8.87,2022-04-23,2026-05-21,4,Yes
3329,David Clark,42,Adult,Male,France,Standard,Documentary,48,Laptop,17.68,2023-10-14,2026-04-17,9,No
3330,James Wood,7,Kids,Female,Germany,Standard,Thriller,29,Smart TV,15.79,2022-04-07,2026-03-12,15,Yes
3331,James Mendoza,5,Kids,Female,Canada,Standard,Thriller,26,Smart TV,7.29,2023-03-18,2026-03-28,50,No
3332,Courtney Curtis,54,Adult,Female,Germany,Standard,Drama,42,Mobile,14.76,2023-12-07,2026-03-29,25,No
3333,David Clark,33,Adult,Male,UK,Basic,Horror,45,Laptop,10.29,2022-09-09,2026-03-16,27,Yes
3334,Eddie Kramer,21,Adult,Male,Australia,Basic,Action,49,Tablet,16.6,2021-03-12,2026-03-04,48,Yes
3335,Timothy Mendoza,45,Adult,Male,Canada,Standard,Action,10,Tablet,15.4,2024-02-03,2026-02-24,50,Yes
3336,Jonathan Wood,41,Adult,Male,France,Premium,Drama,11,Smart TV,16.89,2023-07-23,2026-04-14,12,No
3337,Jo Wood,18,Adult,Male,France,Basic,Fantasy,16,Smart TV,17.81,2022-11-08,2026-04-23,22,Yes
3338,James Curtis,44,Adult,Female,France,Premium,Comedy,35,Smart TV,6.34,2021-07-24,2026-01-27,2,No
3339,James Wilson,28,Adult,Male,Australia,Basic,Cartoon,10,Tablet,17.04,2021-04-21,2026-01-02,50,No
3340,Courtney Curtis,38,Adult,Male,Canada,Basic,Action,36,Smart TV,7,2023-11-06,2026-03-14,10,Yes
3341,Erik Curtis,63,Adult,Male,India,Basic,Drama,29,Smart TV,18.14,2024-03-18,2026-01-13,49,No
3342,Erik Kramer,46,Adult,Female,USA,Basic,Animation,36,Smart TV,14.1,2024-12-31,2026-03-26,21,No
3343,Mark Mendoza,44,Adult,Male,UK,Standard,Animation,18,Smart TV,13.39,2024-08-15,2026-06-10,3,Yes
3344,Courtney Clark,55,Adult,Male,Australia,Premium,Drama,8,Tablet,17.11,2024-09-11,2026-01-06,25,No
3345,Jo Mendoza,5,Kids,Female,Germany,Standard,Documentary,20,Tablet,15.39,2024-09-26,2026-01-21,31,No
3346,Kimberly Clark,70,Adult,Female,Canada,Basic,Cartoon,48,Mobile,14.98,2023-08-08,2026-01-25,3,Yes
3347,Jonathan Wood,9,Kids,Male,Germany,Premium,Comedy,44,Mobile,8.2,2023-03-13,2026-05-16,35,Yes
3348,David Miller,55,Adult,Female,Australia,Premium,Action,30,Laptop,16.86,2022-10-29,2026-03-23,31,Yes
3349,David Wood,29,Adult,Female,Germany,Standard,Fantasy,50,Smart TV,13.87,2021-07-16,2026-06-08,42,Yes
3350,Kimberly Curtis,35,Adult,Male,France,Basic,Animation,50,Laptop,19.3,2023-11-15,2026-03-04,8,Yes
3351,Eddie Tucker,16,Kids,Male,Germany,Basic,Horror,6,Laptop,16.61,2022-01-07,2026-04-05,21,Yes
3352,David Sherman,51,Adult,Female,India,Standard,Thriller,41,Tablet,18.09,2022-04-09,2026-02-28,42,No
3353,Courtney Sherman,67,Adult,Male,USA,Premium,Romance,13,Mobile,16.54,2022-12-16,2026-02-27,24,Yes
3354,Kimberly Wilson,59,Adult,Female,Australia,Basic,Thriller,19,Mobile,15.04,2024-09-10,2026-04-25,36,No
3355,James Tucker,61,Adult,Female,UK,Basic,Horror,33,Laptop,9.24,2025-02-01,2026-02-14,12,No
3356,Jonathan Tucker,67,Adult,Female,UK,Premium,Documentary,45,Smart TV,14.53,2024-05-21,2026-01-01,20,Yes
3357,James Sherman,45,Adult,Male,India,Standard,Sci-Fi,10,Tablet,8.46,2021-10-21,2026-04-13,10,No
3358,Kimberly Mendoza,23,Adult,Male,Australia,Premium,Animation,6,Mobile,6.96,2022-11-26,2026-02-04,17,No
3359,Jo Clark,27,Adult,Female,USA,Premium,Action,27,Laptop,10.41,2024-06-03,2026-04-16,45,Yes
3360,Erik Garza,13,Kids,Male,Germany,Basic,Cartoon,25,Mobile,14.68,2022-09-15,2026-02-09,15,No
3361,Jonathan Mendoza,70,Adult,Male,France,Basic,Drama,45,Smart TV,11.98,2022-02-26,2026-01-13,46,No
3362,Eddie Garza,38,Adult,Female,India,Standard,Horror,36,Tablet,8.89,2023-09-09,2026-01-09,20,No
3363,Jo Wilson,41,Adult,Male,Germany,Premium,Comedy,31,Smart TV,5.23,2021-03-20,2026-01-22,17,Yes
3364,Mark Miller,32,Adult,Male,France,Basic,Animation,6,Laptop,11.67,2024-03-19,2026-04-27,49,Yes
3365,David Miller,63,Adult,Male,France,Standard,Sci-Fi,38,Mobile,6.14,2023-08-23,2026-02-14,43,No
3366,Timothy Tucker,38,Adult,Female,USA,Premium,Documentary,48,Tablet,19.61,2022-12-16,2026-01-14,5,Yes
3367,Timothy Garza,45,Adult,Female,India,Basic,Comedy,43,Laptop,11.36,2022-10-19,2026-04-04,9,Yes
3368,Eddie Wood,51,Adult,Female,Australia,Basic,Comedy,6,Laptop,7.22,2022-11-17,2026-02-25,29,Yes
3369,Kimberly Wood,46,Adult,Female,USA,Standard,Documentary,13,Mobile,14.77,2023-04-26,2026-04-20,26,Yes
3370,Eddie Wilson,69,Adult,Male,France,Premium,Comedy,34,Smart TV,18.32,2021-08-24,2026-03-28,20,No
3371,James Miller,31,Adult,Female,Germany,Basic,Animation,19,Tablet,7.79,2022-04-24,2026-04-24,47,No
3372,David Curtis,31,Adult,Female,USA,Standard,Sci-Fi,7,Smart TV,19.55,2024-08-08,2026-03-24,50,No
3373,Courtney Curtis,24,Adult,Female,France,Premium,Animation,29,Tablet,16.27,2021-11-24,2026-03-26,17,Yes
3374,Courtney Mendoza,59,Adult,Female,USA,Premium,Family,42,Laptop,18.33,2021-01-12,2026-04-29,39,No
3375,Eddie Curtis,49,Adult,Male,Canada,Premium,Sci-Fi,47,Mobile,14.14,2023-10-14,2026-03-04,12,No
3376,David Kramer,61,Adult,Female,Australia,Standard,Cartoon,26,Laptop,12.47,2023-01-13,2026-03-17,22,No
3377,Jo Clark,8,Kids,Female,Australia,Basic,Cartoon,13,Laptop,7.22,2021-08-14,2026-03-11,35,No
3378,Jonathan Kramer,48,Adult,Male,UK,Basic,Comedy,45,Laptop,10.69,2023-06-10,2026-03-16,3,No
3379,Eddie Curtis,61,Adult,Male,Australia,Standard,Animation,47,Mobile,12.16,2023-04-25,2026-05-04,5,No
3380,Jo Wilson,8,Kids,Male,UK,Premium,Horror,37,Mobile,8.92,2022-01-07,2026-05-21,40,No
3381,Jonathan Tucker,20,Adult,Female,USA,Premium,Animation,36,Smart TV,11.41,2024-07-25,2026-01-17,46,Yes
3382,Jo Wilson,33,Adult,Male,India,Premium,Comedy,15,Tablet,5.51,2022-03-28,2026-03-22,29,No
3383,Jonathan Tucker,52,Adult,Female,Canada,Premium,Horror,27,Laptop,6,2021-01-08,2026-05-04,23,No
3384,James Miller,55,Adult,Female,Australia,Standard,Fantasy,25,Mobile,14.8,2022-03-15,2026-05-07,10,Yes
3385,Jo Wilson,37,Adult,Male,USA,Premium,Cartoon,23,Laptop,6.87,2023-10-11,2026-05-22,18,Yes
3386,Kimberly Clark,19,Adult,Male,Canada,Premium,Documentary,17,Laptop,6.09,2021-05-09,2026-02-09,32,Yes
3387,James Wilson,37,Adult,Male,Germany,Standard,Comedy,22,Tablet,18.65,2022-07-28,2026-04-02,36,No
3388,Jo Wilson,33,Adult,Male,UK,Standard,Animation,24,Mobile,11.11,2024-01-09,2026-01-19,25,Yes
3389,Eddie Mendoza,15,Kids,Female,France,Premium,Documentary,28,Tablet,12.58,2023-10-10,2026-05-12,6,No
3390,David Clark,36,Adult,Female,Canada,Basic,Comedy,17,Laptop,11.18,2022-08-19,2026-04-29,30,No
3391,Jo Curtis,43,Adult,Female,Australia,Standard,Cartoon,31,Smart TV,19.49,2024-03-04,2026-01-12,23,No
3392,Jonathan Wood,44,Adult,Male,Australia,Premium,Animation,36,Mobile,14.57,2025-02-07,2026-03-30,23,No
3393,Jonathan Kramer,22,Adult,Male,France,Basic,Animation,42,Tablet,15.67,2022-12-06,2026-02-20,26,Yes
3394,Kimberly Sherman,35,Adult,Female,Australia,Premium,Action,39,Mobile,12.72,2024-12-09,2026-02-14,30,Yes
3395,Courtney Tucker,46,Adult,Male,USA,Basic,Animation,22,Laptop,13.93,2022-09-01,2026-01-02,39,Yes
3396,Kimberly Wood,29,Adult,Female,Germany,Standard,Romance,8,Laptop,6.88,2022-02-08,2026-03-23,9,No
3397,Courtney Kramer,27,Adult,Male,UK,Standard,Animation,47,Smart TV,9.84,2022-12-05,2026-05-05,38,Yes
3398,Mark Curtis,39,Adult,Female,Australia,Premium,Thriller,23,Tablet,8.13,2022-06-15,2026-01-06,39,Yes
3399,Timothy Wood,5,Kids,Male,Germany,Basic,Documentary,41,Laptop,18.42,2022-07-30,2026-01-12,29,No
3400,Jo Sherman,63,Adult,Male,Canada,Standard,Horror,38,Smart TV,5.27,2024-05-21,2026-05-03,49,No
3401,Mark Curtis,40,Adult,Male,UK,Premium,Documentary,42,Mobile,11.45,2023-12-23,2026-05-29,6,No
3402,Jo Curtis,48,Adult,Female,India,Premium,Horror,18,Laptop,19.31,2021-07-17,2026-04-24,27,Yes
3403,Mark Mendoza,69,Adult,Female,UK,Standard,Documentary,40,Smart TV,13.58,2023-08-29,2026-02-05,48,No
3404,Eddie Sherman,40,Adult,Female,Germany,Basic,Thriller,49,Tablet,7.73,2021-02-15,2026-04-05,20,No
3405,Courtney Clark,22,Adult,Female,UK,Basic,Cartoon,33,Laptop,12.06,2025-01-22,2026-01-14,25,Yes
3406,Timothy Wilson,21,Adult,Male,USA,Standard,Horror,34,Laptop,10.27,2023-10-30,2026-03-25,36,No
3407,Jonathan Garza,45,Adult,Female,USA,Basic,Drama,21,Mobile,19.65,2022-06-17,2026-03-02,26,Yes
3408,Kimberly Wood,5,Kids,Male,USA,Premium,Sci-Fi,33,Laptop,10.33,2022-10-11,2026-04-01,12,No
3409,Erik Kramer,49,Adult,Female,India,Premium,Animation,43,Tablet,7.9,2023-12-30,2026-04-19,6,Yes
3410,Erik Curtis,46,Adult,Female,Germany,Premium,Family,16,Laptop,19.34,2024-01-28,2026-02-13,11,No
3411,Jo Sherman,42,Adult,Female,India,Premium,Drama,26,Smart TV,6.9,2024-01-05,2026-05-24,13,No
3412,David Wood,13,Kids,Female,UK,Premium,Drama,42,Tablet,9.34,2021-05-03,2026-05-19,26,Yes
3413,Jo Sherman,60,Adult,Male,USA,Premium,Horror,43,Laptop,8.85,2022-12-04,2026-03-16,2,No
3414,Courtney Clark,27,Adult,Male,France,Basic,Action,27,Tablet,15.84,2024-12-13,2026-02-03,16,Yes
3415,Jonathan Sherman,7,Kids,Male,Canada,Standard,Cartoon,14,Tablet,6.5,2023-01-02,2026-02-24,20,Yes
3416,Kimberly Miller,24,Adult,Male,Germany,Standard,Sci-Fi,42,Mobile,10.84,2023-04-15,2026-02-23,19,Yes
3417,Erik Wood,36,Adult,Female,France,Standard,Action,35,Tablet,9.73,2021-03-30,2026-01-08,47,No
3418,James Curtis,25,Adult,Male,Australia,Standard,Documentary,43,Laptop,7.3,2023-01-13,2026-05-29,8,No
3419,Courtney Wilson,36,Adult,Female,India,Basic,Animation,11,Laptop,13.6,2021-12-29,2026-04-22,13,No
3420,David Sherman,48,Adult,Female,Australia,Premium,Cartoon,41,Smart TV,9.36,2024-02-16,2026-03-20,11,No
3421,Jo Garza,47,Adult,Female,France,Standard,Sci-Fi,35,Smart TV,11.18,2024-11-12,2026-04-23,34,No
3422,Timothy Sherman,58,Adult,Male,Germany,Standard,Comedy,12,Laptop,11.99,2023-08-17,2026-01-26,29,No
3423,Eddie Kramer,38,Adult,Male,Canada,Standard,Sci-Fi,11,Smart TV,16.58,2023-02-04,2026-02-09,45,Yes
3424,James Curtis,10,Kids,Female,USA,Premium,Fantasy,19,Laptop,16.75,2024-03-27,2026-01-06,5,No
3425,Erik Tucker,61,Adult,Female,India,Premium,Animation,10,Tablet,9.53,2024-03-07,2026-05-18,2,Yes
3426,Jo Kramer,21,Adult,Female,Australia,Basic,Romance,9,Laptop,11.34,2023-02-02,2026-03-03,16,No
3427,Eddie Sherman,12,Kids,Female,India,Basic,Cartoon,12,Tablet,5.43,2021-06-11,2026-02-27,49,No
3428,James Sherman,68,Adult,Female,Canada,Premium,Documentary,36,Laptop,9.88,2023-08-04,2026-02-28,2,Yes
3429,Kimberly Garza,62,Adult,Female,USA,Basic,Cartoon,44,Laptop,8.71,2023-06-10,2026-03-07,34,No
3430,Jo Miller,69,Adult,Female,USA,Premium,Comedy,44,Laptop,10.62,2021-07-14,2026-01-02,25,No
3431,Mark Clark,43,Adult,Female,USA,Premium,Horror,21,Mobile,5.99,2023-09-18,2026-05-19,46,No
3432,James Miller,40,Adult,Female,Germany,Premium,Horror,34,Smart TV,7.02,2024-04-16,2026-01-10,50,No
3433,James Tucker,38,Adult,Male,Australia,Premium,Horror,25,Smart TV,17.11,2022-08-06,2026-04-02,46,Yes
3434,Timothy Sherman,38,Adult,Male,Australia,Basic,Romance,47,Laptop,14.91,2024-10-22,2026-01-31,37,No
3435,Erik Wood,9,Kids,Male,Germany,Basic,Documentary,25,Laptop,9.33,2023-01-23,2026-05-19,39,Yes
3436,Mark Wood,48,Adult,Male,India,Premium,Family,36,Smart TV,16.98,2022-11-25,2026-05-03,26,Yes
3437,Eddie Wilson,43,Adult,Female,Australia,Premium,Comedy,10,Tablet,11.6,2022-12-23,2026-03-29,32,Yes
3438,Erik Curtis,69,Adult,Female,India,Standard,Action,28,Mobile,15.61,2022-05-01,2026-05-05,2,No
3439,Jo Curtis,14,Kids,Female,Australia,Premium,Animation,49,Tablet,7.3,2021-11-03,2026-03-13,5,Yes
3440,Mark Miller,60,Adult,Male,Australia,Standard,Cartoon,34,Smart TV,6.44,2023-01-30,2026-06-06,21,No
3441,Erik Curtis,50,Adult,Male,USA,Basic,Fantasy,34,Smart TV,15.63,2023-08-11,2026-01-18,17,Yes
3442,Timothy Tucker,25,Adult,Male,India,Standard,Fantasy,8,Tablet,18.84,2023-07-30,2026-01-15,2,No
3443,Courtney Sherman,42,Adult,Female,France,Standard,Cartoon,40,Tablet,12.9,2021-06-18,2026-03-03,3,Yes
3444,James Sherman,43,Adult,Female,USA,Premium,Action,50,Tablet,13.09,2021-03-08,2026-05-15,20,No
3445,Jonathan Mendoza,11,Kids,Female,Canada,Standard,Action,8,Laptop,9.02,2022-10-30,2026-01-16,40,No
3446,David Kramer,16,Kids,Male,France,Standard,Fantasy,11,Tablet,18.45,2022-08-09,2026-04-22,37,No
3447,James Sherman,66,Adult,Female,India,Basic,Drama,40,Tablet,5.99,2022-06-09,2026-05-02,11,No
3448,Courtney Mendoza,17,Kids,Male,USA,Basic,Romance,40,Laptop,9.19,2024-03-10,2026-03-25,30,Yes
3449,Courtney Mendoza,21,Adult,Male,Germany,Premium,Sci-Fi,42,Mobile,13.52,2023-09-30,2026-04-28,28,No
3450,Courtney Tucker,17,Kids,Male,India,Standard,Animation,27,Laptop,8.05,2021-06-18,2026-01-10,11,Yes
3451,Jo Curtis,41,Adult,Female,India,Basic,Fantasy,35,Mobile,6.36,2024-04-10,2026-01-17,43,No
3452,Jo Tucker,50,Adult,Female,India,Premium,Horror,12,Mobile,7.44,2022-06-13,2026-01-02,41,Yes
3453,Mark Mendoza,28,Adult,Male,USA,Standard,Sci-Fi,49,Mobile,16.99,2022-02-24,2026-05-18,40,No
3454,Eddie Miller,15,Kids,Male,India,Premium,Sci-Fi,23,Tablet,15.13,2023-07-27,2026-03-11,47,No
3455,Courtney Tucker,45,Adult,Female,Germany,Premium,Horror,14,Tablet,12.69,2023-07-06,2026-04-26,35,Yes
3456,Kimberly Wilson,69,Adult,Female,Canada,Standard,Fantasy,17,Laptop,18.25,2024-02-20,2026-02-01,31,No
3457,Courtney Sherman,15,Kids,Female,Australia,Basic,Sci-Fi,30,Laptop,5.97,2022-08-13,2026-06-09,2,Yes
3458,Erik Mendoza,14,Kids,Female,UK,Standard,Cartoon,27,Tablet,14.59,2021-12-07,2026-04-02,5,No
3459,Mark Curtis,18,Adult,Female,Australia,Basic,Family,40,Laptop,6.05,2023-11-27,2026-01-05,15,No
3460,Timothy Wood,8,Kids,Female,Germany,Standard,Romance,13,Smart TV,10.63,2023-09-13,2026-03-01,50,No
3461,Jo Miller,22,Adult,Male,UK,Standard,Fantasy,37,Mobile,10.53,2024-04-11,2026-02-10,33,Yes
3462,Erik Wilson,61,Adult,Male,UK,Standard,Family,21,Mobile,7.15,2021-04-09,2026-04-06,26,Yes
3463,Eddie Miller,55,Adult,Male,Germany,Basic,Drama,36,Mobile,5.61,2023-08-29,2026-02-02,47,Yes
3464,Jonathan Tucker,27,Adult,Female,USA,Standard,Cartoon,23,Mobile,10.66,2021-09-19,2026-01-10,2,No
3465,Timothy Wilson,5,Kids,Male,Germany,Premium,Cartoon,19,Mobile,8.55,2022-10-04,2026-02-20,45,No
3466,Mark Garza,31,Adult,Male,Germany,Premium,Fantasy,15,Mobile,17.94,2024-12-01,2026-05-11,33,Yes
3467,Jo Kramer,61,Adult,Male,France,Standard,Fantasy,20,Smart TV,12.6,2022-06-01,2026-03-31,44,No
3468,Jonathan Tucker,64,Adult,Female,Canada,Basic,Family,31,Tablet,19.15,2021-12-23,2026-05-19,37,Yes
3469,Mark Tucker,46,Adult,Male,UK,Basic,Romance,11,Laptop,18.08,2023-10-09,2026-05-19,27,No
3470,Courtney Sherman,35,Adult,Male,France,Standard,Comedy,8,Laptop,15.74,2022-03-19,2026-03-21,13,No
3471,Eddie Mendoza,52,Adult,Male,France,Premium,Documentary,44,Mobile,8.49,2022-04-13,2026-03-03,14,Yes
3472,Kimberly Tucker,64,Adult,Female,Canada,Premium,Animation,40,Tablet,16.86,2021-12-25,2026-03-25,3,Yes
3473,Courtney Tucker,55,Adult,Female,Canada,Standard,Fantasy,42,Smart TV,10.75,2021-05-02,2026-02-19,42,Yes
3474,Mark Tucker,52,Adult,Female,India,Standard,Cartoon,25,Smart TV,18.34,2023-07-28,2026-05-05,7,Yes
3475,Kimberly Sherman,10,Kids,Male,USA,Premium,Action,17,Laptop,19.12,2022-04-12,2026-02-11,22,Yes
3476,James Tucker,65,Adult,Female,France,Standard,Fantasy,24,Tablet,11.52,2023-11-24,2026-03-20,4,No
3477,Jonathan Miller,8,Kids,Male,UK,Standard,Horror,47,Smart TV,17.18,2024-06-23,2026-02-08,42,Yes
3478,Eddie Wilson,40,Adult,Female,Germany,Premium,Cartoon,24,Tablet,18.25,2023-01-29,2026-02-23,35,No
3479,Jo Miller,30,Adult,Female,Canada,Standard,Cartoon,25,Laptop,16.18,2024-03-14,2026-01-05,5,No
3480,Eddie Miller,68,Adult,Female,France,Basic,Action,35,Tablet,17.5,2022-12-28,2026-04-18,16,Yes
3481,Jonathan Garza,55,Adult,Female,Germany,Basic,Drama,49,Tablet,18.75,2021-06-03,2026-01-18,41,No
3482,Courtney Curtis,12,Kids,Male,UK,Basic,Fantasy,17,Smart TV,9.6,2021-06-13,2026-01-25,1,Yes
3483,Jo Garza,51,Adult,Male,Germany,Premium,Comedy,46,Tablet,16.22,2024-01-21,2026-01-02,10,Yes
3484,James Tucker,42,Adult,Female,France,Premium,Action,31,Tablet,17.64,2021-09-07,2026-01-10,40,No
3485,Kimberly Wood,29,Adult,Male,Germany,Standard,Cartoon,16,Smart TV,15.5,2024-03-09,2026-01-25,31,No
3486,Jo Tucker,24,Adult,Male,France,Premium,Sci-Fi,47,Smart TV,10.5,2023-03-08,2026-02-22,41,Yes
3487,Mark Tucker,48,Adult,Male,Canada,Basic,Horror,5,Laptop,18.63,2024-03-29,2026-03-27,24,No
3488,Eddie Curtis,30,Adult,Female,Australia,Basic,Cartoon,8,Tablet,11.75,2021-04-25,2026-02-01,33,Yes
3489,Eddie Garza,5,Kids,Female,Germany,Premium,Documentary,11,Tablet,7.62,2023-03-28,2026-02-27,25,No
3490,Erik Mendoza,10,Kids,Male,India,Premium,Thriller,40,Tablet,12.64,2021-12-12,2026-02-18,40,Yes
3491,Courtney Tucker,37,Adult,Male,Canada,Basic,Sci-Fi,32,Mobile,19.82,2024-01-04,2026-05-03,46,No
3492,Erik Tucker,25,Adult,Male,Australia,Standard,Documentary,41,Laptop,19.3,2023-04-07,2026-03-14,32,Yes
3493,Mark Curtis,44,Adult,Female,India,Standard,Cartoon,17,Tablet,5.48,2024-01-28,2026-04-05,28,No
3494,Kimberly Wilson,23,Adult,Male,USA,Basic,Fantasy,49,Smart TV,10.29,2021-06-15,2026-06-01,18,Yes
3495,Courtney Tucker,69,Adult,Male,India,Standard,Cartoon,50,Tablet,17.77,2023-11-28,2026-06-01,41,Yes
3496,James Clark,7,Kids,Male,Germany,Basic,Drama,15,Mobile,6.77,2024-12-02,2026-02-19,37,No
3497,James Wilson,33,Adult,Male,Australia,Basic,Cartoon,42,Smart TV,7.64,2023-08-01,2026-03-08,27,Yes
3498,Courtney Curtis,52,Adult,Female,Germany,Basic,Horror,35,Laptop,19.44,2022-06-28,2026-01-13,50,Yes
3499,Kimberly Curtis,48,Adult,Male,UK,Basic,Family,29,Smart TV,13.22,2023-07-14,2026-01-16,4,Yes
3500,Mark Sherman,66,Adult,Male,Germany,Standard,Horror,38,Laptop,10.11,2022-04-04,2026-03-28,13,No
3501,Jo Kramer,41,Adult,Male,Germany,Basic,Action,49,Mobile,8.63,2022-04-05,2026-02-03,9,No
3502,Jonathan Curtis,24,Adult,Male,Australia,Basic,Sci-Fi,8,Tablet,12.41,2023-09-15,2026-05-15,33,No
3503,Eddie Garza,19,Adult,Female,UK,Standard,Cartoon,15,Smart TV,15.59,2023-01-10,2026-03-01,16,No
3504,David Tucker,32,Adult,Male,India,Premium,Cartoon,30,Tablet,8.46,2021-11-17,2026-05-14,5,No
3505,Eddie Mendoza,47,Adult,Male,France,Premium,Romance,29,Mobile,17.77,2023-02-04,2026-05-13,15,No
3506,David Curtis,56,Adult,Male,Australia,Standard,Animation,18,Tablet,9.2,2023-03-16,2026-05-25,41,No
3507,Timothy Curtis,11,Kids,Female,USA,Basic,Horror,42,Smart TV,15.75,2021-11-05,2026-03-16,32,No
3508,Jonathan Kramer,36,Adult,Male,Australia,Standard,Fantasy,21,Tablet,19.82,2023-11-23,2026-01-09,36,No
3509,Jonathan Kramer,50,Adult,Male,USA,Standard,Cartoon,43,Tablet,9.18,2021-02-04,2026-02-13,37,No
3510,Jo Wilson,60,Adult,Female,Canada,Standard,Drama,28,Smart TV,8.16,2022-07-03,2026-05-11,25,No
3511,Jo Wood,6,Kids,Female,USA,Standard,Documentary,28,Tablet,19.11,2021-05-11,2026-04-19,2,Yes
3512,Courtney Curtis,47,Adult,Female,UK,Basic,Animation,27,Smart TV,5.62,2022-10-06,2026-01-19,36,No
3513,Kimberly Curtis,17,Kids,Male,UK,Basic,Animation,27,Mobile,11.93,2022-11-30,2026-01-31,3,Yes
3514,David Curtis,27,Adult,Female,France,Standard,Action,44,Tablet,18.05,2023-03-21,2026-05-10,41,Yes
3515,Eddie Sherman,51,Adult,Male,Australia,Premium,Thriller,43,Smart TV,12.59,2023-09-26,2026-01-05,10,No
3516,Jonathan Wilson,5,Kids,Female,India,Premium,Drama,38,Smart TV,16.03,2023-04-30,2026-01-02,16,Yes
3517,James Tucker,62,Adult,Female,France,Basic,Documentary,47,Tablet,13.83,2021-05-08,2026-05-04,17,No
3518,Timothy Wilson,13,Kids,Male,Germany,Basic,Horror,45,Smart TV,9.58,2023-12-02,2026-01-23,25,Yes
3519,Jo Sherman,66,Adult,Male,India,Premium,Sci-Fi,24,Smart TV,10.53,2023-08-16,2026-03-11,46,Yes
3520,Mark Clark,9,Kids,Female,UK,Premium,Animation,6,Mobile,5.22,2023-04-04,2026-01-29,22,No
3521,Mark Wood,33,Adult,Male,Germany,Standard,Action,37,Smart TV,12.84,2023-07-10,2026-04-02,29,Yes
3522,Jo Wood,27,Adult,Female,USA,Standard,Romance,10,Smart TV,19.8,2022-01-23,2026-04-07,47,No
3523,Courtney Miller,49,Adult,Female,Canada,Basic,Fantasy,41,Tablet,18.77,2022-05-18,2026-04-25,36,No
3524,David Wilson,52,Adult,Male,Germany,Standard,Fantasy,18,Smart TV,18.03,2022-04-25,2026-03-07,3,Yes
3525,Kimberly Kramer,66,Adult,Male,Australia,Basic,Drama,36,Laptop,9.36,2021-03-21,2026-02-18,7,No
3526,Eddie Wood,45,Adult,Male,UK,Standard,Sci-Fi,40,Smart TV,18.83,2023-09-23,2026-04-07,27,No
3527,Mark Tucker,49,Adult,Male,France,Standard,Thriller,16,Tablet,19.44,2021-03-23,2026-01-27,29,Yes
3528,Mark Curtis,18,Adult,Female,Germany,Basic,Romance,34,Smart TV,17.11,2021-06-11,2026-02-16,22,No
3529,Courtney Clark,32,Adult,Female,USA,Premium,Animation,12,Laptop,8.09,2024-05-06,2026-01-21,15,No
3530,Eddie Clark,60,Adult,Male,Australia,Basic,Comedy,27,Tablet,19.58,2021-05-05,2026-03-04,33,No
3531,Timothy Mendoza,59,Adult,Female,India,Basic,Family,42,Mobile,10.66,2023-01-17,2026-02-07,5,Yes
3532,Mark Garza,53,Adult,Male,Germany,Basic,Drama,8,Mobile,6.88,2021-10-01,2026-03-28,1,No
3533,Jonathan Clark,60,Adult,Female,India,Basic,Fantasy,17,Mobile,11.11,2021-06-29,2026-01-29,29,No
3534,James Curtis,15,Kids,Female,India,Basic,Fantasy,45,Tablet,14.63,2025-02-07,2026-01-20,20,No
3535,Jo Wilson,11,Kids,Female,France,Basic,Romance,22,Smart TV,19.14,2024-02-27,2026-01-23,8,Yes
3536,David Mendoza,59,Adult,Male,UK,Premium,Family,30,Mobile,7.44,2023-05-27,2026-03-18,21,Yes
3537,Jonathan Curtis,35,Adult,Female,UK,Standard,Horror,33,Tablet,13.94,2021-04-08,2026-03-01,7,Yes
3538,Jo Wilson,65,Adult,Male,Australia,Premium,Thriller,35,Smart TV,9.38,2022-03-26,2026-05-22,44,No
3539,Erik Curtis,51,Adult,Male,UK,Standard,Thriller,50,Tablet,7.09,2023-03-17,2026-05-22,1,Yes
3540,Kimberly Mendoza,50,Adult,Male,UK,Premium,Thriller,7,Smart TV,9.28,2023-02-18,2026-01-30,4,Yes
3541,Mark Curtis,5,Kids,Female,Australia,Standard,Horror,14,Smart TV,12.47,2021-06-09,2026-02-01,9,Yes
3542,Eddie Wilson,23,Adult,Male,UK,Standard,Horror,14,Tablet,17.09,2021-04-06,2026-01-21,10,Yes
3543,Erik Miller,40,Adult,Male,France,Standard,Action,16,Mobile,8.36,2021-04-23,2026-03-06,41,No
3544,Jo Miller,47,Adult,Male,USA,Premium,Comedy,10,Laptop,9.01,2022-11-12,2026-04-28,17,No
3545,Jo Clark,7,Kids,Female,India,Standard,Cartoon,18,Tablet,13.81,2021-10-20,2026-05-28,4,No
3546,Jo Sherman,29,Adult,Female,Australia,Standard,Action,27,Mobile,13.36,2023-11-23,2026-03-07,35,No
3547,Kimberly Garza,62,Adult,Female,USA,Premium,Comedy,27,Laptop,5.87,2023-10-27,2026-02-11,21,No
3548,Jonathan Clark,33,Adult,Female,Germany,Premium,Action,20,Mobile,15.38,2024-04-10,2026-02-22,22,Yes
3549,Timothy Sherman,69,Adult,Male,UK,Premium,Action,16,Mobile,5.05,2021-08-20,2026-01-27,24,Yes
3550,Eddie Sherman,41,Adult,Male,India,Standard,Romance,29,Laptop,17.84,2021-12-04,2026-03-11,22,Yes
3551,David Mendoza,53,Adult,Male,Germany,Standard,Comedy,34,Laptop,5.83,2022-06-01,2026-06-04,44,Yes
3552,Eddie Kramer,54,Adult,Male,France,Premium,Family,28,Laptop,15,2023-03-29,2026-02-01,2,Yes
3553,Timothy Clark,11,Kids,Male,UK,Premium,Documentary,9,Tablet,7.67,2022-04-18,2026-01-07,26,Yes
3554,Kimberly Clark,36,Adult,Male,USA,Standard,Horror,49,Tablet,7.57,2024-04-26,2026-04-29,8,Yes
3555,Courtney Curtis,28,Adult,Female,USA,Standard,Drama,16,Laptop,17.26,2023-02-07,2026-01-13,38,Yes
3556,Kimberly Kramer,18,Adult,Male,Germany,Standard,Documentary,39,Laptop,17.56,2024-03-27,2026-04-13,40,Yes
3557,David Miller,46,Adult,Male,Australia,Standard,Comedy,44,Tablet,12.6,2021-04-03,2026-01-06,6,No
3558,Kimberly Curtis,17,Kids,Male,UK,Standard,Animation,49,Laptop,17.33,2024-06-17,2026-03-26,28,No
3559,Jo Mendoza,38,Adult,Male,USA,Basic,Comedy,19,Mobile,11.15,2023-02-28,2026-03-07,37,No
3560,Courtney Wood,65,Adult,Male,India,Premium,Horror,34,Mobile,18.66,2022-07-03,2026-04-15,27,No
3561,Mark Garza,66,Adult,Female,Canada,Premium,Thriller,6,Smart TV,5.38,2021-09-08,2026-03-05,22,No
3562,Mark Curtis,24,Adult,Female,UK,Premium,Cartoon,49,Laptop,13.26,2021-05-27,2026-03-18,41,No
3563,Erik Tucker,14,Kids,Male,India,Premium,Animation,21,Mobile,19.79,2023-08-06,2026-04-09,8,Yes
3564,Courtney Wood,23,Adult,Female,USA,Standard,Sci-Fi,15,Mobile,5.77,2022-10-16,2026-04-12,17,Yes
3565,Jonathan Wilson,19,Adult,Female,Canada,Standard,Family,34,Laptop,6.02,2022-04-19,2026-04-26,24,Yes
3566,Erik Clark,32,Adult,Male,Germany,Premium,Horror,42,Tablet,17.08,2024-04-30,2026-02-24,28,No
3567,Courtney Sherman,33,Adult,Female,Australia,Standard,Comedy,13,Mobile,5.68,2024-08-27,2026-02-14,9,No
3568,Mark Garza,63,Adult,Male,UK,Basic,Fantasy,33,Tablet,7.16,2021-12-30,2026-05-06,4,Yes
3569,Erik Garza,43,Adult,Male,USA,Premium,Family,33,Tablet,7.06,2022-08-02,2026-03-09,37,No
3570,Jo Mendoza,29,Adult,Male,UK,Basic,Documentary,33,Mobile,17.53,2023-03-03,2026-01-03,12,No
3571,James Wilson,30,Adult,Male,Canada,Premium,Sci-Fi,49,Laptop,9.27,2025-01-22,2026-01-15,24,No
3572,Timothy Tucker,9,Kids,Male,Australia,Premium,Comedy,43,Smart TV,18.93,2021-04-20,2026-03-29,9,No
3573,Jonathan Garza,15,Kids,Male,India,Standard,Fantasy,50,Tablet,12.31,2023-04-02,2026-03-06,39,No
3574,James Wood,12,Kids,Male,USA,Standard,Sci-Fi,49,Laptop,7.4,2024-08-10,2026-02-19,44,Yes
3575,Jo Kramer,25,Adult,Female,France,Basic,Thriller,18,Smart TV,9.59,2022-03-17,2026-03-29,30,No
3576,Jo Garza,15,Kids,Male,USA,Standard,Thriller,30,Smart TV,7.93,2022-11-20,2026-05-01,40,No
3577,James Clark,7,Kids,Female,USA,Standard,Family,31,Laptop,15.12,2024-02-20,2026-05-16,28,No
3578,Jonathan Garza,52,Adult,Male,India,Standard,Action,13,Mobile,6.57,2021-06-13,2026-03-20,26,No
3579,Mark Curtis,29,Adult,Female,India,Premium,Cartoon,25,Smart TV,9.5,2021-11-25,2026-04-29,20,Yes
3580,Jonathan Wood,13,Kids,Female,France,Standard,Fantasy,46,Laptop,10.33,2023-09-02,2026-01-19,14,No
3581,Courtney Wilson,28,Adult,Male,USA,Basic,Cartoon,13,Smart TV,15.74,2024-09-02,2026-05-06,43,No
3582,James Kramer,52,Adult,Female,USA,Premium,Action,42,Laptop,15.46,2022-11-25,2026-04-29,38,Yes
3583,Mark Tucker,25,Adult,Male,France,Standard,Comedy,8,Smart TV,10.5,2024-11-20,2026-04-22,9,No
3584,Jonathan Wilson,17,Kids,Male,France,Basic,Sci-Fi,29,Tablet,7.68,2022-10-13,2026-01-24,45,Yes
3585,Erik Kramer,57,Adult,Male,UK,Basic,Comedy,19,Mobile,17.26,2022-06-06,2026-02-13,17,No
3586,Jo Kramer,62,Adult,Male,USA,Basic,Family,39,Tablet,11.92,2022-06-11,2026-02-12,2,Yes
3587,David Wood,56,Adult,Male,France,Premium,Action,15,Mobile,17.74,2021-10-04,2026-04-19,41,No
3588,Jo Miller,66,Adult,Female,Germany,Basic,Fantasy,16,Laptop,5.9,2023-07-07,2026-03-25,45,Yes
3589,Timothy Miller,56,Adult,Male,UK,Standard,Family,17,Mobile,11.37,2022-01-05,2026-05-10,49,No
3590,Courtney Wood,46,Adult,Female,Canada,Premium,Comedy,34,Smart TV,17.55,2024-07-10,2026-04-29,5,No
3591,Courtney Sherman,11,Kids,Male,India,Premium,Cartoon,24,Tablet,5.64,2021-11-05,2026-01-14,38,No
3592,Jo Wilson,6,Kids,Female,India,Basic,Documentary,13,Laptop,6.94,2024-05-26,2026-02-11,16,Yes
3593,Jonathan Curtis,10,Kids,Female,France,Standard,Action,34,Mobile,10.1,2022-04-20,2026-05-18,32,No
3594,Eddie Wood,34,Adult,Female,Australia,Basic,Fantasy,50,Smart TV,14.24,2022-11-04,2026-02-02,38,No
3595,Mark Clark,18,Adult,Female,UK,Standard,Romance,20,Mobile,7.37,2024-07-12,2026-05-24,43,No
3596,Eddie Sherman,40,Adult,Male,USA,Premium,Romance,49,Tablet,10.36,2023-10-16,2026-05-18,11,Yes
3597,James Tucker,59,Adult,Female,Germany,Basic,Family,41,Smart TV,11.6,2024-05-19,2026-03-02,40,No
3598,David Miller,68,Adult,Male,Germany,Premium,Animation,18,Tablet,19.94,2025-01-18,2026-02-17,23,No
3599,Mark Tucker,48,Adult,Male,Canada,Basic,Comedy,20,Mobile,11.49,2022-07-18,2026-04-25,10,Yes
3600,James Sherman,68,Adult,Male,Canada,Standard,Comedy,7,Smart TV,12.34,2023-04-06,2026-02-21,42,No
3601,Kimberly Miller,30,Adult,Male,France,Premium,Fantasy,12,Smart TV,13.89,2023-12-17,2026-06-09,17,No
3602,Jonathan Mendoza,20,Adult,Male,UK,Premium,Family,42,Mobile,13.74,2024-03-11,2026-05-28,33,No
3603,David Clark,30,Adult,Male,UK,Basic,Comedy,34,Mobile,12.5,2023-10-09,2026-03-23,3,Yes
3604,David Curtis,62,Adult,Male,India,Basic,Cartoon,10,Tablet,10.99,2021-03-29,2026-02-28,12,Yes
3605,Erik Wood,18,Adult,Female,Germany,Premium,Sci-Fi,36,Tablet,9.63,2024-08-01,2026-02-15,2,Yes
3606,David Kramer,41,Adult,Male,USA,Premium,Documentary,34,Mobile,5.7,2022-12-01,2026-02-03,48,Yes
3607,Eddie Sherman,66,Adult,Male,Canada,Standard,Family,50,Laptop,13.79,2023-10-31,2026-04-09,34,No
3608,Timothy Curtis,37,Adult,Male,UK,Premium,Comedy,35,Smart TV,8.9,2022-10-05,2026-05-05,18,Yes
3609,Timothy Clark,27,Adult,Male,USA,Basic,Drama,49,Smart TV,7.91,2025-01-22,2026-01-02,4,No
3610,James Clark,57,Adult,Female,USA,Premium,Fantasy,16,Mobile,9.31,2024-10-09,2026-01-26,2,Yes
3611,Jonathan Miller,25,Adult,Male,India,Basic,Comedy,14,Mobile,16.01,2021-04-24,2026-05-08,16,No
3612,Eddie Wood,40,Adult,Male,France,Premium,Fantasy,43,Smart TV,7.24,2021-11-21,2026-05-16,20,Yes
3613,Jo Garza,68,Adult,Female,USA,Premium,Animation,21,Mobile,8.26,2022-07-25,2026-06-03,20,No
3614,Timothy Miller,68,Adult,Female,UK,Standard,Horror,23,Mobile,8.51,2024-12-23,2026-03-16,46,Yes
3615,Courtney Curtis,48,Adult,Male,India,Standard,Thriller,18,Mobile,11.93,2024-08-04,2026-01-21,36,Yes
3616,Jonathan Curtis,6,Kids,Male,Australia,Standard,Family,18,Smart TV,14.55,2024-01-18,2026-05-21,25,Yes
3617,Mark Garza,33,Adult,Male,UK,Standard,Comedy,6,Smart TV,6.07,2023-05-07,2026-03-31,46,No
3618,Jo Sherman,57,Adult,Male,Germany,Premium,Family,29,Smart TV,10.51,2022-08-11,2026-03-29,20,Yes
3619,James Mendoza,65,Adult,Female,Germany,Standard,Romance,33,Laptop,19.16,2022-07-09,2026-03-05,38,Yes
3620,Courtney Clark,51,Adult,Female,India,Standard,Family,37,Smart TV,18.48,2021-09-10,2026-06-10,2,No
3621,Kimberly Wood,59,Adult,Male,Germany,Premium,Horror,7,Mobile,19.27,2023-10-23,2026-06-06,44,Yes
3622,Mark Curtis,15,Kids,Male,UK,Standard,Thriller,31,Tablet,16.05,2023-07-18,2026-01-18,11,Yes
3623,James Curtis,20,Adult,Male,France,Premium,Fantasy,22,Laptop,18.55,2023-06-02,2026-01-25,42,Yes
3624,Erik Curtis,60,Adult,Female,India,Premium,Sci-Fi,37,Mobile,6.43,2024-01-11,2026-03-19,46,No
3625,Mark Tucker,29,Adult,Male,France,Standard,Cartoon,21,Smart TV,7.04,2023-02-18,2026-02-04,3,No
3626,Timothy Wilson,7,Kids,Male,Canada,Basic,Sci-Fi,18,Laptop,5.19,2022-09-18,2026-03-21,39,No
3627,Jonathan Sherman,47,Adult,Female,Canada,Basic,Drama,18,Tablet,19.01,2024-01-30,2026-06-07,21,Yes
3628,Jonathan Miller,45,Adult,Male,Australia,Standard,Animation,17,Laptop,12.09,2022-07-29,2026-03-03,18,Yes
3629,Timothy Curtis,15,Kids,Female,Canada,Premium,Cartoon,31,Laptop,5.88,2023-05-18,2026-01-07,12,No
3630,James Garza,30,Adult,Female,Australia,Premium,Fantasy,24,Tablet,14.01,2022-07-08,2026-02-16,32,No
3631,Timothy Tucker,48,Adult,Female,UK,Basic,Animation,44,Tablet,12.99,2022-06-04,2026-05-21,16,No
3632,Kimberly Kramer,7,Kids,Female,Germany,Basic,Sci-Fi,21,Smart TV,10.26,2021-08-24,2026-01-03,17,Yes
3633,Courtney Kramer,65,Adult,Male,Canada,Standard,Thriller,48,Smart TV,9.01,2022-12-27,2026-02-13,26,Yes
3634,James Wood,17,Kids,Female,UK,Basic,Romance,37,Smart TV,11.01,2023-02-26,2026-01-29,11,No
3635,Jonathan Kramer,11,Kids,Female,USA,Basic,Fantasy,9,Tablet,15.45,2022-09-21,2026-01-05,44,No
3636,James Mendoza,13,Kids,Male,India,Basic,Action,39,Mobile,5.22,2022-01-11,2026-05-31,25,Yes
3637,Erik Clark,52,Adult,Female,India,Premium,Fantasy,25,Tablet,19.69,2022-01-26,2026-06-03,26,No
3638,Courtney Curtis,17,Kids,Male,Germany,Basic,Action,16,Smart TV,15.94,2023-01-19,2026-02-22,39,Yes
3639,Erik Clark,41,Adult,Male,France,Premium,Sci-Fi,31,Mobile,10.9,2024-02-04,2026-05-28,30,Yes
3640,Kimberly Miller,34,Adult,Male,India,Basic,Thriller,29,Smart TV,18.54,2022-01-22,2026-03-27,5,No
3641,Timothy Curtis,25,Adult,Male,Germany,Premium,Horror,14,Mobile,14.26,2023-06-24,2026-04-16,3,No
3642,Kimberly Curtis,14,Kids,Male,Germany,Basic,Fantasy,49,Tablet,18.66,2022-05-13,2026-02-10,29,Yes
3643,Kimberly Kramer,56,Adult,Male,Canada,Basic,Documentary,5,Smart TV,12.29,2024-07-25,2026-02-06,28,No
3644,Courtney Miller,52,Adult,Male,USA,Premium,Family,29,Laptop,15.75,2024-08-31,2026-03-18,24,Yes
3645,Kimberly Mendoza,14,Kids,Male,India,Standard,Documentary,30,Tablet,7.55,2022-08-27,2026-03-26,5,No
3646,David Clark,29,Adult,Male,France,Standard,Animation,29,Mobile,12.64,2021-08-21,2026-03-28,48,Yes
3647,Erik Garza,63,Adult,Male,USA,Basic,Animation,21,Smart TV,12.67,2022-04-06,2026-05-03,5,No
3648,Courtney Clark,60,Adult,Female,USA,Premium,Documentary,28,Smart TV,18.88,2021-06-15,2026-06-02,24,Yes
3649,David Tucker,61,Adult,Female,India,Premium,Drama,30,Laptop,14.12,2024-02-23,2026-03-12,32,Yes
3650,Mark Wood,52,Adult,Male,USA,Standard,Horror,28,Smart TV,8.46,2023-06-19,2026-01-29,25,No
3651,Erik Kramer,16,Kids,Female,Germany,Basic,Animation,25,Tablet,15.83,2022-06-26,2026-02-13,11,No
3652,Jo Tucker,41,Adult,Female,Australia,Standard,Romance,32,Mobile,19.18,2022-10-14,2026-05-30,39,Yes
3653,James Garza,67,Adult,Female,Australia,Basic,Cartoon,46,Smart TV,12.4,2023-12-31,2026-06-03,49,Yes
3654,Timothy Wilson,36,Adult,Female,Germany,Standard,Animation,18,Laptop,18.46,2021-11-23,2026-01-01,3,No
3655,Jo Tucker,12,Kids,Female,Canada,Standard,Sci-Fi,25,Laptop,7.91,2021-02-06,2026-03-01,45,No
3656,James Wilson,40,Adult,Male,UK,Basic,Cartoon,10,Smart TV,8.66,2021-09-18,2026-06-06,43,No
3657,Jonathan Curtis,63,Adult,Male,Canada,Basic,Documentary,22,Smart TV,5.39,2023-08-15,2026-05-05,47,No
3658,Timothy Garza,59,Adult,Female,Canada,Premium,Fantasy,19,Tablet,11.57,2022-11-07,2026-01-10,31,No
3659,Mark Tucker,13,Kids,Male,India,Standard,Drama,6,Laptop,14.49,2022-09-29,2026-03-04,7,Yes
3660,Jonathan Wilson,52,Adult,Male,Canada,Standard,Family,47,Mobile,18.85,2024-11-27,2026-03-31,6,Yes
3661,James Clark,59,Adult,Male,India,Basic,Comedy,47,Mobile,11.38,2023-02-27,2026-02-08,34,Yes
3662,James Kramer,54,Adult,Female,India,Premium,Documentary,42,Smart TV,9.97,2024-09-25,2026-04-21,39,Yes
3663,Jo Wilson,7,Kids,Female,France,Basic,Documentary,15,Laptop,10.52,2021-12-25,2026-03-01,31,No
3664,Jonathan Mendoza,9,Kids,Male,France,Premium,Animation,28,Smart TV,9.38,2021-02-18,2026-04-12,25,No
3665,Erik Kramer,11,Kids,Female,UK,Basic,Drama,17,Mobile,10.09,2022-01-03,2026-01-12,39,No
3666,Courtney Wood,52,Adult,Female,USA,Standard,Fantasy,21,Tablet,18.41,2024-05-19,2026-04-03,49,Yes
3667,Jo Tucker,55,Adult,Female,France,Standard,Action,19,Tablet,11.35,2022-11-25,2026-02-04,44,No
3668,Courtney Sherman,35,Adult,Female,UK,Premium,Family,39,Laptop,14.36,2021-07-15,2026-02-24,21,No
3669,Timothy Sherman,36,Adult,Female,Australia,Premium,Documentary,49,Smart TV,18.33,2024-10-31,2026-02-21,28,Yes
3670,Courtney Curtis,18,Adult,Female,USA,Basic,Thriller,20,Smart TV,12.68,2021-04-03,2026-05-14,30,Yes
3671,David Tucker,7,Kids,Female,Canada,Basic,Cartoon,38,Tablet,8.75,2021-11-01,2026-04-26,2,No
3672,Eddie Tucker,34,Adult,Female,Canada,Premium,Horror,5,Smart TV,13.28,2024-10-25,2026-05-06,17,No
3673,Erik Garza,62,Adult,Female,France,Standard,Romance,43,Mobile,8.8,2022-02-25,2026-04-21,41,No
3674,Erik Sherman,29,Adult,Male,UK,Standard,Drama,9,Smart TV,18.12,2024-11-18,2026-01-23,16,Yes
3675,Erik Wood,44,Adult,Male,Germany,Standard,Animation,21,Mobile,6.86,2022-09-13,2026-03-06,36,No
3676,Kimberly Clark,26,Adult,Male,UK,Basic,Drama,31,Mobile,10.85,2022-02-18,2026-06-10,40,Yes
3677,Kimberly Curtis,41,Adult,Female,India,Basic,Drama,22,Tablet,5.51,2021-10-11,2026-05-02,48,No
3678,James Garza,27,Adult,Female,Australia,Basic,Documentary,8,Mobile,17.56,2021-04-06,2026-01-15,2,Yes
3679,Erik Sherman,51,Adult,Female,Canada,Premium,Cartoon,43,Smart TV,16.51,2025-01-11,2026-05-17,2,No
3680,James Mendoza,6,Kids,Female,Australia,Standard,Documentary,44,Tablet,17.78,2021-05-06,2026-03-20,44,No
3681,Jo Wood,9,Kids,Female,France,Basic,Animation,46,Laptop,6.98,2024-07-30,2026-03-19,1,Yes
3682,David Wilson,41,Adult,Female,Australia,Basic,Horror,6,Laptop,8.3,2023-05-16,2026-05-15,36,No
3683,Kimberly Mendoza,48,Adult,Male,Germany,Basic,Documentary,25,Smart TV,18.8,2021-10-02,2026-02-02,16,Yes
3684,Courtney Curtis,45,Adult,Male,Australia,Premium,Documentary,22,Laptop,13.8,2021-02-10,2026-02-23,38,Yes
3685,Eddie Kramer,25,Adult,Male,Australia,Basic,Sci-Fi,46,Laptop,11.8,2021-11-06,2026-03-26,26,No
3686,Eddie Sherman,12,Kids,Male,USA,Premium,Drama,42,Mobile,9.59,2023-11-21,2026-01-26,1,Yes
3687,Mark Garza,37,Adult,Male,France,Basic,Animation,15,Tablet,14.82,2022-09-29,2026-05-30,34,Yes
3688,Jo Curtis,49,Adult,Male,India,Standard,Animation,26,Laptop,17.69,2024-04-03,2026-02-18,49,No
3689,Eddie Mendoza,14,Kids,Female,India,Basic,Sci-Fi,23,Mobile,9.08,2023-08-10,2026-05-28,41,Yes
3690,Jo Wilson,38,Adult,Female,India,Standard,Documentary,41,Tablet,16.89,2024-03-16,2026-02-01,40,No
3691,Jo Wood,8,Kids,Male,Canada,Premium,Romance,6,Smart TV,14.58,2023-10-26,2026-04-01,11,No
3692,Jonathan Sherman,8,Kids,Male,Germany,Standard,Action,20,Laptop,8.77,2024-10-19,2026-05-18,22,Yes
3693,David Wilson,8,Kids,Male,Germany,Premium,Horror,15,Laptop,13.85,2024-04-18,2026-04-10,29,No
3694,Erik Clark,41,Adult,Male,Canada,Premium,Horror,8,Tablet,15.47,2023-02-20,2026-05-28,25,No
3695,Timothy Wilson,40,Adult,Female,India,Premium,Animation,41,Tablet,11.01,2022-02-17,2026-05-02,16,Yes
3696,Jo Sherman,28,Adult,Female,France,Standard,Sci-Fi,32,Smart TV,16.63,2023-03-22,2026-05-26,49,No
3697,Kimberly Miller,31,Adult,Female,France,Standard,Action,12,Mobile,12.67,2024-05-18,2026-05-14,22,No
3698,Kimberly Tucker,29,Adult,Female,USA,Premium,Horror,21,Tablet,12.22,2021-08-09,2026-04-11,16,Yes
3699,David Kramer,24,Adult,Female,France,Basic,Romance,49,Tablet,13.29,2021-07-05,2026-01-23,30,Yes
3700,James Wilson,50,Adult,Female,Australia,Basic,Documentary,43,Mobile,5.27,2024-02-01,2026-01-08,3,Yes
3701,James Clark,38,Adult,Male,UK,Basic,Thriller,10,Laptop,15.92,2021-10-11,2026-03-31,35,Yes
3702,Mark Kramer,32,Adult,Female,Canada,Basic,Documentary,35,Tablet,9.18,2024-04-22,2026-05-25,47,Yes
3703,Courtney Sherman,17,Kids,Female,Canada,Premium,Action,22,Mobile,7.16,2024-07-12,2026-01-07,7,No
3704,Kimberly Wood,65,Adult,Female,Australia,Basic,Drama,21,Mobile,19.48,2022-01-12,2026-03-02,50,Yes
3705,Jo Tucker,14,Kids,Male,Canada,Standard,Documentary,21,Mobile,9.67,2023-08-21,2026-01-16,10,Yes
3706,Jonathan Garza,21,Adult,Female,France,Basic,Romance,27,Smart TV,10.87,2022-04-15,2026-04-21,22,Yes
3707,Mark Mendoza,9,Kids,Female,India,Standard,Thriller,19,Laptop,10.59,2023-04-21,2026-01-29,46,Yes
3708,Eddie Miller,64,Adult,Female,USA,Premium,Family,14,Mobile,16.71,2024-03-19,2026-01-18,44,No
3709,Timothy Wilson,59,Adult,Female,India,Standard,Family,45,Mobile,10.62,2022-05-23,2026-01-30,9,No
3710,Timothy Sherman,51,Adult,Male,India,Basic,Romance,7,Smart TV,5.22,2022-04-01,2026-01-22,35,No
3711,Jonathan Sherman,69,Adult,Male,Germany,Basic,Thriller,31,Smart TV,19.25,2024-01-18,2026-03-02,8,No
3712,Courtney Wood,47,Adult,Female,Canada,Standard,Fantasy,8,Laptop,16.44,2022-11-07,2026-04-06,34,Yes
3713,James Garza,12,Kids,Male,France,Premium,Romance,47,Tablet,13.95,2023-03-14,2026-01-14,22,No
3714,Timothy Curtis,32,Adult,Male,Germany,Standard,Horror,36,Smart TV,19.99,2024-04-26,2026-05-10,19,Yes
3715,Mark Tucker,67,Adult,Female,Canada,Standard,Fantasy,50,Laptop,6.84,2022-05-31,2026-04-27,29,No
3716,Kimberly Garza,9,Kids,Female,Australia,Basic,Fantasy,49,Smart TV,16.23,2021-12-18,2026-05-16,6,Yes
3717,Mark Wilson,6,Kids,Male,USA,Standard,Animation,42,Tablet,13.97,2021-07-08,2026-04-27,8,No
3718,Jonathan Mendoza,29,Adult,Male,Germany,Standard,Family,15,Mobile,16.21,2023-01-02,2026-04-17,34,No
3719,David Curtis,66,Adult,Female,India,Basic,Cartoon,37,Laptop,7.26,2022-12-30,2026-05-14,14,No
3720,Jonathan Sherman,28,Adult,Male,France,Standard,Animation,5,Laptop,13.18,2023-06-11,2026-06-10,36,Yes
3721,Jo Mendoza,70,Adult,Male,Germany,Premium,Action,44,Tablet,17.04,2023-06-23,2026-03-20,2,Yes
3722,Erik Wilson,13,Kids,Male,Canada,Premium,Horror,47,Tablet,17.03,2024-08-22,2026-06-01,30,No
3723,Jonathan Kramer,26,Adult,Female,India,Premium,Drama,28,Tablet,9.46,2023-11-13,2026-02-25,34,No
3724,Jonathan Clark,42,Adult,Male,USA,Basic,Action,43,Tablet,11.2,2022-03-02,2026-02-02,43,No
3725,Mark Garza,41,Adult,Female,Canada,Basic,Thriller,19,Laptop,17.81,2021-01-25,2026-02-07,24,Yes
3726,Mark Garza,28,Adult,Female,Canada,Standard,Action,18,Laptop,16.5,2023-05-28,2026-03-10,4,No
3727,Jonathan Wilson,62,Adult,Female,Australia,Premium,Cartoon,35,Laptop,9.46,2023-10-07,2026-02-03,46,Yes
3728,David Wilson,46,Adult,Male,Canada,Standard,Cartoon,19,Laptop,12.78,2022-03-11,2026-05-23,1,No
3729,David Miller,16,Kids,Male,France,Standard,Action,50,Laptop,15.87,2023-08-17,2026-06-08,22,No
3730,Courtney Wood,32,Adult,Male,India,Standard,Horror,7,Mobile,16.99,2022-07-26,2026-03-15,8,No
3731,Jonathan Miller,44,Adult,Female,India,Premium,Horror,48,Laptop,6.26,2023-10-18,2026-02-03,13,Yes
3732,Mark Sherman,39,Adult,Male,Germany,Standard,Horror,17,Tablet,13.99,2023-04-04,2026-04-03,13,No
3733,David Garza,17,Kids,Male,USA,Standard,Romance,42,Smart TV,10.83,2024-02-05,2026-03-15,25,No
3734,Jo Mendoza,51,Adult,Male,Germany,Basic,Sci-Fi,27,Mobile,14.28,2022-02-20,2026-04-18,25,No
3735,James Garza,57,Adult,Male,France,Basic,Action,26,Laptop,6.88,2024-10-19,2026-04-14,13,Yes
3736,Jonathan Wood,70,Adult,Male,Germany,Standard,Sci-Fi,47,Laptop,12.18,2025-01-03,2026-04-28,17,Yes
3737,Timothy Wood,29,Adult,Female,UK,Basic,Horror,31,Mobile,14.91,2023-06-01,2026-03-24,27,Yes
3738,Eddie Wood,37,Adult,Female,India,Basic,Animation,14,Tablet,5.5,2023-02-25,2026-04-23,38,Yes
3739,Courtney Wood,70,Adult,Female,UK,Standard,Documentary,36,Tablet,18.2,2021-01-07,2026-06-08,23,Yes
3740,Kimberly Sherman,52,Adult,Male,Canada,Premium,Drama,35,Smart TV,12.46,2021-12-01,2026-01-30,48,No
3741,Timothy Wilson,45,Adult,Female,India,Standard,Thriller,29,Smart TV,9.81,2022-01-25,2026-04-27,18,No
3742,David Tucker,51,Adult,Male,UK,Basic,Drama,45,Tablet,13.81,2023-07-15,2026-01-01,20,Yes
3743,Courtney Curtis,55,Adult,Male,Australia,Basic,Animation,41,Laptop,17.26,2021-05-27,2026-05-26,8,Yes
3744,David Tucker,30,Adult,Female,Germany,Standard,Family,33,Laptop,15.45,2023-12-20,2026-01-20,9,Yes
3745,Courtney Clark,27,Adult,Male,India,Standard,Comedy,44,Laptop,10.4,2021-10-18,2026-03-06,30,No
3746,Eddie Kramer,10,Kids,Male,India,Standard,Comedy,13,Smart TV,14.51,2022-03-31,2026-03-08,45,No
3747,Timothy Clark,66,Adult,Female,UK,Basic,Horror,35,Tablet,11.82,2024-06-02,2026-03-23,50,No
3748,David Clark,36,Adult,Female,India,Standard,Animation,27,Tablet,10.96,2024-02-12,2026-04-12,22,Yes
3749,Jo Clark,34,Adult,Male,India,Premium,Cartoon,24,Smart TV,12.21,2021-09-23,2026-02-07,47,Yes
3750,David Garza,11,Kids,Male,France,Premium,Animation,15,Mobile,7.91,2021-09-21,2026-03-10,42,No
3751,James Wood,37,Adult,Male,Germany,Premium,Comedy,25,Tablet,6.6,2024-04-17,2026-01-10,33,No
3752,Courtney Wilson,9,Kids,Female,UK,Premium,Family,45,Tablet,9.97,2023-07-20,2026-02-18,24,Yes
3753,James Kramer,54,Adult,Male,UK,Standard,Thriller,31,Smart TV,14.62,2022-08-09,2026-05-06,7,Yes
3754,Jonathan Clark,45,Adult,Male,India,Standard,Romance,41,Laptop,10.94,2023-02-13,2026-03-07,26,No
3755,Mark Clark,12,Kids,Male,USA,Premium,Comedy,48,Tablet,9.72,2024-04-20,2026-03-27,31,Yes
3756,Timothy Sherman,5,Kids,Female,UK,Basic,Fantasy,49,Smart TV,18.53,2023-12-21,2026-04-08,21,No
3757,Mark Miller,66,Adult,Female,France,Basic,Animation,45,Tablet,13,2022-05-26,2026-03-04,13,No
3758,Mark Sherman,59,Adult,Female,France,Standard,Animation,7,Smart TV,10.85,2024-08-04,2026-03-15,9,Yes
3759,Jo Wood,44,Adult,Female,Canada,Premium,Sci-Fi,19,Mobile,8.33,2023-12-23,2026-06-03,18,No
3760,David Sherman,63,Adult,Female,Australia,Standard,Thriller,24,Mobile,13.76,2022-01-03,2026-02-27,30,No
3761,Timothy Kramer,37,Adult,Female,India,Premium,Fantasy,8,Tablet,6.6,2024-04-11,2026-05-14,34,No
3762,David Mendoza,22,Adult,Female,USA,Basic,Comedy,39,Smart TV,5.75,2023-04-02,2026-02-19,13,Yes
3763,Courtney Clark,28,Adult,Male,India,Standard,Action,20,Tablet,6.27,2021-02-24,2026-01-09,27,No
3764,David Sherman,67,Adult,Female,Australia,Premium,Thriller,19,Laptop,15.96,2021-05-05,2026-04-08,27,No
3765,Erik Miller,23,Adult,Male,USA,Basic,Animation,46,Tablet,17.48,2022-05-15,2026-04-18,1,No
3766,Mark Wilson,33,Adult,Female,UK,Standard,Animation,5,Tablet,6.71,2023-10-15,2026-06-06,46,No
3767,Erik Wood,18,Adult,Male,Germany,Standard,Drama,36,Tablet,6.32,2023-08-26,2026-05-08,22,No
3768,Timothy Clark,5,Kids,Male,Germany,Basic,Fantasy,50,Mobile,7.81,2023-03-05,2026-04-18,44,No
3769,Erik Kramer,11,Kids,Female,Australia,Basic,Comedy,30,Mobile,13.64,2023-05-28,2026-01-30,34,No
3770,Timothy Curtis,23,Adult,Female,Australia,Premium,Horror,38,Laptop,5.44,2023-05-31,2026-03-14,14,Yes
3771,Courtney Garza,60,Adult,Male,Germany,Premium,Family,28,Mobile,16.97,2023-12-11,2026-04-22,6,No
3772,Timothy Tucker,54,Adult,Female,Australia,Standard,Cartoon,35,Laptop,14.17,2024-03-10,2026-03-06,1,No
3773,Jo Miller,23,Adult,Male,France,Premium,Horror,17,Tablet,5.22,2024-03-24,2026-06-03,19,No
3774,Erik Wilson,26,Adult,Female,France,Basic,Thriller,35,Tablet,10.67,2024-02-13,2026-03-23,8,No
3775,Eddie Tucker,31,Adult,Male,UK,Premium,Thriller,35,Tablet,16.89,2022-07-28,2026-04-14,12,No
3776,Eddie Kramer,14,Kids,Female,Canada,Basic,Fantasy,50,Smart TV,6.65,2022-07-25,2026-02-23,7,No
3777,Jonathan Tucker,5,Kids,Male,India,Premium,Animation,27,Tablet,11.15,2024-11-20,2026-03-18,40,Yes
3778,Eddie Garza,60,Adult,Female,France,Premium,Documentary,16,Laptop,10.01,2021-11-12,2026-05-17,50,No
3779,Jo Miller,46,Adult,Female,USA,Standard,Family,40,Smart TV,6.44,2022-11-27,2026-05-14,28,No
3780,Jonathan Clark,21,Adult,Female,France,Standard,Family,19,Smart TV,15.59,2023-11-05,2026-06-04,17,Yes
3781,Timothy Wilson,42,Adult,Female,UK,Basic,Horror,8,Tablet,12.19,2022-07-02,2026-03-13,1,No
3782,Eddie Tucker,43,Adult,Male,UK,Premium,Thriller,29,Smart TV,19.13,2021-01-23,2026-04-07,29,Yes
3783,Courtney Mendoza,58,Adult,Female,Canada,Premium,Cartoon,30,Tablet,16.25,2023-01-14,2026-04-13,36,Yes
3784,Eddie Wood,15,Kids,Male,Canada,Basic,Fantasy,39,Mobile,12.78,2023-10-13,2026-01-27,50,No
3785,Courtney Wood,59,Adult,Male,France,Premium,Family,45,Mobile,19.33,2022-05-28,2026-06-09,22,No
3786,David Sherman,59,Adult,Female,Canada,Standard,Thriller,6,Mobile,7.35,2022-05-23,2026-05-23,31,No
3787,Erik Garza,64,Adult,Male,India,Premium,Family,40,Smart TV,19.23,2021-11-07,2026-02-18,20,Yes
3788,Jonathan Wilson,32,Adult,Female,France,Standard,Cartoon,42,Smart TV,17.05,2024-04-21,2026-05-02,27,No
3789,Eddie Miller,51,Adult,Female,India,Basic,Comedy,22,Laptop,15.54,2024-10-11,2026-02-24,12,No
3790,Mark Tucker,63,Adult,Female,India,Standard,Animation,17,Smart TV,16.97,2022-10-12,2026-01-03,3,No
3791,Kimberly Clark,41,Adult,Male,UK,Standard,Animation,13,Laptop,11.49,2021-10-01,2026-05-03,20,No
3792,Eddie Kramer,30,Adult,Male,UK,Standard,Comedy,25,Mobile,13.33,2023-11-13,2026-03-05,19,Yes
3793,Eddie Tucker,23,Adult,Male,France,Basic,Animation,26,Tablet,16.23,2022-12-27,2026-03-27,9,No
3794,Erik Wilson,64,Adult,Male,India,Basic,Action,32,Smart TV,14.82,2023-10-10,2026-04-08,40,No
3795,James Garza,40,Adult,Male,Germany,Standard,Sci-Fi,42,Tablet,18.88,2021-01-13,2026-05-19,48,No
3796,Jo Mendoza,69,Adult,Female,Germany,Premium,Cartoon,12,Smart TV,15.91,2024-03-12,2026-01-24,26,Yes
3797,Kimberly Clark,29,Adult,Male,Germany,Basic,Drama,9,Laptop,12.48,2025-01-06,2026-06-01,38,Yes
3798,Courtney Curtis,61,Adult,Female,USA,Basic,Documentary,29,Smart TV,15.58,2022-05-27,2026-01-17,37,Yes
3799,Timothy Sherman,7,Kids,Male,USA,Standard,Comedy,9,Tablet,14.78,2021-03-06,2026-04-25,35,Yes
3800,Jo Garza,54,Adult,Female,Germany,Premium,Romance,5,Laptop,16.1,2021-04-29,2026-05-25,11,No
3801,Eddie Wood,59,Adult,Female,France,Premium,Thriller,5,Mobile,15.63,2022-10-01,2026-03-22,47,Yes
3802,Kimberly Wilson,15,Kids,Male,France,Standard,Comedy,18,Mobile,11.98,2022-10-09,2026-06-01,11,Yes
3803,Timothy Sherman,40,Adult,Male,India,Basic,Romance,46,Laptop,12.5,2021-06-11,2026-04-21,14,No
3804,Courtney Tucker,23,Adult,Male,France,Basic,Action,41,Mobile,16.48,2024-12-14,2026-01-10,45,No
3805,Mark Mendoza,67,Adult,Female,Germany,Standard,Sci-Fi,19,Smart TV,15.51,2023-10-02,2026-04-10,41,Yes
3806,James Curtis,50,Adult,Male,Canada,Basic,Animation,13,Tablet,18.21,2023-02-28,2026-04-13,12,No
3807,James Mendoza,51,Adult,Male,USA,Premium,Documentary,50,Laptop,17.4,2022-03-28,2026-02-05,18,Yes
3808,Courtney Tucker,29,Adult,Female,India,Basic,Action,6,Laptop,13.47,2021-08-01,2026-04-04,9,Yes
3809,Timothy Tucker,48,Adult,Female,Australia,Standard,Documentary,30,Laptop,14.77,2023-03-13,2026-05-08,21,No
3810,Courtney Clark,39,Adult,Male,Australia,Standard,Cartoon,39,Tablet,15.8,2021-03-17,2026-01-06,27,No
3811,Kimberly Sherman,30,Adult,Male,France,Basic,Documentary,29,Smart TV,9.6,2022-11-02,2026-06-08,16,No
3812,Mark Mendoza,62,Adult,Male,Australia,Standard,Animation,10,Tablet,12.49,2024-04-06,2026-04-27,48,Yes
3813,Courtney Kramer,57,Adult,Male,France,Standard,Romance,34,Mobile,16.48,2022-04-07,2026-03-31,20,Yes
3814,David Curtis,24,Adult,Female,France,Premium,Horror,11,Smart TV,10.76,2023-02-09,2026-01-30,29,No
3815,Mark Kramer,64,Adult,Female,Canada,Premium,Romance,16,Smart TV,6.7,2021-04-17,2026-01-04,33,Yes
3816,Mark Sherman,66,Adult,Female,Germany,Basic,Documentary,37,Tablet,8.07,2022-11-28,2026-02-11,37,Yes
3817,David Clark,64,Adult,Female,Germany,Premium,Family,29,Smart TV,11.05,2021-03-12,2026-01-08,39,Yes
3818,Eddie Miller,58,Adult,Female,Canada,Premium,Animation,20,Mobile,8.59,2023-05-14,2026-06-01,24,No
3819,Courtney Curtis,40,Adult,Male,UK,Premium,Animation,16,Laptop,6.25,2024-10-17,2026-05-31,42,No
3820,Jonathan Curtis,56,Adult,Male,Canada,Premium,Cartoon,35,Laptop,11.38,2023-07-15,2026-03-28,34,No
3821,Erik Sherman,29,Adult,Male,USA,Standard,Action,15,Mobile,17.78,2021-10-29,2026-04-13,39,No
3822,Timothy Wood,21,Adult,Female,USA,Basic,Sci-Fi,17,Tablet,5.49,2021-05-06,2026-04-20,16,No
3823,Erik Wood,21,Adult,Male,India,Premium,Documentary,35,Mobile,19.89,2024-11-07,2026-06-06,22,Yes
3824,Erik Clark,23,Adult,Female,Australia,Premium,Sci-Fi,32,Smart TV,10.64,2023-01-01,2026-06-02,1,No
3825,Courtney Mendoza,36,Adult,Female,USA,Premium,Documentary,24,Mobile,13.9,2024-07-21,2026-05-19,29,No
3826,Jo Tucker,61,Adult,Female,USA,Basic,Drama,30,Smart TV,16.21,2023-07-18,2026-02-27,5,Yes
3827,James Sherman,11,Kids,Male,USA,Basic,Action,9,Tablet,7.38,2022-03-17,2026-05-02,5,Yes
3828,Eddie Wood,39,Adult,Female,France,Basic,Animation,28,Tablet,5.9,2021-10-28,2026-04-15,13,No
3829,Courtney Sherman,43,Adult,Female,USA,Basic,Action,6,Tablet,18.67,2023-11-20,2026-02-01,50,Yes
3830,Courtney Clark,37,Adult,Male,UK,Basic,Action,12,Tablet,12.99,2024-09-18,2026-05-19,37,Yes
3831,Mark Curtis,7,Kids,Male,Canada,Standard,Drama,20,Laptop,5.66,2023-03-08,2026-06-07,10,Yes
3832,Jonathan Wood,57,Adult,Female,Australia,Standard,Drama,8,Mobile,12.44,2024-12-04,2026-05-20,34,No
3833,Jonathan Curtis,28,Adult,Male,France,Standard,Romance,32,Tablet,16.81,2023-08-07,2026-02-14,44,No
3834,Jonathan Clark,49,Adult,Female,Canada,Basic,Fantasy,44,Mobile,10.83,2024-02-08,2026-04-23,29,Yes
3835,Courtney Miller,12,Kids,Male,France,Premium,Action,43,Smart TV,7.07,2022-10-29,2026-02-12,41,Yes
3836,Jo Kramer,62,Adult,Male,Germany,Premium,Documentary,9,Tablet,6.93,2023-05-18,2026-05-27,25,No
3837,Erik Sherman,20,Adult,Female,Germany,Standard,Cartoon,16,Mobile,16.53,2023-11-10,2026-04-26,34,Yes
3838,Timothy Kramer,23,Adult,Female,UK,Premium,Fantasy,25,Smart TV,10.49,2022-05-27,2026-03-24,23,Yes
3839,Jonathan Wilson,61,Adult,Male,USA,Basic,Romance,21,Smart TV,11.28,2023-04-16,2026-03-20,21,No
3840,Jo Mendoza,60,Adult,Male,Canada,Standard,Documentary,44,Laptop,13.68,2024-01-27,2026-01-16,25,No
3841,Timothy Tucker,32,Adult,Male,Germany,Basic,Sci-Fi,6,Smart TV,17.83,2023-09-01,2026-03-30,42,No
3842,Mark Curtis,63,Adult,Female,UK,Basic,Documentary,8,Smart TV,14.93,2022-11-05,2026-02-20,14,No
3843,Mark Wood,66,Adult,Female,UK,Standard,Cartoon,5,Tablet,18.89,2023-11-16,2026-02-12,13,Yes
3844,Jo Curtis,15,Kids,Female,UK,Premium,Animation,7,Laptop,16.96,2024-10-24,2026-02-13,30,No
3845,Mark Wood,38,Adult,Female,USA,Basic,Fantasy,49,Tablet,5.81,2023-11-14,2026-01-01,29,Yes
3846,Mark Miller,10,Kids,Male,Australia,Standard,Comedy,29,Smart TV,7.01,2023-02-02,2026-01-09,22,Yes
3847,Eddie Wilson,52,Adult,Female,France,Premium,Fantasy,14,Mobile,18.96,2021-12-24,2026-03-28,48,Yes
3848,Jo Wilson,53,Adult,Female,Canada,Basic,Action,38,Laptop,16,2022-11-11,2026-04-27,25,No
3849,Jonathan Sherman,44,Adult,Female,Germany,Basic,Comedy,21,Tablet,8.86,2021-08-19,2026-02-17,25,Yes
3850,Jo Wood,41,Adult,Male,Germany,Standard,Action,14,Tablet,13.63,2023-06-10,2026-01-16,4,Yes
3851,Kimberly Wood,57,Adult,Male,USA,Standard,Comedy,22,Mobile,6.43,2024-10-20,2026-03-18,5,Yes
3852,Courtney Garza,26,Adult,Female,Australia,Standard,Animation,29,Laptop,15.23,2023-05-14,2026-01-14,18,No
3853,Erik Garza,45,Adult,Female,Canada,Premium,Family,27,Tablet,14.41,2022-12-25,2026-01-19,50,No
3854,Eddie Wood,36,Adult,Male,Australia,Standard,Action,50,Laptop,10.26,2022-12-20,2026-03-20,33,No
3855,Jo Tucker,45,Adult,Male,India,Standard,Family,43,Smart TV,12.2,2021-06-01,2026-03-12,9,Yes
3856,Mark Mendoza,6,Kids,Male,France,Standard,Action,46,Tablet,8.79,2021-10-07,2026-01-30,47,Yes
3857,Kimberly Sherman,19,Adult,Female,France,Standard,Family,20,Laptop,8.68,2021-07-17,2026-01-15,27,No
3858,Jonathan Sherman,15,Kids,Female,UK,Basic,Animation,7,Smart TV,17,2021-07-19,2026-02-15,36,No
3859,Jonathan Wood,57,Adult,Male,USA,Basic,Documentary,40,Mobile,13.54,2024-04-21,2026-02-25,3,Yes
3860,Courtney Sherman,8,Kids,Female,USA,Basic,Fantasy,36,Laptop,11.92,2022-09-16,2026-02-20,15,Yes
3861,David Miller,61,Adult,Female,UK,Basic,Action,14,Laptop,18.88,2024-10-31,2026-05-13,6,No
3862,Erik Tucker,15,Kids,Male,India,Basic,Action,36,Laptop,13.9,2021-09-04,2026-04-07,48,Yes
3863,Eddie Curtis,12,Kids,Male,India,Premium,Family,15,Mobile,6.89,2023-05-27,2026-01-19,17,No
3864,Erik Tucker,14,Kids,Male,USA,Basic,Family,17,Mobile,16.99,2023-08-29,2026-02-01,13,Yes
3865,Erik Garza,30,Adult,Male,India,Premium,Cartoon,45,Mobile,14.2,2021-04-20,2026-03-11,13,No
3866,Erik Wood,57,Adult,Male,France,Basic,Animation,48,Tablet,6.61,2022-06-27,2026-05-12,33,Yes
3867,Kimberly Clark,22,Adult,Male,France,Basic,Cartoon,50,Tablet,13.6,2022-03-08,2026-01-15,33,Yes
3868,Timothy Clark,59,Adult,Male,Germany,Premium,Family,32,Tablet,19.29,2022-06-06,2026-03-04,34,No
3869,Erik Garza,40,Adult,Male,USA,Standard,Documentary,50,Mobile,5.59,2022-01-07,2026-01-26,28,Yes
3870,Mark Sherman,68,Adult,Male,UK,Premium,Fantasy,10,Mobile,18.27,2022-12-16,2026-03-12,9,Yes
3871,Eddie Garza,67,Adult,Female,Australia,Basic,Animation,5,Mobile,13.74,2024-05-24,2026-02-28,27,Yes
3872,Erik Mendoza,45,Adult,Female,France,Standard,Sci-Fi,13,Mobile,9.55,2023-04-08,2026-02-02,22,Yes
3873,Eddie Kramer,25,Adult,Female,Canada,Standard,Family,8,Smart TV,15.28,2023-07-07,2026-04-16,34,Yes
3874,Mark Clark,41,Adult,Male,UK,Standard,Cartoon,13,Mobile,11.5,2021-02-23,2026-02-05,5,Yes
3875,Courtney Tucker,36,Adult,Female,Germany,Standard,Romance,18,Tablet,8.25,2025-01-07,2026-01-28,7,No
3876,Kimberly Garza,46,Adult,Male,USA,Standard,Action,30,Tablet,17.5,2024-12-05,2026-03-10,31,Yes
3877,Jonathan Wilson,70,Adult,Male,Germany,Premium,Horror,12,Laptop,19.68,2021-04-27,2026-01-26,40,Yes
3878,Jo Curtis,68,Adult,Male,Canada,Basic,Cartoon,17,Smart TV,18.09,2022-11-14,2026-03-17,7,Yes
3879,Kimberly Wilson,39,Adult,Male,UK,Basic,Thriller,7,Laptop,12.4,2023-06-20,2026-03-29,7,Yes
3880,James Curtis,50,Adult,Male,USA,Basic,Cartoon,6,Smart TV,19.8,2022-04-06,2026-05-15,9,No
3881,Jonathan Miller,37,Adult,Male,UK,Basic,Horror,38,Mobile,10.4,2023-01-03,2026-02-02,9,No
3882,Jo Tucker,16,Kids,Female,UK,Basic,Drama,50,Laptop,12.35,2021-07-10,2026-04-09,33,No
3883,David Sherman,25,Adult,Female,France,Standard,Thriller,39,Laptop,8.32,2021-10-29,2026-02-12,29,No
3884,Kimberly Curtis,57,Adult,Female,France,Premium,Drama,50,Tablet,19.68,2021-11-16,2026-03-05,25,No
3885,James Tucker,53,Adult,Female,France,Basic,Fantasy,28,Laptop,15.86,2021-10-22,2026-04-13,44,Yes
3886,Mark Wood,52,Adult,Male,France,Premium,Action,15,Smart TV,8.67,2024-07-20,2026-02-27,15,Yes
3887,Eddie Clark,21,Adult,Female,Germany,Premium,Cartoon,45,Mobile,9.19,2023-07-24,2026-04-11,13,Yes
3888,Mark Garza,20,Adult,Male,Canada,Premium,Fantasy,14,Tablet,8.28,2021-07-14,2026-03-30,11,No
3889,James Clark,47,Adult,Male,Canada,Premium,Fantasy,36,Mobile,11.45,2024-04-16,2026-05-25,18,No
3890,Jo Tucker,36,Adult,Female,Canada,Standard,Action,43,Mobile,13.14,2021-08-06,2026-02-18,6,No
3891,Jonathan Wilson,69,Adult,Male,UK,Premium,Drama,49,Mobile,11.48,2024-05-31,2026-02-06,12,Yes
3892,Courtney Curtis,57,Adult,Male,France,Premium,Comedy,17,Smart TV,15.76,2021-01-16,2026-02-01,31,No
3893,Eddie Mendoza,62,Adult,Female,Germany,Basic,Horror,29,Smart TV,6.66,2023-10-23,2026-04-16,15,No
3894,Courtney Garza,63,Adult,Female,Australia,Premium,Family,6,Smart TV,13.31,2021-07-24,2026-06-03,8,No
3895,Jonathan Tucker,21,Adult,Female,Germany,Standard,Action,35,Tablet,9.23,2021-07-07,2026-02-13,20,Yes
3896,David Mendoza,5,Kids,Male,Germany,Premium,Comedy,29,Laptop,14.7,2022-09-05,2026-04-07,33,Yes
3897,Erik Wood,48,Adult,Female,UK,Basic,Family,19,Mobile,14.75,2025-01-25,2026-01-21,49,Yes
3898,David Garza,70,Adult,Male,Germany,Premium,Comedy,49,Tablet,15.46,2023-11-01,2026-03-18,26,No
3899,Erik Mendoza,44,Adult,Male,UK,Premium,Family,13,Tablet,7.7,2021-06-13,2026-05-17,37,No
3900,Timothy Sherman,44,Adult,Male,Australia,Basic,Fantasy,36,Mobile,9.12,2021-08-05,2026-01-05,49,Yes
3901,Eddie Mendoza,37,Adult,Male,USA,Standard,Drama,9,Smart TV,10.3,2022-12-24,2026-05-01,43,Yes
3902,Eddie Wood,50,Adult,Female,Canada,Basic,Horror,37,Laptop,11.26,2023-04-13,2026-03-31,43,No
3903,Erik Garza,32,Adult,Female,UK,Standard,Action,18,Tablet,14.26,2023-02-08,2026-03-02,41,No
3904,Erik Tucker,32,Adult,Female,USA,Premium,Family,39,Laptop,19.93,2023-07-25,2026-06-10,37,No
3905,Eddie Mendoza,47,Adult,Male,India,Standard,Documentary,46,Mobile,13.18,2024-10-10,2026-01-18,34,No
3906,Jonathan Wilson,18,Adult,Female,Canada,Premium,Family,46,Laptop,16.4,2024-04-16,2026-04-12,21,No
3907,James Tucker,51,Adult,Female,Canada,Premium,Thriller,47,Smart TV,8.53,2023-12-19,2026-05-29,48,Yes
3908,David Garza,66,Adult,Male,Australia,Basic,Comedy,44,Smart TV,5.7,2024-06-03,2026-05-21,19,No
3909,Jonathan Miller,5,Kids,Male,France,Premium,Thriller,22,Smart TV,8.04,2021-04-26,2026-04-14,15,Yes
3910,Mark Kramer,18,Adult,Male,Canada,Premium,Action,7,Tablet,14.43,2023-04-16,2026-02-07,41,Yes
3911,Jonathan Wilson,11,Kids,Male,France,Standard,Thriller,10,Mobile,12.9,2022-01-13,2026-03-19,31,Yes
3912,Kimberly Tucker,21,Adult,Female,Australia,Premium,Sci-Fi,18,Laptop,11.26,2024-11-16,2026-02-06,29,No
3913,Jonathan Wilson,32,Adult,Female,India,Premium,Fantasy,14,Mobile,5.09,2023-08-30,2026-05-04,24,Yes
3914,David Tucker,29,Adult,Female,France,Premium,Drama,12,Mobile,14.56,2024-10-22,2026-02-24,14,No
3915,Jonathan Garza,9,Kids,Female,France,Premium,Documentary,36,Tablet,5.76,2024-06-01,2026-05-07,34,Yes
3916,Mark Miller,39,Adult,Female,Germany,Basic,Drama,41,Smart TV,15.98,2021-03-06,2026-04-30,35,Yes
3917,Timothy Clark,40,Adult,Male,Germany,Standard,Family,34,Smart TV,10.91,2024-10-09,2026-03-04,1,No
3918,David Tucker,43,Adult,Female,India,Basic,Romance,5,Smart TV,9.04,2024-03-29,2026-02-23,21,Yes
3919,Eddie Garza,33,Adult,Female,USA,Premium,Horror,9,Tablet,15.44,2024-02-12,2026-01-08,42,No
3920,Timothy Curtis,37,Adult,Female,Canada,Standard,Sci-Fi,23,Tablet,13.89,2022-11-08,2026-02-28,11,No
3921,Mark Clark,24,Adult,Male,Canada,Standard,Fantasy,35,Tablet,6.76,2021-02-18,2026-06-06,41,Yes
3922,Jo Sherman,6,Kids,Male,Canada,Premium,Action,21,Smart TV,13.21,2022-02-24,2026-04-17,30,No
3923,Eddie Kramer,13,Kids,Female,France,Premium,Drama,20,Mobile,6.73,2021-07-05,2026-05-16,23,Yes
3924,Kimberly Mendoza,30,Adult,Male,India,Premium,Family,29,Smart TV,12.5,2023-11-09,2026-06-03,33,Yes
3925,Eddie Garza,49,Adult,Male,Germany,Premium,Animation,9,Laptop,6.02,2025-01-15,2026-01-14,26,Yes
3926,Courtney Wood,55,Adult,Male,India,Basic,Drama,20,Smart TV,9.23,2022-12-22,2026-03-26,40,Yes
3927,David Mendoza,17,Kids,Male,Canada,Standard,Documentary,40,Laptop,18.86,2021-03-08,2026-05-15,17,Yes
3928,Timothy Miller,20,Adult,Male,USA,Standard,Action,18,Smart TV,15.39,2021-12-06,2026-02-13,2,No
3929,Erik Kramer,52,Adult,Male,Germany,Premium,Sci-Fi,15,Mobile,18.25,2023-04-29,2026-04-05,48,Yes
3930,Mark Miller,41,Adult,Female,USA,Basic,Comedy,32,Tablet,14.2,2021-11-30,2026-02-04,20,No
3931,Jonathan Sherman,37,Adult,Female,France,Standard,Sci-Fi,10,Laptop,10.96,2023-01-11,2026-01-21,43,Yes
3932,Eddie Garza,66,Adult,Male,Germany,Standard,Romance,39,Mobile,16.76,2023-11-16,2026-04-25,21,Yes
3933,Mark Mendoza,63,Adult,Female,Germany,Premium,Fantasy,12,Mobile,18.69,2024-07-18,2026-05-06,39,No
3934,Mark Clark,16,Kids,Female,USA,Standard,Sci-Fi,18,Laptop,16.64,2022-06-03,2026-04-29,28,Yes
3935,James Wilson,12,Kids,Male,Australia,Basic,Comedy,27,Tablet,13.69,2022-03-10,2026-01-02,28,Yes
3936,Jonathan Garza,12,Kids,Female,Canada,Basic,Documentary,27,Smart TV,11.51,2023-12-24,2026-02-02,31,No
3937,David Miller,59,Adult,Male,Australia,Premium,Action,39,Smart TV,18.84,2024-08-24,2026-01-29,47,Yes
3938,Eddie Mendoza,11,Kids,Male,USA,Basic,Thriller,29,Tablet,12.67,2022-09-11,2026-01-24,4,No
3939,James Garza,6,Kids,Male,Germany,Basic,Fantasy,28,Smart TV,9.23,2021-07-23,2026-04-28,20,No
3940,David Curtis,45,Adult,Male,India,Standard,Fantasy,23,Mobile,12.62,2025-01-05,2026-02-07,2,Yes
3941,Eddie Wood,27,Adult,Male,Canada,Standard,Thriller,23,Tablet,6.65,2024-07-11,2026-02-20,4,Yes
3942,Jo Tucker,33,Adult,Male,France,Basic,Family,45,Tablet,7.76,2024-06-21,2026-01-19,19,Yes
3943,Mark Wood,37,Adult,Male,India,Standard,Family,30,Smart TV,19.89,2023-03-29,2026-03-10,26,No
3944,Jo Garza,59,Adult,Male,Australia,Standard,Sci-Fi,39,Tablet,13.38,2021-05-26,2026-03-29,22,No
3945,Erik Tucker,13,Kids,Male,Australia,Premium,Thriller,11,Tablet,6.31,2022-11-28,2026-02-19,26,No
3946,Jo Sherman,63,Adult,Male,UK,Basic,Drama,5,Mobile,15.5,2023-11-21,2026-01-12,50,Yes
3947,James Mendoza,61,Adult,Female,USA,Premium,Cartoon,15,Laptop,5.53,2021-11-30,2026-06-07,11,Yes
3948,Erik Clark,30,Adult,Male,France,Basic,Documentary,5,Laptop,8.15,2023-01-14,2026-05-28,17,Yes
3949,Timothy Curtis,41,Adult,Male,India,Standard,Romance,32,Tablet,9.38,2024-08-04,2026-01-28,28,No
3950,Courtney Clark,39,Adult,Male,India,Premium,Comedy,49,Smart TV,6.47,2023-03-02,2026-03-13,45,Yes
3951,Erik Tucker,57,Adult,Female,Australia,Standard,Cartoon,34,Mobile,8.34,2023-04-05,2026-02-14,4,No
3952,Jonathan Tucker,20,Adult,Female,Australia,Standard,Romance,22,Smart TV,19.35,2022-05-01,2026-04-17,35,Yes
3953,David Mendoza,22,Adult,Male,Australia,Standard,Animation,12,Tablet,5.61,2023-02-14,2026-01-11,8,Yes
3954,Kimberly Mendoza,18,Adult,Female,Germany,Basic,Documentary,27,Mobile,14.09,2023-02-14,2026-04-14,22,No
3955,David Sherman,60,Adult,Female,UK,Standard,Romance,26,Tablet,12.82,2024-04-08,2026-06-02,35,No
3956,James Wilson,18,Adult,Male,India,Standard,Documentary,49,Mobile,7.16,2022-06-05,2026-01-30,2,Yes
3957,Kimberly Wilson,66,Adult,Female,Australia,Basic,Romance,7,Mobile,6.46,2023-11-26,2026-05-13,33,No
3958,Erik Wilson,10,Kids,Female,Australia,Standard,Sci-Fi,23,Tablet,8.59,2022-07-06,2026-04-13,37,No
3959,Jonathan Tucker,16,Kids,Female,Australia,Standard,Sci-Fi,42,Mobile,15.52,2024-06-18,2026-02-17,19,Yes
3960,Courtney Sherman,53,Adult,Male,Canada,Premium,Romance,49,Laptop,6.65,2022-01-05,2026-04-30,13,No
3961,Kimberly Kramer,28,Adult,Female,France,Standard,Drama,41,Smart TV,19.99,2024-04-05,2026-03-24,30,Yes
3962,James Clark,52,Adult,Female,UK,Basic,Family,18,Mobile,5.54,2024-06-23,2026-06-10,34,Yes
3963,Timothy Curtis,13,Kids,Female,UK,Premium,Horror,29,Mobile,12.9,2021-09-06,2026-05-01,10,Yes
3964,Eddie Sherman,36,Adult,Female,Germany,Basic,Family,10,Smart TV,6.1,2024-05-25,2026-03-25,20,Yes
3965,Courtney Tucker,38,Adult,Female,Australia,Basic,Horror,46,Laptop,10.64,2024-11-19,2026-02-12,25,No
3966,Jo Curtis,59,Adult,Female,Germany,Basic,Documentary,45,Smart TV,7.59,2024-07-23,2026-05-29,30,No
3967,Kimberly Tucker,17,Kids,Male,USA,Standard,Cartoon,31,Laptop,15.82,2023-03-07,2026-06-03,29,Yes
3968,Timothy Clark,55,Adult,Female,USA,Standard,Fantasy,22,Tablet,13.38,2022-05-25,2026-05-14,30,Yes
3969,Jo Sherman,54,Adult,Female,France,Standard,Cartoon,28,Tablet,9.71,2024-11-12,2026-04-13,16,No
3970,James Mendoza,61,Adult,Male,France,Basic,Animation,16,Tablet,11.98,2022-03-30,2026-01-29,15,Yes
3971,David Garza,39,Adult,Male,UK,Standard,Horror,47,Mobile,19.29,2021-04-24,2026-03-25,15,Yes
3972,Eddie Sherman,60,Adult,Male,USA,Premium,Thriller,20,Tablet,6.93,2023-04-07,2026-05-25,7,Yes
3973,Timothy Curtis,47,Adult,Male,France,Basic,Documentary,24,Tablet,8.14,2023-10-07,2026-04-01,13,No
3974,Kimberly Kramer,7,Kids,Female,USA,Basic,Family,22,Laptop,11.6,2024-12-04,2026-01-26,24,No
3975,Kimberly Sherman,55,Adult,Female,Canada,Premium,Fantasy,23,Laptop,16.67,2023-04-16,2026-05-06,18,Yes
3976,Kimberly Mendoza,48,Adult,Female,UK,Premium,Cartoon,28,Laptop,5.37,2022-11-16,2026-01-31,17,No
3977,David Sherman,44,Adult,Female,Germany,Basic,Romance,7,Mobile,16.64,2023-05-14,2026-03-27,11,No
3978,Kimberly Wood,42,Adult,Male,Canada,Standard,Documentary,14,Smart TV,17.37,2022-04-24,2026-02-16,29,Yes
3979,Jo Wilson,40,Adult,Female,UK,Basic,Horror,33,Mobile,5.02,2024-12-26,2026-04-27,38,Yes
3980,Mark Garza,70,Adult,Male,Germany,Basic,Fantasy,6,Mobile,19.39,2023-10-26,2026-03-03,42,No
3981,Timothy Mendoza,21,Adult,Male,Germany,Premium,Sci-Fi,5,Tablet,10.14,2023-06-25,2026-03-17,44,Yes
3982,Jo Kramer,50,Adult,Female,Germany,Standard,Horror,46,Laptop,11.76,2023-03-31,2026-03-26,40,Yes
3983,Eddie Clark,10,Kids,Male,Germany,Standard,Action,5,Smart TV,11.24,2024-03-25,2026-03-18,11,No
3984,Kimberly Wood,47,Adult,Female,Canada,Basic,Family,39,Laptop,6.3,2023-09-26,2026-03-20,4,Yes
3985,James Tucker,50,Adult,Male,France,Premium,Cartoon,5,Mobile,10.38,2024-04-28,2026-05-15,41,Yes
3986,Jonathan Kramer,31,Adult,Male,Australia,Basic,Comedy,38,Smart TV,13.8,2023-12-13,2026-01-19,38,No
3987,Courtney Clark,68,Adult,Female,USA,Standard,Comedy,5,Mobile,8.28,2025-01-31,2026-03-05,47,No
3988,Timothy Kramer,67,Adult,Female,Canada,Basic,Romance,34,Laptop,8.51,2024-03-27,2026-05-24,32,No
3989,James Wilson,67,Adult,Male,Germany,Standard,Family,8,Tablet,14.18,2022-04-01,2026-01-25,38,No
3990,David Tucker,28,Adult,Male,Australia,Premium,Sci-Fi,17,Smart TV,19.51,2021-10-07,2026-01-20,12,No
3991,Jo Sherman,28,Adult,Female,Canada,Basic,Comedy,18,Tablet,7.2,2023-10-25,2026-02-12,48,Yes
3992,Erik Miller,26,Adult,Female,USA,Premium,Action,42,Smart TV,17.1,2023-02-13,2026-02-18,6,Yes
3993,Jonathan Clark,20,Adult,Female,Canada,Basic,Cartoon,49,Smart TV,5.55,2024-10-06,2026-05-24,4,Yes
3994,David Clark,25,Adult,Female,USA,Premium,Family,47,Mobile,12.1,2021-03-18,2026-04-06,8,No
3995,Erik Wilson,19,Adult,Female,India,Premium,Sci-Fi,8,Tablet,8.08,2022-01-27,2026-04-07,2,Yes
3996,Courtney Miller,15,Kids,Male,USA,Standard,Action,32,Laptop,5.88,2022-07-20,2026-03-11,19,Yes
3997,Courtney Curtis,49,Adult,Male,UK,Basic,Cartoon,47,Smart TV,18.14,2023-03-24,2026-03-27,16,Yes
3998,Jo Tucker,37,Adult,Male,France,Basic,Action,9,Mobile,9.3,2022-06-25,2026-05-24,15,No
3999,Timothy Kramer,70,Adult,Male,Canada,Basic,Cartoon,37,Laptop,13.21,2023-10-29,2026-05-06,25,No
4000,Mark Kramer,53,Adult,Male,France,Standard,Action,5,Tablet,18.05,2024-08-04,2026-03-17,16,Yes
